Const,Your Rating,Date Rated,Title,Original Title,URL,Title Type,IMDb Rating,Runtime (mins),Year,Genres,Num Votes,Release Date,Directors
tt0838221,7,2026-08-08,"The Darjeeling Limited","The Darjeeling Limited",https://www.imdb.com/title/tt0838221,Movie,7.2,91,2007,"Adventure, Drama, Comedy",237730,"2007-10-26","Wes Anderson"
tt0825232,7,2026-08-08,"The Bucket List","The Bucket List",https://www.imdb.com/title/tt0825232,Movie,7.3,97,2007,"Comedy, Drama, Adventure",274169,"2008-01-11","Rob Reiner"
tt19861162,7,2026-08-06,"The Return","The Return",https://www.imdb.com/title/tt19861162,Movie,6.3,116,2024,"History, Adventure, Drama",17054,"2024-12-06","Uberto Pasolini"
tt28093628,8,2026-08-04,"Common Side Effects","Common Side Effects",https://www.imdb.com/title/tt28093628,TV Series,8.5,,2024,"Animation, Comedy, Thriller, Drama",21456,"2025-02-02",
tt0433416,8,2026-08-03,"The Namesake","The Namesake",https://www.imdb.com/title/tt0433416,Movie,7.5,122,2006,"Drama",23068,"2007-04-06","Mira Nair"
tt0082783,8,2026-08-02,"My Dinner with Andre","My Dinner with Andre",https://www.imdb.com/title/tt0082783,Movie,7.6,110,1981,"Drama, Comedy",31013,"1981-10-11","Louis Malle"
tt0200071,4,2026-07-31,"Rosetta","Rosetta",https://www.imdb.com/title/tt0200071,Movie,7.4,95,1999,"Drama",17284,"1999-09-22","Jean-Pierre Dardenne,Luc Dardenne"
tt0480687,7,2026-07-22,"Hall Pass","Hall Pass",https://www.imdb.com/title/tt0480687,Movie,5.9,105,2011,"Comedy, Romance",137537,"2011-02-25","Bobby Farrelly,Peter Farrelly"
tt35309713,4,2026-07-12,"Citizen Vigilante","Citizen Vigilante",https://www.imdb.com/title/tt35309713,Movie,5.8,89,2026,"Thriller, Action, Crime",35237,"2026-06-19","Uwe Boll"
tt33332385,7,2026-07-10,"Widow's Bay","Widow's Bay",https://www.imdb.com/title/tt33332385,TV Series,8.1,40,2026,"Drama, Comedy, Horror",62906,"2026-04-29",
tt31014115,7,2026-07-07,"Light Shop","Jomyeonggage",https://www.imdb.com/title/tt31014115,TV Series,7.8,40,2024,"Drama, Mystery, Thriller, Horror",7322,"2024-12-04",
tt0366551,7,2026-07-03,"Harold & Kumar Go to White Castle","Harold & Kumar Go to White Castle",https://www.imdb.com/title/tt0366551,Movie,7.0,88,2004,"Comedy, Adventure",216018,"2004-07-30","Danny Leiner"
tt33100314,8,2026-07-03,"Remarkably Bright Creatures","Remarkably Bright Creatures",https://www.imdb.com/title/tt33100314,Movie,7.7,111,2026,"Drama, Comedy",45889,"2026-05-08","Olivia Newman"
tt33071426,7,2026-07-02,"The Drama","The Drama",https://www.imdb.com/title/tt33071426,Movie,7.1,105,2026,"Romance, Comedy, Drama",104891,"2026-04-03","Kristoffer Borgli"
tt26736843,7,2026-06-25,"The Watchers","The Watchers",https://www.imdb.com/title/tt26736843,Movie,5.7,102,2024,"Thriller, Horror, Mystery, Fantasy",72502,"2024-06-07","Ishana Shyamalan"
tt7315484,7,2026-06-25,"The Silence","The Silence",https://www.imdb.com/title/tt7315484,Movie,5.4,90,2019,"Horror, Thriller, Sci-Fi, Drama",56556,"2019-04-10","John R. Leonetti"
tt0367652,4,2026-06-24,"Deuce Bigalow: European Gigolo","Deuce Bigalow: European Gigolo",https://www.imdb.com/title/tt0367652,Movie,4.7,83,2005,"Comedy",56545,"2005-08-12","Mike Bigelow"
tt0115798,4,2026-06-23,"The Cable Guy","The Cable Guy",https://www.imdb.com/title/tt0115798,Movie,6.2,96,1996,"Comedy, Thriller, Drama",190760,"1996-06-14","Ben Stiller"
tt13872248,6,2026-06-22,"The Sadness","Ku bei",https://www.imdb.com/title/tt13872248,Movie,6.5,99,2021,"Horror, Thriller",27420,"2022-05-12","Rob Jabbaz"
tt7708226,6,2026-06-22,"Beast","Beast",https://www.imdb.com/title/tt7708226,Movie,5.8,114,2026,"Action, Drama, Sport",3533,"2026-04-10","Tyler Atkins"
tt1407064,8,2026-06-18,"Max Payne 3","Max Payne 3",https://www.imdb.com/title/tt1407064,Video Game,8.6,,2012,"Action, Crime, Thriller, Drama",12826,"2012-05-15","Sergei Kuprejanov"
tt12150836,7,2026-06-15,"Cells at Work! Code Black","Hataraku Saibo Black",https://www.imdb.com/title/tt12150836,TV Series,7.5,24,2021,"Animation, Action, Sci-Fi, Comedy, Fantasy, Horror, Mystery",966,"2021-01-08",
tt0425061,8,2026-06-15,"Get Smart","Get Smart",https://www.imdb.com/title/tt0425061,Movie,6.5,110,2008,"Action, Comedy, Adventure",239444,"2008-06-20","Peter Segal"
tt12042730,10,2026-06-10,"Project Hail Mary","Project Hail Mary",https://www.imdb.com/title/tt12042730,Movie,8.2,156,2026,"Sci-Fi, Adventure, Comedy, Drama",493664,"2026-03-20","Phil Lord,Christopher Miller"
tt2377322,6,2026-06-07,"Deliver Us from Evil","Deliver Us from Evil",https://www.imdb.com/title/tt2377322,Movie,6.2,118,2014,"Horror, Thriller, Mystery, Crime",91565,"2014-07-02","Scott Derrickson"
tt33538438,6,2026-06-07,"Maa Behen","Maa Behen",https://www.imdb.com/title/tt33538438,Movie,5.5,127,2026,"Comedy, Romance, Drama, Crime, Thriller",4644,"2026-06-04","Suresh Triveni"
tt30460310,7,2026-06-04,"Spider-Noir","Spider-Noir",https://www.imdb.com/title/tt30460310,TV Series,7.7,45,2026,"Action, Sci-Fi, Thriller, Adventure, Crime, Drama, Fantasy, Mystery",63333,"2026-05-25",
tt2870612,8,2026-06-03,"As Above, So Below","As Above, So Below",https://www.imdb.com/title/tt2870612,Movie,6.3,93,2014,"Thriller, Horror, Mystery, Adventure",132905,"2014-08-29","John Erick Dowdle"
tt0215129,7,2026-05-30,"Road Trip","Road Trip",https://www.imdb.com/title/tt0215129,Movie,6.5,93,2000,"Comedy",189861,"2000-05-19","Todd Phillips"
tt0212985,8,2026-05-28,"Hannibal","Hannibal",https://www.imdb.com/title/tt0212985,Movie,6.8,131,2001,"Crime, Drama, Thriller",315518,"2001-02-09","Ridley Scott"
tt12354406,8,2026-05-26,"Mafia: Definitive Edition","Mafia: Definitive Edition",https://www.imdb.com/title/tt12354406,Video Game,8.3,,2020,"Action, Crime, Drama",7144,"2020-09-25","Alex Cox"
tt2180443,6,2026-05-25,"Crayon Shin-chan: Fierceness That Invites Storm! The Battle of the Warring States","Kureyon Shinchan: Arashi o Yobu: Appare! Sengoku Daikassen",https://www.imdb.com/title/tt2180443,Movie,7.3,95,2002,"Animation, Adventure, Comedy, Family, Fantasy",751,"2002-04-20","Keiichi Hara"
tt11881160,7,2026-05-22,"Gaia","Gaia",https://www.imdb.com/title/tt11881160,Movie,5.6,96,2021,"Drama, Horror, Fantasy, Mystery",7893,"2021-06-18","Jaco Bouwer"
tt1125798,6,2026-05-22,"Call of Duty 4: Modern Warfare","Call of Duty 4: Modern Warfare",https://www.imdb.com/title/tt1125798,Video Game,9.0,,2007,"Action, Thriller",26949,"2007-11-05","Jason West"
tt35466672,7,2026-05-19,"Malcolm in the Middle: Life's Still Unfair","Malcolm in the Middle: Life's Still Unfair",https://www.imdb.com/title/tt35466672,TV Mini Series,6.8,,2026,"Comedy, Drama",18134,"2026-04-10",
tt6495056,6,2026-05-14,"Migration","Migration",https://www.imdb.com/title/tt6495056,Movie,6.6,83,2023,"Animation, Comedy, Family, Adventure",48127,"2023-12-22","Benjamin Renner,Guylo Homsy"
tt31193180,7,2026-05-14,"Sinners","Sinners",https://www.imdb.com/title/tt31193180,Movie,7.5,137,2025,"Horror",513065,"2025-04-18","Ryan Coogler"
tt0114563,6,2026-05-13,"Street Fighter II: The Animated Movie","Sutorîto faitâ tsû mûbî",https://www.imdb.com/title/tt0114563,Movie,7.2,102,1994,"Animation, Adventure, Fantasy, Sci-Fi, Action",11285,"1996-01-16","Gisaburô Sugii"
tt30017619,8,2026-05-08,"The Bad Guys 2","The Bad Guys 2",https://www.imdb.com/title/tt30017619,Movie,7.0,104,2025,"Animation, Adventure, Comedy, Crime, Family, Mystery, Action",30751,"2025-08-01","Pierre Perifel,JP Sans"
tt32612507,8,2026-05-08,"Lee Cronin's The Mummy","Lee Cronin's the Mummy",https://www.imdb.com/title/tt32612507,Movie,6.1,134,2026,"Horror",65147,"2026-04-17","Lee Cronin"
tt8115900,8,2026-05-07,"The Bad Guys","The Bad Guys",https://www.imdb.com/title/tt8115900,Movie,6.9,100,2022,"Animation, Adventure, Comedy, Crime, Family",81902,"2022-04-22","Pierre Perifel"
tt13028258,8,2026-05-06,"A Thursday","A Thursday",https://www.imdb.com/title/tt13028258,Movie,7.6,128,2022,"Drama, Thriller",27403,"2022-02-17","Behzad Khambata"
tt2562232,6,2026-05-05,"Birdman or (The Unexpected Virtue of Ignorance)","Birdman or (The Unexpected Virtue of Ignorance)",https://www.imdb.com/title/tt2562232,Movie,7.7,119,2014,"Comedy, Drama",701592,"2014-11-14","Alejandro G. Iñárritu"
tt22898462,7,2026-05-05,"The Conjuring: Last Rites","The Conjuring: Last Rites",https://www.imdb.com/title/tt22898462,Movie,6.2,135,2025,"Horror, Mystery, Thriller",107209,"2025-09-05","Michael Chaves"
tt11378946,6,2026-05-04,"Michael","Michael",https://www.imdb.com/title/tt11378946,Movie,7.4,127,2026,"Biography, Drama, Music, History",167647,"2026-04-24","Antoine Fuqua"
tt28102562,6,2026-05-03,"Thamma","Thamma",https://www.imdb.com/title/tt28102562,Movie,5.8,150,2025,"Comedy, Horror, Thriller",49586,"2025-10-21","Aditya Sarpotdar"
tt27995594,4,2026-05-03,"Munjya","Munjya",https://www.imdb.com/title/tt27995594,Movie,6.3,123,2024,"Comedy, Horror",29019,"2024-06-07","Aditya Sarpotdar"
tt5950044,6,2026-05-01,"Superman","Superman",https://www.imdb.com/title/tt5950044,Movie,7.0,129,2025,"Adventure, Sci-Fi, Action",435863,"2025-07-11","James Gunn"
tt1373156,9,2026-05-01,"Karthik Calling Karthik","Karthik Calling Karthik",https://www.imdb.com/title/tt1373156,Movie,7.2,135,2010,"Thriller, Drama, Mystery, Romance",16897,"2010-02-26","Vijay Lalwani"
tt26745657,8,2026-05-01,"Madgaon Express","Madgaon Express",https://www.imdb.com/title/tt26745657,Movie,7.0,143,2024,"Comedy, Drama",42919,"2024-03-22","Kunal Kemmu"
tt4024944,8,2026-05-01,"Main Aur Charles","Main Aur Charles",https://www.imdb.com/title/tt4024944,Movie,6.2,119,2015,"Biography, Crime, Action, Drama",1903,"2015-10-30","Prawaal Raman"
tt0412922,8,2026-04-30,"Little Manhattan","Little Manhattan",https://www.imdb.com/title/tt0412922,Movie,7.4,90,2005,"Comedy, Romance, Family",26066,"2006-01-05","Mark Levin"
tt4682266,7,2026-04-29,"The New Mutants","The New Mutants",https://www.imdb.com/title/tt4682266,Movie,5.3,94,2020,"Action, Sci-Fi, Horror, Mystery",102724,"2020-08-28","Josh Boone"
tt0455944,7,2026-04-28,"The Equalizer","The Equalizer",https://www.imdb.com/title/tt0455944,Movie,7.3,132,2014,"Thriller, Action, Crime",470368,"2014-09-26","Antoine Fuqua"
tt6791096,6,2026-04-24,"I Feel Pretty","I Feel Pretty",https://www.imdb.com/title/tt6791096,Movie,5.7,110,2018,"Comedy, Romance",61016,"2018-04-20","Abby Kohn,Marc Silverstein"
tt8339682,8,2026-04-24,"Shadow of the Tomb Raider","Shadow of the Tomb Raider",https://www.imdb.com/title/tt8339682,Video Game,8.0,,2018,"Action, Adventure, Fantasy, Thriller",8747,"2018-09-14","Remi Lacoste,Daniel Chayer,Wilson Mui"
tt32323252,7,2026-04-23,"Christy","Christy",https://www.imdb.com/title/tt32323252,Movie,6.6,135,2025,"Biography, Drama, Sport, History",18486,"2025-11-07","David Michôd"
tt30955489,8,2026-04-23,"Until Dawn","Until Dawn",https://www.imdb.com/title/tt30955489,Movie,5.7,103,2025,"Horror, Drama, Mystery",70447,"2025-04-25","David F. Sandberg"
tt38980285,7,2026-04-22,"The Darwin Incident","Darwin Jihen",https://www.imdb.com/title/tt38980285,TV Series,7.1,,2025,"Animation, Action, Drama, Mystery, Sci-Fi, Thriller, Romance",831,"2026-01-06",
tt9139220,7,2026-04-21,"Dracula","Dracula",https://www.imdb.com/title/tt9139220,TV Mini Series,6.8,90,2020,"Horror, Drama, Fantasy, Thriller, Action",58140,"2020-01-04",
tt3612274,7,2026-04-18,"Titanfall 2","Titanfall 2",https://www.imdb.com/title/tt3612274,Video Game,8.5,,2016,"Action, Sci-Fi, War, Adventure",6022,"2016-10-28","Steve Fukuda"
tt0103874,8,2026-04-18,"Dracula","Bram Stoker's Dracula",https://www.imdb.com/title/tt0103874,Movie,7.4,128,1992,"Fantasy, Romance, Horror",269802,"1992-11-13","Francis Ford Coppola"
tt2243537,7,2026-04-16,"A Haunted House","A Haunted House",https://www.imdb.com/title/tt2243537,Movie,5.1,86,2013,"Comedy, Fantasy, Horror",55572,"2013-01-11","Michael Tiddes"
tt20234774,7,2026-04-16,"Wicked Little Letters","Wicked Little Letters",https://www.imdb.com/title/tt20234774,Movie,7.0,100,2023,"Comedy, History, Mystery, Crime, Drama, Biography",45897,"2024-04-05","Thea Sharrock"
tt0361748,10,2026-04-13,"Inglourious Basterds","Inglourious Basterds",https://www.imdb.com/title/tt0361748,Movie,8.4,153,2009,"War, Drama",1807486,"2009-08-21","Quentin Tarantino"
tt33244668,4,2026-04-13,"Anaconda","Anaconda",https://www.imdb.com/title/tt33244668,Movie,5.5,99,2025,"Comedy, Action, Adventure",70980,"2025-12-25","Tom Gormican"
tt13652142,7,2026-04-10,"Magazine Dreams","Magazine Dreams",https://www.imdb.com/title/tt13652142,Movie,7.0,123,2023,"Drama",8024,"2025-03-21","Elijah Bynum"
tt0436451,7,2026-04-09,"Jo Bole So Nihaal","Jo Bole So Nihaal",https://www.imdb.com/title/tt0436451,Movie,3.7,125,2005,"Action, Comedy, Thriller",905,"2005-05-13","Rahul Rawail"
tt1979388,10,2026-04-09,"The Good Dinosaur","The Good Dinosaur",https://www.imdb.com/title/tt1979388,Movie,6.7,93,2015,"Animation, Comedy, Family, Adventure, Drama, Fantasy, Action",141623,"2015-11-25","Peter Sohn"
tt14913282,7,2026-04-05,"I Like Movies","I Like Movies",https://www.imdb.com/title/tt14913282,Movie,6.8,99,2022,"Comedy, Drama",5499,"2024-11-01","Chandler Levack"
tt0481536,7,2026-04-05,"Harold & Kumar Escape from Guantanamo Bay","Harold & Kumar Escape from Guantanamo Bay",https://www.imdb.com/title/tt0481536,Movie,6.5,102,2008,"Comedy, Adventure",146540,"2008-04-25","Jon Hurwitz,Hayden Schlossberg"
tt1007028,6,2026-04-04,"Zack and Miri Make a Porno","Zack and Miri Make a Porno",https://www.imdb.com/title/tt1007028,Movie,6.5,101,2008,"Comedy, Romance",187210,"2008-10-31","Kevin Smith"
tt4680182,4,2026-04-04,"Colossal","Colossal",https://www.imdb.com/title/tt4680182,Movie,6.2,109,2016,"Comedy, Sci-Fi, Fantasy, Drama, Horror",75455,"2017-04-21","Nacho Vigalondo"
tt1979320,9,2026-04-03,"Rush","Rush",https://www.imdb.com/title/tt1979320,Movie,8.1,123,2013,"Biography, Sport, Drama",564195,"2013-09-27","Ron Howard"
tt0207201,7,2026-04-03,"What Women Want","What Women Want",https://www.imdb.com/title/tt0207201,Movie,6.5,127,2000,"Romance, Comedy, Fantasy",239937,"2000-12-15","Nancy Meyers"
tt8599532,8,2026-04-01,"Young Sherlock","Young Sherlock",https://www.imdb.com/title/tt8599532,TV Series,7.5,50,2026,"Action, Adventure, Mystery, Drama, Comedy",33080,"2026-03-04",
tt0448206,9,2026-03-31,"Bunty Aur Babli","Bunty Aur Babli",https://www.imdb.com/title/tt0448206,Movie,6.3,170,2005,"Romance, Comedy, Drama",9307,"2005-05-27","Shaad Ali"
tt3791072,8,2026-03-30,"Rise of the Tomb Raider","Rise of the Tomb Raider",https://www.imdb.com/title/tt3791072,Video Game,8.4,,2015,"Adventure, Action, Fantasy, Thriller",13580,"2015-11-10","Neil Huxley,Wilson Mui"
tt1255919,6,2026-03-28,"Holmes & Watson","Holmes & Watson",https://www.imdb.com/title/tt1255919,Movie,4.0,90,2018,"Comedy, Mystery, Crime",42656,"2018-12-25","Etan Cohen"
tt4169250,6,2026-03-27,"M.S. Dhoni: The Untold Story","M.S. Dhoni: The Untold Story",https://www.imdb.com/title/tt4169250,Movie,8.0,184,2016,"Biography, Sport, Drama",76825,"2016-09-30","Neeraj Pandey"
tt3863552,7,2026-03-27,"Bajrangi Bhaijaan","Bajrangi Bhaijaan",https://www.imdb.com/title/tt3863552,Movie,8.1,163,2015,"Comedy, Drama, Adventure",112818,"2015-07-17","Kabir Khan"
tt10280296,9,2026-03-27,"Sardar Udham","Sardar Udham",https://www.imdb.com/title/tt10280296,Movie,8.3,164,2021,"Crime, Drama, History",51118,"2021-10-16","Shoojit Sircar"
tt12393526,8,2026-03-27,"Bulbbul","Bulbbul",https://www.imdb.com/title/tt12393526,Movie,6.6,94,2020,"Horror, Drama, Mystery",16815,"2020-06-24","Anvita Dutt"
tt1172587,8,2026-03-26,"Delhi Safari","Delhi Safari",https://www.imdb.com/title/tt1172587,Movie,5.6,96,2012,"Animation, Musical, Comedy, Adventure, Drama, Family, Fantasy",2268,"2012-12-07","Nikkhil Advani"
tt0389790,8,2026-03-25,"Bee Movie","Bee Movie",https://www.imdb.com/title/tt0389790,Movie,6.1,91,2007,"Animation, Comedy, Family, Adventure, Drama, Romance",199563,"2007-11-02","Steve Hickner,Simon J. Smith"
tt1797530,7,2026-03-24,"Tomb Raider","Tomb Raider",https://www.imdb.com/title/tt1797530,Video Game,8.7,,2013,"Action, Adventure, Fantasy, Thriller, Drama, Sci-Fi, Horror",24271,"2013-03-05","Noah Hughes"
tt5304992,7,2026-03-23,"Set It Up","Set It Up",https://www.imdb.com/title/tt5304992,Movie,6.5,105,2018,"Comedy, Romance",77227,"2018-06-15","Claire Scanlon"
tt3450650,5,2026-03-23,"Paul Blart: Mall Cop 2","Paul Blart: Mall Cop 2",https://www.imdb.com/title/tt3450650,Movie,4.5,94,2015,"Comedy, Action, Crime, Family",45337,"2015-04-17","Andy Fickman"
tt10721170,7,2026-03-22,"Blair Witch","Blair Witch",https://www.imdb.com/title/tt10721170,Video Game,6.6,,2019,"Horror, Mystery, Thriller",946,"2019-08-30",
tt15428940,7,2026-03-21,"Jules","Jules",https://www.imdb.com/title/tt15428940,Movie,6.8,87,2023,"Drama, Comedy, Sci-Fi",19615,"2023-08-11","Marc Turtletaub"
tt39139925,8,2026-03-21,"Dhurandhar: The Revenge","Dhurandhar: The Revenge",https://www.imdb.com/title/tt39139925,Movie,8.2,235,2026,"Action, Thriller, Crime",69004,"2026-03-19","Aditya Dhar"
tt1392190,8,2026-03-20,"Mad Max: Fury Road","Mad Max: Fury Road",https://www.imdb.com/title/tt1392190,Movie,8.1,120,2015,"Action, Adventure, Sci-Fi",1215808,"2015-05-15","George Miller"
tt1092005,8,2026-03-20,"Golmaal Returns","Golmaal Returns",https://www.imdb.com/title/tt1092005,Movie,5.3,135,2008,"Comedy, Crime, Mystery",10688,"2008-10-29","Rohit Shetty"
tt31898201,10,2026-03-20,"Khauf","Khauf",https://www.imdb.com/title/tt31898201,TV Series,7.4,,2025,"Horror, Thriller, Drama",6071,"2025-04-18",
tt0815244,6,2026-03-18,"Sydney White","Sydney White",https://www.imdb.com/title/tt0815244,Movie,6.2,108,2007,"Comedy, Romance, Drama",55069,"2007-09-21","Joe Nussbaum"
tt0213890,6,2026-03-18,"Mohabbatein","Mohabbatein",https://www.imdb.com/title/tt0213890,Movie,7.1,216,2000,"Musical, Romance, Drama",37691,"2000-10-27","Aditya Chopra"
tt0136352,6,2026-03-18,"Koyla","Koyla",https://www.imdb.com/title/tt0136352,Movie,6.2,166,1997,"Musical, Romance, Thriller, Drama, Action",10811,"1997-04-18","Rakesh Roshan"
tt2461132,7,2026-03-18,"Happy New Year","Happy New Year",https://www.imdb.com/title/tt2461132,Movie,5.1,180,2014,"Action, Comedy, Music, Drama",44898,"2014-10-24","Farah Khan"
tt2176013,5,2026-03-18,"Jab Tak Hai Jaan","Jab Tak Hai Jaan",https://www.imdb.com/title/tt2176013,Movie,6.7,176,2012,"Romance, Drama",63036,"2012-11-13","Yash Chopra"
tt0211934,10,2026-03-18,"Baadshah","Baadshah",https://www.imdb.com/title/tt0211934,Movie,6.9,175,1999,"Thriller, Comedy, Romance, Crime, Action",22150,"1999-08-27","Abbas Alibhai Burmawalla,Mastan Alibhai Burmawalla"
tt1039989,7,2026-03-18,"Sunday","Sunday",https://www.imdb.com/title/tt1039989,Movie,5.5,135,2008,"Thriller, Comedy, Action, Mystery",3472,"2008-01-25","Rohit Shetty"
tt18813694,6,2026-03-17,"Jahaan","Jahaan",https://www.imdb.com/title/tt18813694,Short,7.0,13,2022,"Short, Drama",179,"2022-03-17","Celina John"
tt1341188,5,2026-03-17,"How Do You Know","How Do You Know",https://www.imdb.com/title/tt1341188,Movie,5.4,121,2010,"Comedy, Drama, Romance",57903,"2010-12-17","James L. Brooks"
tt2224317,7,2026-03-17,"Robber","Lootera",https://www.imdb.com/title/tt2224317,Movie,7.4,136,2013,"Romance, Drama",18361,"2013-07-05","Vikramaditya Motwane"
tt8011276,6,2026-03-15,"Laila Majnu","Laila Majnu",https://www.imdb.com/title/tt8011276,Movie,7.6,140,2018,"Drama, Romance",10190,"2018-09-07","Sajid Ali"
tt0443706,7,2026-03-14,"Zodiac","Zodiac",https://www.imdb.com/title/tt0443706,Movie,7.7,157,2007,"Drama, Thriller, Crime, Mystery",682606,"2007-03-02","David Fincher"
tt0209163,7,2026-03-14,"The Mummy Returns","The Mummy Returns",https://www.imdb.com/title/tt0209163,Movie,6.4,130,2001,"Fantasy, Thriller, Adventure, Action",369982,"2001-05-04","Stephen Sommers"
tt15940132,6,2026-03-11,"War Machine","War Machine",https://www.imdb.com/title/tt15940132,Movie,6.3,106,2026,"Action, Sci-Fi, Thriller",112692,"2026-03-06","Patrick Hughes"
tt31974288,6,2026-03-11,"Agatha Christie's Seven Dials","Agatha Christie's Seven Dials",https://www.imdb.com/title/tt31974288,TV Mini Series,6.2,55,2026,"Crime, Drama, Mystery, Thriller",27290,"2026-01-15",
tt12930350,6,2026-03-07,"My Spy: The Eternal City","My Spy: The Eternal City",https://www.imdb.com/title/tt12930350,Movie,5.7,112,2024,"Action, Comedy",12897,"2024-07-18","Peter Segal"
tt11743610,9,2026-03-05,"The Terminal List","The Terminal List",https://www.imdb.com/title/tt11743610,TV Series,7.9,60,2022,"Drama, Thriller, Action",128997,"2022-07-01",
tt33046197,5,2026-03-04,"The Wrecking Crew","The Wrecking Crew",https://www.imdb.com/title/tt33046197,Movie,6.4,124,2026,"Comedy, Action, Crime, Mystery",52841,"2026-01-28","Ángel Manuel Soto"
tt0995718,5,2026-03-04,"Ek Chalis Ki Last Local","Ek Chalis Ki Last Local",https://www.imdb.com/title/tt0995718,Movie,7.3,143,2007,"Drama, Adventure, Comedy, Crime",6008,"2007-05-18","Sanjay M. Khanduri"
tt2345759,7,2026-03-03,"The Mummy","The Mummy",https://www.imdb.com/title/tt2345759,Movie,5.4,110,2017,"Action, Adventure, Fantasy, Thriller, Horror",223893,"2017-06-09","Alex Kurtzman"
tt0120616,7,2026-03-02,"The Mummy","The Mummy",https://www.imdb.com/title/tt0120616,Movie,7.1,124,1999,"Fantasy, Action, Adventure",506402,"1999-05-07","Stephen Sommers"
tt20969586,5,2026-03-02,"Thunderbolts*","Thunderbolts*",https://www.imdb.com/title/tt20969586,Movie,7.1,127,2025,"Action, Adventure, Sci-Fi, Crime, Drama, Fantasy",294367,"2025-05-02","Jake Schreier"
tt8790086,7,2026-03-02,"Kraven the Hunter","Kraven the Hunter",https://www.imdb.com/title/tt8790086,Movie,5.5,127,2024,"Action, Thriller, Adventure",85308,"2024-12-13","J.C. Chandor"
tt8864596,8,2026-03-02,"Transformers One","Transformers One",https://www.imdb.com/title/tt8864596,Movie,7.6,104,2024,"Animation, Action, Adventure, Fantasy, Sci-Fi, Family",68043,"2024-09-20","Josh Cooley"
tt8242084,7,2026-02-26,"My Spy","My Spy",https://www.imdb.com/title/tt8242084,Movie,6.4,99,2020,"Action, Comedy",42472,"2020-06-26","Peter Segal"
tt16431870,6,2026-02-26,"The Family Plan","The Family Plan",https://www.imdb.com/title/tt16431870,Movie,6.3,118,2023,"Action, Comedy",65682,"2023-12-15","Simon Cellan Jones"
tt11214558,5,2026-02-26,"The Smashing Machine","The Smashing Machine",https://www.imdb.com/title/tt11214558,Movie,6.3,123,2025,"Biography, Drama, Action, Sport, History",76420,"2025-10-03","Benny Safdie"
tt0322259,7,2026-02-24,"2 Fast 2 Furious","2 Fast 2 Furious",https://www.imdb.com/title/tt0322259,Movie,6.0,107,2003,"Crime, Thriller, Action",327884,"2003-06-06","John Singleton"
tt0232500,8,2026-02-23,"The Fast and the Furious","The Fast and the Furious",https://www.imdb.com/title/tt0232500,Movie,6.8,106,2001,"Crime, Thriller, Action",462726,"2001-06-22","Rob Cohen"
tt31514262,6,2026-02-22,"Wild Wild Punjab","Wild Wild Punjab",https://www.imdb.com/title/tt31514262,Movie,6.2,109,2024,"Comedy, Romance",17785,"2024-07-10","Simarpreet Singh"
tt2788710,8,2026-02-20,"The Interview","The Interview",https://www.imdb.com/title/tt2788710,Movie,6.5,112,2014,"Comedy, Action, Adventure",378846,"2014-12-24","Evan Goldberg,Seth Rogen"
tt1954598,7,2026-02-19,"Ladies vs. Ricky Bahl","Ladies vs. Ricky Bahl",https://www.imdb.com/title/tt1954598,Movie,6.1,140,2011,"Comedy, Drama, Romance, Crime",11752,"2011-12-09","Maneesh Sharma"
tt1142988,6,2026-02-18,"The Ugly Truth","The Ugly Truth",https://www.imdb.com/title/tt1142988,Movie,6.4,96,2009,"Romance, Comedy",242831,"2009-07-24","Robert Luketic"
tt1282140,6,2026-02-18,"Easy A","Easy A",https://www.imdb.com/title/tt1282140,Movie,7.0,92,2010,"Comedy, Romance, Drama",446337,"2010-09-17","Will Gluck"
tt2234155,7,2026-02-16,"The Internship","The Internship",https://www.imdb.com/title/tt2234155,Movie,6.3,119,2013,"Comedy",228594,"2013-06-07","Shawn Levy"
tt0412142,10,2026-02-14,"House","House M.D.",https://www.imdb.com/title/tt0412142,TV Series,8.7,45,2004,"Drama",597752,"2004-11-16",
tt0970179,8,2026-02-14,"Hugo","Hugo",https://www.imdb.com/title/tt0970179,Movie,7.5,126,2011,"Adventure, Mystery, Drama, Fantasy, Family",350730,"2011-11-23","Martin Scorsese"
tt0899106,7,2026-02-13,"Love Happens","Love Happens",https://www.imdb.com/title/tt0899106,Movie,5.7,109,2009,"Drama, Romance",36080,"2009-09-18","Brandon Camp"
tt0463998,9,2026-02-12,"Freedom Writers","Freedom Writers",https://www.imdb.com/title/tt0463998,Movie,7.6,123,2007,"Drama, Crime, Biography",93345,"2007-01-05","Richard LaGravenese"
tt19356262,4,2026-02-10,"Drive-Away Dolls","Drive-Away Dolls",https://www.imdb.com/title/tt19356262,Movie,5.4,84,2024,"Comedy, Action, Thriller",29099,"2024-02-23","Ethan Coen"
tt0356150,6,2026-02-10,"EuroTrip","EuroTrip",https://www.imdb.com/title/tt0356150,Movie,6.6,92,2004,"Comedy",246405,"2004-02-20","Jeff Schaffer,Alec Berg,David Mandel"
tt3069758,10,2026-02-09,"Dabbe: The Possession","Dabbe: Cin Çarpmasi",https://www.imdb.com/title/tt3069758,Movie,6.8,134,2013,"Horror, Thriller",8909,"2013-08-02","Hasan Karacadag"
tt0118708,6,2026-02-09,"Beverly Hills Ninja","Beverly Hills Ninja",https://www.imdb.com/title/tt0118708,Movie,5.6,88,1997,"Comedy, Action",47296,"1997-01-17","Dennis Dugan"
tt6108090,7,2026-02-08,"Secret Superstar","Secret Superstar",https://www.imdb.com/title/tt6108090,Movie,7.7,150,2017,"Drama, Music",32550,"2017-10-18","Advait Chandan"
tt3567288,8,2026-02-06,"The Visit","The Visit",https://www.imdb.com/title/tt3567288,Movie,6.3,94,2015,"Horror, Thriller, Mystery",178143,"2015-09-11","M. Night Shyamalan"
tt9814116,8,2026-02-05,"Brave New World","Brave New World",https://www.imdb.com/title/tt9814116,TV Series,7.0,,2020,"Sci-Fi, Drama, Thriller",19386,"2020-07-15",
tt0758758,9,2026-02-05,"Into the Wild","Into the Wild",https://www.imdb.com/title/tt0758758,Movie,8.0,148,2007,"Drama, Adventure, Biography",698169,"2007-10-19","Sean Penn"
tt27489557,6,2026-02-05,"Abigail","Abigail",https://www.imdb.com/title/tt27489557,Movie,6.5,109,2024,"Thriller, Horror, Action, Comedy, Crime, Drama",122906,"2024-04-19","Matt Bettinelli-Olpin,Tyler Gillett"
tt0195002,8,2026-02-01,"Kaun?","Kaun?",https://www.imdb.com/title/tt0195002,Movie,7.8,90,1999,"Mystery, Horror, Thriller",6287,"1999-02-26","Ram Gopal Varma"
tt1985981,6,2026-02-01,"Desi Boyz","Desi Boyz",https://www.imdb.com/title/tt1985981,Movie,5.7,122,2011,"Comedy, Drama, Romance",16501,"2011-11-25","Rohit Dhawan"
tt7709638,5,2026-02-01,"Flatliners: The Ultimate Question","Flatliners: The Ultimate Question",https://www.imdb.com/title/tt7709638,Video,5.8,,2017,"Short, Sci-Fi",43,"2017-09-26",
tt0304415,8,2026-02-01,"Mona Lisa Smile","Mona Lisa Smile",https://www.imdb.com/title/tt0304415,Movie,6.6,117,2003,"Drama",100140,"2003-12-19","Mike Newell"
tt3416744,7,2026-01-31,"The End of the Tour","The End of the Tour",https://www.imdb.com/title/tt3416744,Movie,7.2,106,2015,"Drama, Biography",34939,"2015-08-14","James Ponsoldt"
tt0430922,6,2026-01-29,"Role Models","Role Models",https://www.imdb.com/title/tt0430922,Movie,6.8,99,2008,"Comedy",253004,"2008-11-07","David Wain"
tt29768334,10,2026-01-26,"Train Dreams","Train Dreams",https://www.imdb.com/title/tt29768334,Movie,7.5,102,2025,"Drama",112827,"2025-11-21","Clint Bentley"
tt1572311,10,2026-01-26,"Tees Maar Khan","Tees Maar Khan",https://www.imdb.com/title/tt1572311,Movie,3.1,135,2010,"Comedy, Crime",17359,"2010-12-24","Farah Khan"
tt1526323,6,2026-01-26,"Arya 2","Arya 2",https://www.imdb.com/title/tt1526323,Movie,7.5,155,2009,"Action, Romance, Comedy",8693,"2009-11-27","Sukumar"
tt20765060,6,2026-01-20,"Call of Duty: Modern Warfare II","Call of Duty: Modern Warfare II",https://www.imdb.com/title/tt20765060,Video Game,7.5,,2022,"Action, Adventure, Crime, Thriller",4633,"2022-10-28","Jeffrey Keith Negus"
tt3980364,9,2026-01-18,"Inside","Inside",https://www.imdb.com/title/tt3980364,Video Game,8.7,,2016,"Adventure, Horror, Sci-Fi, Mystery",6081,"2016-06-29","Arnt Jensen"
tt1754134,9,2026-01-18,"Limbo","Limbo",https://www.imdb.com/title/tt1754134,Video Game,8.2,,2010,"Horror, Adventure, Mystery",7520,"2010-08-21","Arnt Jensen"
tt0407304,9,2026-01-17,"War of the Worlds","War of the Worlds",https://www.imdb.com/title/tt0407304,Movie,6.6,117,2005,"Sci-Fi, Adventure, Action",511383,"2005-06-29","Steven Spielberg"
tt19364930,10,2026-01-13,"A Plague Tale: Requiem","A Plague Tale: Requiem",https://www.imdb.com/title/tt19364930,Video Game,8.5,,2022,"Adventure, Drama, History, Thriller, Action, Fantasy",3632,"2022-10-18","Kevin Choteau,Jason Baughan"
tt10671436,9,2026-01-07,"Barot House","Barot House",https://www.imdb.com/title/tt10671436,Movie,7.1,89,2019,"Thriller, Mystery",2179,"2019-08-07","Bugs Bhargava Krishna"
tt20215968,8,2026-01-06,"Hit Man","Hit Man",https://www.imdb.com/title/tt20215968,Movie,6.8,115,2023,"Comedy, Crime, Romance",133231,"2024-06-07","Richard Linklater"
tt35674970,9,2026-01-05,"Bhay: The Gaurav Tiwari Mystery","Bhay: The Gaurav Tiwari Mystery",https://www.imdb.com/title/tt35674970,TV Series,8.2,30,2025,"Horror, Drama",7899,"2025-12-12",
tt1312221,8,2026-01-04,"Frankenstein","Frankenstein",https://www.imdb.com/title/tt1312221,Movie,7.4,149,2025,"Horror, Sci-Fi, Drama, Fantasy",330882,"2025-11-07","Guillermo del Toro"
tt35521922,9,2026-01-01,"Good Boy","Good Boy",https://www.imdb.com/title/tt35521922,Movie,6.1,72,2025,"Horror, Thriller",36104,"2025-10-03","Ben Leonberg"
tt28630698,6,2026-01-01,"Call of Duty: Modern Warfare III","Call of Duty: Modern Warfare III",https://www.imdb.com/title/tt28630698,Video Game,5.5,,2023,"Action, Adventure, Crime, Thriller",2478,"2023-11-10","Corky Lehmkuhl,Tomek Suwalski,David Swenson"
tt29429860,6,2025-12-31,"Son of Sardaar 2","Son of Sardaar 2",https://www.imdb.com/title/tt29429860,Movie,4.0,145,2025,"Comedy",38655,"2025-08-01","Vijay Kumar Arora"
tt2178508,7,2025-12-31,"Son of Sardaar","Son of Sardaar",https://www.imdb.com/title/tt2178508,Movie,4.4,141,2012,"Action, Comedy, Romance",12304,"2012-11-13","Ashwani Dhir,Anil Devgan"
tt16968450,9,2025-12-23,"The Wonderful Story of Henry Sugar","The Wonderful Story of Henry Sugar",https://www.imdb.com/title/tt16968450,Short,7.4,40,2023,"Short, Adventure, Comedy, Drama",89845,"2023-09-27","Wes Anderson"
tt11286314,10,2025-12-20,"Don't Look Up","Don't Look Up",https://www.imdb.com/title/tt11286314,Movie,7.1,138,2021,"Comedy, Drama, Sci-Fi",677456,"2021-12-24","Adam McKay"
tt6824658,8,2025-12-20,"Call of Duty: WWII","Call of Duty: WWII",https://www.imdb.com/title/tt6824658,Video Game,7.7,,2017,"Action, War, Horror, Adventure, Thriller, Sci-Fi",9794,"2017-11-03","Michael Condrey,Glen A. Schofield,Dennis Adams,István Kovács,Bret Robbins"
tt1182908,6,2025-12-19,"Krazzy 4","Krazzy 4",https://www.imdb.com/title/tt1182908,Movie,4.3,110,2008,"Comedy, Crime, Drama, Thriller",2588,"2008-04-11","Jaideep Sen"
tt5013008,4,2025-12-15,"Fraud Saiyaan","Fraud Saiyaan",https://www.imdb.com/title/tt5013008,Movie,4.3,109,2019,"Comedy, Drama",975,"2019-01-18","Sourabh Shrivastava,Sirajuddin"
tt9531772,4,2025-12-14,"Sooryavanshi","Sooryavanshi",https://www.imdb.com/title/tt9531772,Movie,5.8,145,2021,"Action, Thriller, Drama, Crime",81518,"2021-11-05","Rohit Shetty"
tt1948150,6,2025-12-14,"Singham","Singham",https://www.imdb.com/title/tt1948150,Movie,6.8,143,2011,"Action, Drama, Crime",22666,"2011-07-22","Rohit Shetty"
tt7212726,6,2025-12-14,"Simmba","Simmba",https://www.imdb.com/title/tt7212726,Movie,5.5,158,2018,"Action, Drama, Crime",23863,"2018-12-28","Rohit Shetty,Sushma Sunam"
tt33307516,7,2025-12-12,"Kis Kisko Pyaar Karoon 2","Kis Kisko Pyaar Karoon 2",https://www.imdb.com/title/tt33307516,Movie,4.7,144,2025,"Comedy",4290,"2025-12-12","Anukalp Goswami"
tt27996020,8,2025-12-10,"Jolly LLB 3","Jolly LLB 3",https://www.imdb.com/title/tt27996020,Movie,6.4,157,2025,"Comedy, Drama",41662,"2025-09-19","Subhash Kapoor"
tt2436516,9,2025-12-08,"Go Goa Gone","Go Goa Gone",https://www.imdb.com/title/tt2436516,Movie,6.7,111,2013,"Comedy, Action, Adventure, Horror, Sci-Fi, Thriller",17334,"2013-05-10","Krishna D.K.,Raj Nidimoru"
tt3469244,7,2025-12-08,"Phantom","Phantom",https://www.imdb.com/title/tt3469244,Movie,6.0,136,2015,"Drama, Action, Thriller",10467,"2015-08-28","Kabir Khan"
tt33014583,9,2025-12-08,"Dhurandhar","Dhurandhar",https://www.imdb.com/title/tt33014583,Movie,8.2,214,2025,"Action, Crime, Thriller",148340,"2025-12-05","Aditya Dhar"
tt28500558,5,2025-12-07,"Silence 2: The Night Owl Bar Shootout","Silence 2: The Night Owl Bar Shootout",https://www.imdb.com/title/tt28500558,Movie,6.2,142,2024,"Crime, Drama, Thriller",2047,"2024-04-16","Aban Bharucha Deohans"
tt7853242,6,2025-12-06,"Love Per Square Foot","Love Per Square Foot",https://www.imdb.com/title/tt7853242,Movie,7.1,133,2018,"Comedy, Romance",9766,"2018-02-14","Anand Tiwari"
tt36375452,8,2025-12-06,"Jombieland","Pind Peya Saara Jombieland Baneya",https://www.imdb.com/title/tt36375452,Movie,5.8,128,2025,"Comedy",307,"2025-06-13","Deepak Thaper"
tt1239276,9,2025-12-05,"Rang Rasiya","Rang Rasiya",https://www.imdb.com/title/tt1239276,Movie,7.0,132,2008,"Drama, Biography, Romance, History",2166,"2014-11-07","Ketan Mehta"
tt30742355,5,2025-12-02,"Sunny Sanskari Ki Tulsi Kumari","Sunny Sanskari Ki Tulsi Kumari",https://www.imdb.com/title/tt30742355,Movie,5.1,134,2025,"Family, Romance, Comedy",25579,"2025-10-02","Shashank Khaitan"
tt0795351,7,2025-12-01,"Case 39","Case 39",https://www.imdb.com/title/tt0795351,Movie,6.2,109,2009,"Horror, Thriller, Mystery",99962,"2010-10-01","Christian Alvart"
tt3581920,7,2025-11-29,"The Last of Us","The Last of Us",https://www.imdb.com/title/tt3581920,TV Series,8.4,50,2023,"Adventure, Horror, Drama, Thriller, Sci-Fi, Action",745967,"2023-01-15",
tt31425731,5,2025-11-28,"Playdate","Playdate",https://www.imdb.com/title/tt31425731,Movie,5.5,93,2025,"Action, Comedy",30486,"2025-11-12","Luke Greenfield"
tt10463030,7,2025-11-24,"Bhoot: Part One - The Haunted Ship","Bhoot: Part One - The Haunted Ship",https://www.imdb.com/title/tt10463030,Movie,5.4,114,2020,"Horror, Mystery, Thriller",6104,"2020-02-21","Bhanu Pratap Singh"
tt0808306,7,2025-11-21,"Honeymoon Travels Pvt. Ltd.","Honeymoon Travels Pvt. Ltd.",https://www.imdb.com/title/tt0808306,Movie,6.1,118,2007,"Comedy, Romance, Drama",3184,"2007-02-23","Reema Kagti"
tt3971944,6,2025-11-13,"Goreyan Nu Daffa Karo","Goreyan Nu Daffa Karo",https://www.imdb.com/title/tt3971944,Movie,7.4,134,2014,"Comedy",1006,"2014-09-12","Pankaj Batra"
tt33395924,8,2025-11-13,"Mittran Da Challeya Truck Ni","Mittran Da Challeya Truck Ni",https://www.imdb.com/title/tt33395924,Movie,7.6,131,2024,"Comedy",1283,"2024-10-11","Rakesh Dhawan,Pawan Kumar"
tt12062432,8,2025-10-23,"Galwakdi","Galwakdi",https://www.imdb.com/title/tt12062432,Movie,6.3,130,2022,"Comedy, Drama, Romance",1203,"2022-04-08","Sharan Art,Arun Kumar Barnwal"
tt0451919,4,2025-10-20,"Socha Na Tha","Socha Na Tha",https://www.imdb.com/title/tt0451919,Movie,7.4,137,2005,"Romance, Comedy, Drama",8378,"2005-03-04","Imtiaz Ali"
tt1144804,5,2025-10-20,"Kambakkht Ishq","Kambakkht Ishq",https://www.imdb.com/title/tt1144804,Movie,3.9,142,2009,"Comedy, Romance, Action",8046,"2009-07-03","Sabbir Khan"
tt8983218,6,2025-10-19,"Shadaa","Shadaa",https://www.imdb.com/title/tt8983218,Movie,6.2,128,2019,"Comedy, Music, Romance",1215,"2019-06-21","Jagdeep Sidhu"
tt24653448,7,2025-10-19,"Sisters","Sisters",https://www.imdb.com/title/tt24653448,TV Mini Series,7.6,,2022,"Comedy",193,"2022-09-20",
tt1877691,7,2025-10-19,"Love Breakups Zindagi","Love Breakups Zindagi",https://www.imdb.com/title/tt1877691,Movie,5.9,156,2011,"Romance, Comedy, Drama",1166,"2011-10-07","Sahil Sangha"
tt29063558,7,2025-10-18,"Jatt & Juliet 3","Jatt & Juliet 3",https://www.imdb.com/title/tt29063558,Movie,5.3,135,2024,"Comedy, Romance",1944,"2024-09-19","Jagdeep Sidhu"
tt1620719,8,2025-10-18,"Dabangg","Dabangg",https://www.imdb.com/title/tt1620719,Movie,6.3,126,2010,"Action, Drama, Comedy, Crime",37565,"2010-09-10","Abhinav Kashyap"
tt0451833,7,2025-10-18,"No Entry","No Entry",https://www.imdb.com/title/tt0451833,Movie,6.6,158,2005,"Musical, Comedy, Drama, Romance",14186,"2005-08-26","Anees Bazmee"
tt0477252,9,2025-10-18,"36 China Town","36 China Town",https://www.imdb.com/title/tt0477252,Movie,5.8,140,2006,"Musical, Thriller, Comedy, Mystery, Drama",5946,"2006-05-05","Horse Babu,Abbas Alibhai Burmawalla,Mastan Alibhai Burmawalla,Himesh Reshammiya"
tt0306434,9,2025-10-18,"Aankhen","Aankhen",https://www.imdb.com/title/tt0306434,Movie,7.4,165,2002,"Crime, Drama, Thriller",14894,"2002-04-05","Vipul Amrutlal Shah"
tt2406676,7,2025-10-18,"Ek Thi Daayan","Ek Thi Daayan",https://www.imdb.com/title/tt2406676,Movie,5.8,135,2013,"Thriller, Horror, Romance",4999,"2013-04-18","Kannan Iyer"
tt1578116,7,2025-10-18,"Atithi Tum Kab Jaoge?","Atithi Tum Kab Jaoge?",https://www.imdb.com/title/tt1578116,Movie,6.5,155,2010,"Comedy",7980,"2010-03-05","Ashwani Dhir"
tt0476649,7,2025-10-18,"Darna Zaroori Hai","Darna Zaroori Hai",https://www.imdb.com/title/tt0476649,Movie,5.5,108,2005,"Horror, Comedy, Drama",2998,"2006-04-28","J.D. Chakravarthi,Manish Gupta,Sajid Khan,Jijy Philip,Prawaal Raman,Vivek Shah,Ram Gopal Varma"
tt0349333,6,2025-10-18,"Darna Mana Hai","Darna Mana Hai",https://www.imdb.com/title/tt0349333,Movie,6.3,121,2003,"Horror, Comedy, Drama, Thriller",4959,"2003-07-25","Prawaal Raman"
tt0443594,9,2025-10-18,"Naina","Naina",https://www.imdb.com/title/tt0443594,Movie,4.3,104,2005,"Horror, Drama, Mystery, Thriller",924,"2005-05-20","Shripal Morakhia"
tt0206921,5,2025-10-18,"Mann - Soul's Heart","Mann",https://www.imdb.com/title/tt0206921,Movie,6.2,160,1999,"Drama, Romance",6385,"1999-06-22","Indra Kumar"
tt30144839,6,2025-10-14,"One Battle After Another","One Battle After Another",https://www.imdb.com/title/tt30144839,Movie,7.6,161,2025,"Crime, Thriller",434759,"2025-09-26","Paul Thomas Anderson"
tt0289043,8,2025-10-13,"28 Days Later","28 Days Later",https://www.imdb.com/title/tt0289043,Movie,7.5,113,2002,"Sci-Fi, Thriller, Drama, Horror",553052,"2003-06-27","Danny Boyle"
tt2879552,8,2025-10-12,"11.22.63","11.22.63",https://www.imdb.com/title/tt2879552,TV Mini Series,8.0,60,2016,"Mystery, Sci-Fi, Thriller, Drama, Romance",125096,"2016-02-15",
tt32252772,9,2025-09-30,"Dexter: Original Sin","Dexter: Original Sin",https://www.imdb.com/title/tt32252772,TV Series,8.1,60,2024,"Crime, Drama, Mystery",69778,"2024-12-13",
tt35675668,10,2025-09-28,"Mad Unicorn","Songkhram Song Duan",https://www.imdb.com/title/tt35675668,TV Mini Series,8.4,60,2025,"Drama",2827,"2025-05-29",
tt0098635,5,2025-09-23,"When Harry Met Sally...","When Harry Met Sally...",https://www.imdb.com/title/tt0098635,Movie,7.7,95,1989,"Drama, Romance, Comedy",273944,"1989-07-21","Rob Reiner"
tt0443453,8,2025-09-18,"Borat","Borat: Cultural Learnings of America for Make Benefit Glorious Nation of Kazakhstan",https://www.imdb.com/title/tt0443453,Movie,7.4,84,2006,"Comedy",481457,"2006-11-03","Larry Charles"
tt13143964,9,2025-09-18,"Borat Subsequent Moviefilm","Borat Subsequent Moviefilm: Delivery of Prodigious Bribe to American Regime for Make Benefit Once Glorious Nation of Kazakhstan",https://www.imdb.com/title/tt13143964,Movie,6.6,95,2020,"Comedy",166234,"2020-10-23","Jason Woliner"
tt14513804,6,2025-09-09,"Captain America: Brave New World","Captain America: Brave New World",https://www.imdb.com/title/tt14513804,Movie,5.6,118,2025,"Action, Adventure, Sci-Fi",188450,"2025-02-14","Julius Onah"
tt7181546,6,2025-09-09,"Ballerina","Ballerina",https://www.imdb.com/title/tt7181546,Movie,6.8,124,2025,"Action, Thriller, Adventure, Crime, Drama",160075,"2025-06-06","Len Wiseman"
tt12908150,8,2025-09-07,"The Life of Chuck","The Life of Chuck",https://www.imdb.com/title/tt12908150,Movie,7.3,111,2024,"Drama, Fantasy, Sci-Fi",76614,"2025-06-13","Mike Flanagan"
tt2316411,6,2025-09-04,"Enemy","Enemy",https://www.imdb.com/title/tt2316411,Movie,6.8,91,2013,"Thriller, Mystery, Drama",243121,"2014-02-06","Denis Villeneuve"
tt4034228,7,2025-09-01,"Manchester by the Sea","Manchester by the Sea",https://www.imdb.com/title/tt4034228,Movie,7.8,137,2016,"Drama",360948,"2016-12-16","Kenneth Lonergan"
tt10623524,6,2025-08-31,"Chal Mera Putt","Chal Mera Putt",https://www.imdb.com/title/tt10623524,Movie,7.5,124,2019,"Drama, Comedy",3322,"2019-07-26","Janjot Singh"
tt0425123,7,2025-08-29,"Just Like Heaven","Just Like Heaven",https://www.imdb.com/title/tt0425123,Movie,6.7,95,2005,"Comedy, Romance, Fantasy, Drama",127704,"2005-09-16","Mark Waters"
tt26229612,7,2025-08-28,"The Diplomat","The Diplomat",https://www.imdb.com/title/tt26229612,Movie,7.0,130,2025,"Drama, Thriller",17029,"2025-03-14","Shivam Nair"
tt1637688,9,2025-08-28,"In Time","In Time",https://www.imdb.com/title/tt1637688,Movie,6.7,109,2011,"Sci-Fi, Thriller, Action",487009,"2011-10-28","Andrew Niccol"
tt28996126,6,2025-08-26,"Nobody 2","Nobody 2",https://www.imdb.com/title/tt28996126,Movie,6.3,89,2025,"Action, Comedy, Crime, Thriller",101302,"2025-08-15","Timo Tjahjanto"
tt30788842,8,2025-08-25,"Love Hurts","Love Hurts",https://www.imdb.com/title/tt30788842,Movie,5.3,83,2025,"Action, Comedy, Romance",18833,"2025-02-07","Jonathan Eusebio"
tt0278504,9,2025-08-22,"Insomnia","Insomnia",https://www.imdb.com/title/tt0278504,Movie,7.2,118,2002,"Mystery, Drama, Thriller",349152,"2002-05-24","Christopher Nolan"
tt16311594,8,2025-08-22,"F1: The Movie","F1",https://www.imdb.com/title/tt16311594,Movie,7.6,155,2025,"Sport, Drama",383777,"2025-06-27","Joseph Kosinski"
tt21842982,7,2025-08-18,"Moh","Moh",https://www.imdb.com/title/tt21842982,Movie,7.9,149,2022,"Romance",1193,"2022-09-16","Pawan Kumar,Kush Sethi,Diljot Singh,Jasveer Singh"
tt28153480,6,2025-08-14,"Vedaa","Vedaa",https://www.imdb.com/title/tt28153480,Movie,6.0,145,2024,"Action, Thriller, Drama",5049,"2024-08-15","Nikkhil Advani"
tt0160127,8,2025-07-28,"Charlie's Angels","Charlie's Angels",https://www.imdb.com/title/tt0160127,Movie,5.7,98,2000,"Adventure, Crime, Thriller, Comedy, Action",207469,"2000-11-03","McG"
tt2304933,8,2025-07-27,"The 5th Wave","The 5th Wave",https://www.imdb.com/title/tt2304933,Movie,5.2,112,2016,"Sci-Fi, Adventure, Thriller, Action",127235,"2016-01-22","J Blakeson"
tt2763304,7,2025-07-26,"T2 Trainspotting","T2 Trainspotting",https://www.imdb.com/title/tt2763304,Movie,7.1,117,2017,"Drama, Comedy, Crime",142314,"2017-03-31","Danny Boyle"
tt5726616,4,2025-07-26,"Call Me by Your Name","Call Me by Your Name",https://www.imdb.com/title/tt5726616,Movie,7.8,132,2017,"Drama, Romance",363017,"2018-01-19","Luca Guadagnino"
tt1022603,8,2025-07-22,"500 Days of Summer","(500) Days of Summer",https://www.imdb.com/title/tt1022603,Movie,7.6,95,2009,"Comedy, Drama, Romance",624637,"2009-08-07","Marc Webb"
tt1489887,8,2025-07-20,"Booksmart","Booksmart",https://www.imdb.com/title/tt1489887,Movie,7.1,102,2019,"Comedy",141331,"2019-05-24","Olivia Wilde"
tt0838232,6,2025-07-20,"The Pink Panther 2","The Pink Panther 2",https://www.imdb.com/title/tt0838232,Movie,5.6,92,2009,"Comedy, Mystery, Adventure, Crime, Action",52114,"2009-02-06","Harald Zwart"
tt28077172,7,2025-07-10,"The Summer","The Summer",https://www.imdb.com/title/tt28077172,Movie,6.9,61,2023,"Animation, Drama, Romance",120,"2023-06-07","Han Ji-won"
tt0383216,7,2025-07-09,"The Pink Panther","The Pink Panther",https://www.imdb.com/title/tt0383216,Movie,5.7,93,2006,"Comedy, Mystery, Crime, Adventure",99792,"2006-02-10","Shawn Levy"
tt1170399,7,2025-06-29,"C Kkompany","C Kkompany",https://www.imdb.com/title/tt1170399,Movie,5.6,127,2008,"Comedy, Drama, Crime",1538,"2008-08-29","Sachin Yardi"
tt27868101,6,2025-06-29,"Vadakkan","Vadakkan",https://www.imdb.com/title/tt27868101,Movie,6.0,112,2024,"Thriller, Horror, Fantasy",6135,"2025-03-07","Sajeed A"
tt0795421,5,2025-06-29,"Mamma Mia!","Mamma Mia!",https://www.imdb.com/title/tt0795421,Movie,6.5,108,2008,"Musical, Comedy, Romance",310248,"2008-07-18","Phyllida Lloyd"
tt15339570,7,2025-06-27,"Champions","Champions",https://www.imdb.com/title/tt15339570,Movie,6.8,124,2023,"Comedy, Drama, Sport",36873,"2023-03-10","Bobby Farrelly"
tt1620933,7,2025-06-27,"Paan Singh Tomar","Paan Singh Tomar",https://www.imdb.com/title/tt1620933,Movie,8.2,135,2012,"Crime, Biography, Sport, Action, Thriller",40351,"2012-03-02","Tigmanshu Dhulia"
tt0057413,4,2025-06-24,"The Pink Panther","The Pink Panther",https://www.imdb.com/title/tt0057413,Movie,7.0,115,1963,"Romance, Crime, Comedy",62210,"1964-03-18","Blake Edwards"
tt23804378,8,2025-06-14,"Three of Us","Three of Us",https://www.imdb.com/title/tt23804378,Movie,7.5,99,2022,"Drama, Romance",5615,"2023-11-03","Avinash Arun"
tt3173910,7,2025-06-13,"Hasee Toh Phasee","Hasee Toh Phasee",https://www.imdb.com/title/tt3173910,Movie,6.8,141,2014,"Romance, Comedy",17799,"2014-02-07","Vinil Mathew"
tt7068946,8,2025-06-08,"The Accountant 2","The Accountant 2",https://www.imdb.com/title/tt7068946,Movie,6.6,132,2025,"Thriller, Action, Crime, Drama, Mystery",134241,"2025-04-25","Gavin O'Connor"
tt3354378,9,2025-06-01,"Fighting Spirit: Mashiba vs. Kimura","Hajime no Ippo: Mashiba vs. Kimura",https://www.imdb.com/title/tt3354378,TV Movie,8.1,61,2003,"Animation, Action, Sport",1953,"2003-09-05","Hitoshi Nanba"
tt1787988,8,2025-05-24,"Talaash: The Answer Lies Within","Talaash",https://www.imdb.com/title/tt1787988,Movie,7.3,140,2012,"Thriller, Mystery, Crime, Drama",48927,"2012-11-30","Reema Kagti"
tt15374070,5,2025-05-21,"Studio 666","Studio 666",https://www.imdb.com/title/tt15374070,Movie,5.6,106,2022,"Horror, Comedy, Music",17116,"2022-02-25","BJ McDonnell"
tt8613070,7,2025-05-17,"Portrait of a Lady on Fire","Portrait de la jeune fille en feu",https://www.imdb.com/title/tt8613070,Movie,8.0,122,2019,"Drama, Romance",129300,"2020-02-14","Céline Sciamma"
tt3369806,7,2025-05-14,"Max","Max",https://www.imdb.com/title/tt3369806,Movie,6.6,111,2015,"Adventure, Family, Drama, War",31226,"2015-06-26","Boaz Yakin"
tt4772188,8,2025-05-12,"Flow","Straume",https://www.imdb.com/title/tt4772188,Movie,7.8,85,2024,"Animation, Adventure, Fantasy, Family",151938,"2025-02-14","Gints Zilbalodis"
tt5814060,6,2025-05-12,"The Nun","The Nun",https://www.imdb.com/title/tt5814060,Movie,5.4,96,2018,"Horror, Thriller, Mystery",198276,"2018-09-07","Corin Hardy"
tt1509732,6,2025-05-12,"Aisha","Aisha",https://www.imdb.com/title/tt1509732,Movie,5.1,126,2010,"Romance, Comedy, Drama",4650,"2010-08-06","Rajshree Ojha"
tt0250494,7,2025-05-11,"Legally Blonde","Legally Blonde",https://www.imdb.com/title/tt0250494,Movie,6.5,96,2001,"Romance, Comedy",291005,"2001-07-13","Robert Luketic"
tt13957560,9,2025-05-09,"Dumb Money","Dumb Money",https://www.imdb.com/title/tt13957560,Movie,6.8,105,2023,"Drama, Biography, Comedy",63862,"2023-09-29","Craig Gillespie"
tt0466460,8,2025-05-09,"Khosla Ka Ghosla!","Khosla Ka Ghosla!",https://www.imdb.com/title/tt0466460,Movie,8.2,135,2006,"Comedy, Crime, Drama",27391,"2006-09-22","Dibakar Banerjee,Pravin E. Birje"
tt1636826,6,2025-04-27,"Project X","Project X",https://www.imdb.com/title/tt1636826,Movie,6.7,88,2012,"Comedy, Thriller",260575,"2012-03-02","Nima Nourizadeh"
tt7214954,7,2025-03-31,"Luck","Luck",https://www.imdb.com/title/tt7214954,Movie,6.5,105,2022,"Animation, Adventure, Comedy, Family, Fantasy",36094,"2022-08-05","Peggy Holmes,Javier Abad"
tt0213847,7,2025-03-31,"Malena","Malèna",https://www.imdb.com/title/tt0213847,Movie,7.4,108,2000,"War, Romance, Drama",125854,"2001-02-02","Giuseppe Tornatore"
tt9288030,9,2025-03-30,"Reacher","Reacher",https://www.imdb.com/title/tt9288030,TV Series,8.0,50,2022,"Action, Crime, Drama, Thriller",300540,"2022-02-04",
tt0116282,6,2025-03-29,"Fargo","Fargo",https://www.imdb.com/title/tt0116282,Movie,8.1,98,1996,"Drama, Thriller, Crime",792547,"1996-04-05","Joel Coen,Ethan Coen"
tt13186482,7,2025-03-29,"Mufasa: The Lion King","Mufasa: The Lion King",https://www.imdb.com/title/tt13186482,Movie,6.6,118,2024,"Animation, Musical, Adventure, Drama, Family",84046,"2024-12-20","Barry Jenkins"
tt0340377,6,2025-03-29,"The Station Agent","The Station Agent",https://www.imdb.com/title/tt0340377,Movie,7.6,89,2003,"Comedy, Drama",81032,"2003-12-05","Tom McCarthy"
tt0451787,9,2025-03-28,"Kyon Ki...","Kyon Ki...",https://www.imdb.com/title/tt0451787,Movie,5.6,160,2005,"Drama, Romance",5410,"2005-11-03","Priyadarshan"
tt26741767,7,2025-03-27,"The Broken Table","The Broken Table",https://www.imdb.com/title/tt26741767,Short,7.7,24,2023,"Short, Drama",486,"2023-02-15","Chintan Sarda"
tt0450259,7,2025-03-19,"Blood Diamond","Blood Diamond",https://www.imdb.com/title/tt0450259,Movie,8.0,143,2006,"Drama, Adventure, Thriller",629204,"2006-12-08","Edward Zwick"
tt7142506,7,2025-03-19,"Sir","Sir",https://www.imdb.com/title/tt7142506,Movie,7.7,99,2018,"Drama, Romance",9701,"2020-11-13","Rohena Gera"
tt0371735,10,2025-03-12,"Hungama","Hungama",https://www.imdb.com/title/tt0371735,Movie,7.6,153,2003,"Comedy, Drama, Romance",19292,"2003-08-01","Priyadarshan"
tt1170404,8,2025-03-09,"Mere Baap Pehle Aap","Mere Baap Pehle Aap",https://www.imdb.com/title/tt1170404,Movie,5.6,163,2008,"Comedy, Drama, Romance",3245,"2008-06-13","Priyadarshan"
tt1729637,6,2025-03-09,"Bodyguard","Bodyguard",https://www.imdb.com/title/tt1729637,Movie,4.8,130,2011,"Romance, Action, Drama, Comedy",30928,"2011-08-31","Siddique"
tt12299608,8,2025-03-08,"Mickey 17","Mickey 17",https://www.imdb.com/title/tt12299608,Movie,6.7,137,2025,"Sci-Fi, Adventure, Fantasy, Comedy",257054,"2025-03-07","Bong Joon Ho"
tt15671028,6,2025-03-06,"No Hard Feelings","No Hard Feelings",https://www.imdb.com/title/tt15671028,Movie,6.3,103,2023,"Comedy, Romance",220162,"2023-06-23","Gene Stupnitsky"
tt27411674,10,2025-03-03,"Shekhar Home","Shekhar Home",https://www.imdb.com/title/tt27411674,TV Mini Series,7.9,,2024,"Drama, Crime, Mystery",13150,"2024-08-14",
tt0976026,6,2025-03-01,"Cheeni Kum","Cheeni Kum",https://www.imdb.com/title/tt0976026,Movie,6.8,140,2007,"Romance, Comedy, Drama",6037,"2007-05-25","R Balki"
tt1684562,7,2025-02-25,"The Fall Guy","The Fall Guy",https://www.imdb.com/title/tt1684562,Movie,6.8,126,2024,"Action, Drama, Comedy, Romance",271271,"2024-05-03","David Leitch"
tt0107048,7,2025-02-24,"Groundhog Day","Groundhog Day",https://www.imdb.com/title/tt0107048,Movie,8.0,101,1993,"Fantasy, Drama, Romance, Comedy",739215,"1993-02-12","Harold Ramis"
tt4495098,8,2025-02-22,"Gran Turismo","Gran Turismo",https://www.imdb.com/title/tt4495098,Movie,7.1,134,2023,"Action, Adventure, Drama, Sport",137819,"2023-08-25","Neill Blomkamp"
tt27431598,8,2025-02-16,"Bramayugam","Bramayugam",https://www.imdb.com/title/tt27431598,Movie,7.7,139,2024,"Horror, Thriller, Drama",18375,"2024-02-15","Rahul Sadasivan"
tt2246724,8,2025-02-15,"Ghanchakkar","Ghanchakkar",https://www.imdb.com/title/tt2246724,Movie,5.9,137,2013,"Comedy, Crime, Thriller",5594,"2013-07-03","Raj Kumar Gupta"
tt13146488,8,2025-02-13,"Peacemaker","Peacemaker",https://www.imdb.com/title/tt13146488,TV Series,8.2,40,2022,"Action, Comedy, Adventure, Sci-Fi, Crime, Fantasy, Drama",197110,"2022-01-13",
tt7713068,7,2025-02-11,"Birds of Prey and the Fantabulous Emancipation of One Harley Quinn","Birds of Prey (and the Fantabulous Emancipation of One Harley Quinn)",https://www.imdb.com/title/tt7713068,Movie,6.1,109,2020,"Action, Crime, Comedy",284399,"2020-02-07","Cathy Yan"
tt12226632,7,2025-02-09,"Big George Foreman","Big George Foreman",https://www.imdb.com/title/tt12226632,Movie,6.7,129,2023,"Biography, Drama, Sport",12918,"2023-04-28","George Tillman Jr."
tt0398165,7,2025-02-07,"The Longest Yard","The Longest Yard",https://www.imdb.com/title/tt0398165,Movie,6.4,113,2005,"Comedy, Sport, Crime",213055,"2005-05-27","Peter Segal"
tt11097240,7,2025-02-07,"Obliterated","Obliterated",https://www.imdb.com/title/tt11097240,TV Series,6.8,,2023,"Drama, Action, Comedy",24548,"2023-11-30",
tt14164730,8,2025-01-30,"Dexter: New Blood","Dexter: New Blood",https://www.imdb.com/title/tt14164730,TV Mini Series,8.0,60,2021,"Drama, Crime, Mystery",159793,"2021-11-07",
tt0129290,9,2025-01-29,"Patch Adams","Patch Adams",https://www.imdb.com/title/tt0129290,Movie,6.9,115,1998,"Biography, Romance, Drama, Comedy",131007,"1998-12-25","Tom Shadyac"
tt8398600,10,2025-01-27,"After Life","After Life",https://www.imdb.com/title/tt8398600,TV Series,8.4,30,2019,"Comedy, Drama",170612,"2019-03-08",
tt1058017,7,2025-01-27,"The Invention of Lying","The Invention of Lying",https://www.imdb.com/title/tt1058017,Movie,6.4,100,2009,"Comedy, Fantasy, Romance",157983,"2009-10-02","Ricky Gervais,Matthew Robinson"
tt26674818,7,2025-01-25,"Tatami","Tatami",https://www.imdb.com/title/tt26674818,Movie,7.4,105,2023,"Thriller, Drama, Sport, Action",3330,"2024-04-04","Zar Amir Ebrahimi,Guy Nattiv"
tt3767372,7,2025-01-21,"Piku","Piku",https://www.imdb.com/title/tt3767372,Movie,7.6,123,2015,"Drama, Comedy",37131,"2015-05-08","Shoojit Sircar"
tt5830220,8,2025-01-20,"Kriti","Kriti",https://www.imdb.com/title/tt5830220,Short,7.2,19,2016,"Short, Thriller, Mystery",1038,"2016-06-22","Shirish Kunder"
tt0446029,4,2025-01-20,"Scott Pilgrim vs. the World","Scott Pilgrim vs. the World",https://www.imdb.com/title/tt0446029,Movie,7.5,112,2010,"Action, Comedy, Romance, Fantasy",499418,"2010-08-13","Edgar Wright"
tt13309742,9,2025-01-17,"Blue Eye Samurai","Blue Eye Samurai",https://www.imdb.com/title/tt13309742,TV Series,8.7,45,2023,"Animation, Action, Adventure, Drama, Thriller, History",106142,"2023-11-03",
tt0805540,10,2025-01-12,"Fighting Spirit: Champion Road","Hajime no ippo - Champion road",https://www.imdb.com/title/tt0805540,TV Movie,8.1,90,2003,"Animation, Sport, Action, Comedy",2617,"2003-06-25","Satoshi Nishimura"
tt28288478,6,2025-01-08,"The Cage","La Cage",https://www.imdb.com/title/tt28288478,TV Series,6.5,45,2024,"Biography, Drama, Sport",3254,"2024-11-08",
tt0773262,9,2025-01-03,"Dexter","Dexter",https://www.imdb.com/title/tt0773262,TV Series,8.6,60,2006,"Crime, Drama, Mystery, Thriller",948332,"2006-10-01",
tt0360486,5,2025-01-02,"Constantine","Constantine",https://www.imdb.com/title/tt0360486,Movie,7.0,121,2005,"Fantasy, Horror, Action, Mystery",411445,"2005-02-18","Francis Lawrence"
tt0481256,10,2024-12-30,"Fighting Spirit","Hajime no Ippo",https://www.imdb.com/title/tt0481256,TV Series,8.8,30,2000,"Animation, Action, Comedy, Sport",19214,"2000-10-04",
tt31711040,8,2024-12-14,"Look Back","Rukku Bakku",https://www.imdb.com/title/tt31711040,Movie,7.8,58,2024,"Animation, Drama",23440,"2024-11-07","Kiyotaka Oshiyama"
tt0477348,7,2024-12-14,"No Country for Old Men","No Country for Old Men",https://www.imdb.com/title/tt0477348,Movie,8.2,122,2007,"Thriller, Crime, Drama",1205734,"2007-11-21","Ethan Coen,Joel Coen"
tt22022452,8,2024-12-09,"Inside Out 2","Inside Out 2",https://www.imdb.com/title/tt22022452,Movie,7.5,96,2024,"Animation, Adventure, Comedy, Drama, Family, Fantasy, Sport",257475,"2024-06-14","Kelsey Mann"
tt32501530,7,2024-12-03,"Call of Duty: Black Ops 6","Call of Duty: Black Ops 6",https://www.imdb.com/title/tt32501530,Video Game,7.2,,2024,"Action, War, Adventure, Crime, Drama, Horror, Thriller, Comedy",2430,"2024-10-25","Corky Lehmkuhl,Tomek Suwalski,Mikal Vega"
tt0884328,8,2024-12-03,"The Mist","The Mist",https://www.imdb.com/title/tt0884328,Movie,7.1,126,2007,"Horror, Sci-Fi, Thriller",378352,"2007-11-21","Frank Darabont"
tt13433802,7,2024-11-30,"A Quiet Place: Day One","A Quiet Place: Day One",https://www.imdb.com/title/tt13433802,Movie,6.2,99,2024,"Drama, Horror, Sci-Fi, Thriller",180955,"2024-06-28","Michael Sarnoski"
tt1434447,9,2024-11-20,"Rocket Singh: Salesman of the Year","Rocket Singh: Salesman of the Year",https://www.imdb.com/title/tt1434447,Movie,7.5,150,2009,"Comedy, Drama",25259,"2009-12-11","Shimit Amin"
tt0439572,6,2024-11-10,"The Flash","The Flash",https://www.imdb.com/title/tt0439572,Movie,6.6,144,2023,"Action, Adventure, Fantasy, Sci-Fi",250586,"2023-06-16","Andy Muschietti"
tt1596363,10,2024-11-07,"The Big Short","The Big Short",https://www.imdb.com/title/tt1596363,Movie,7.8,130,2015,"Drama, Biography, Comedy, History",544812,"2015-12-23","Adam McKay"
tt10245072,7,2024-11-04,"Salem's Lot","Salem's Lot",https://www.imdb.com/title/tt10245072,Movie,5.6,114,2024,"Horror, Thriller",42262,"2024-10-03","Gary Dauberman"
tt14099334,7,2024-11-03,"Bhediya","Bhediya",https://www.imdb.com/title/tt14099334,Movie,6.7,156,2022,"Comedy, Thriller, Horror",29301,"2022-11-25","Amar Kaushik,Manish Rana"
tt1884268,8,2024-11-02,"Chalo Dilli","Chalo Dilli",https://www.imdb.com/title/tt1884268,Movie,6.9,155,2011,"Comedy, Drama",3943,"2011-04-29","Shashant Shah"
tt23849204,9,2024-10-21,"12th Fail","12th Fail",https://www.imdb.com/title/tt23849204,Movie,8.7,147,2023,"Drama, Biography",175424,"2023-10-27","Vidhu Vinod Chopra"
tt14218830,8,2024-10-21,"Abbott Elementary","Abbott Elementary",https://www.imdb.com/title/tt14218830,TV Series,8.2,22,2021,"Comedy",54205,"2021-12-07",
tt1266020,10,2024-10-21,"Parks and Recreation","Parks and Recreation",https://www.imdb.com/title/tt1266020,TV Series,8.6,22,2009,"Comedy",317828,"2009-04-09",
tt19886242,6,2024-10-18,"Rorschach","Rorschach",https://www.imdb.com/title/tt19886242,Movie,6.9,150,2022,"Thriller, Action, Mystery",7786,"2022-10-07","Nissam Basheer"
tt5648202,9,2024-10-18,"Corporate","Corporate",https://www.imdb.com/title/tt5648202,TV Series,7.8,30,2018,"Comedy",4665,"2018-01-17",
tt2452242,9,2024-10-12,"Happy!","Happy!",https://www.imdb.com/title/tt2452242,TV Series,8.1,60,2017,"Fantasy, Comedy, Crime, Mystery, Thriller, Action",46024,"2017-12-06",
tt27510174,6,2024-10-10,"Stree 2","Stree 2: Sarkate Ka Aatank",https://www.imdb.com/title/tt27510174,Movie,6.9,147,2024,"Horror, Comedy",47251,"2024-08-16","Amar Kaushik"
tt6263850,10,2024-10-07,"Deadpool & Wolverine","Deadpool & Wolverine",https://www.imdb.com/title/tt6263850,Movie,7.5,128,2024,"Action, Comedy, Sci-Fi, Adventure",584190,"2024-07-26","Shawn Levy"
tt1596345,9,2024-10-05,"Pawn Sacrifice","Pawn Sacrifice",https://www.imdb.com/title/tt1596345,Movie,7.0,115,2014,"Drama, Biography, Sport, Thriller, History",54647,"2015-09-25","Edward Zwick"
tt1411238,6,2024-09-14,"No Strings Attached","No Strings Attached",https://www.imdb.com/title/tt1411238,Movie,6.2,108,2011,"Comedy, Romance",256362,"2011-01-21","Ivan Reitman"
tt3416742,7,2024-09-14,"What We Do in the Shadows","What We Do in the Shadows",https://www.imdb.com/title/tt3416742,Movie,7.6,86,2014,"Comedy, Horror",215006,"2015-02-13","Jemaine Clement,Taika Waititi"
tt1568346,8,2024-08-31,"The Girl with the Dragon Tattoo","The Girl with the Dragon Tattoo",https://www.imdb.com/title/tt1568346,Movie,7.8,158,2011,"Drama, Thriller, Crime, Mystery",531387,"2011-12-21","David Fincher"
tt6795176,8,2024-08-13,"Little Nightmares","Little Nightmares",https://www.imdb.com/title/tt6795176,Video Game,8.1,,2017,"Horror, Adventure, Fantasy",5412,"2017-04-28","Dennis Talajic"
tt7131622,6,2024-08-05,"Once Upon a Time in... Hollywood","Once Upon a Time in... Hollywood",https://www.imdb.com/title/tt7131622,Movie,7.6,161,2019,"Drama, Comedy",972572,"2019-07-26","Quentin Tarantino"
tt7908628,8,2024-07-30,"What We Do in the Shadows","What We Do in the Shadows",https://www.imdb.com/title/tt7908628,TV Series,8.5,30,2019,"Comedy, Fantasy, Horror",128377,"2019-03-27",
tt5177120,8,2024-07-25,"The Ministry of Ungentlemanly Warfare","The Ministry of Ungentlemanly Warfare",https://www.imdb.com/title/tt5177120,Movie,6.8,122,2024,"War, Action, Comedy",165068,"2024-04-19","Guy Ritchie"
tt0425112,8,2024-07-18,"Hot Fuzz","Hot Fuzz",https://www.imdb.com/title/tt0425112,Movie,7.8,121,2007,"Comedy, Action, Mystery, Thriller",570936,"2007-04-20","Edgar Wright"
tt2312718,8,2024-07-10,"Homefront","Homefront",https://www.imdb.com/title/tt2312718,Movie,6.5,100,2013,"Action, Thriller, Crime",144208,"2013-11-27","Gary Fleder"
tt27470893,7,2024-07-10,"Chandu Champion","Chandu Champion",https://www.imdb.com/title/tt27470893,Movie,7.8,142,2024,"Drama, Sport, Biography, Action, History, War",36686,"2024-06-14","Kabir Khan"
tt0293662,6,2024-07-06,"The Transporter","The Transporter",https://www.imdb.com/title/tt0293662,Movie,6.8,92,2002,"Crime, Thriller, Action",339761,"2002-10-11","Louis Leterrier,Corey Yuen"
tt0388482,5,2024-07-06,"Transporter 2","Transporter 2",https://www.imdb.com/title/tt0388482,Movie,6.3,87,2005,"Action, Thriller",227029,"2005-09-02","Louis Leterrier"
tt26660021,4,2024-07-04,"Aavesham","Aavesham",https://www.imdb.com/title/tt26660021,Movie,7.8,155,2024,"Action, Comedy",33605,"2024-04-11","Jithu Madhavan"
tt11866324,7,2024-06-21,"Prey","Prey",https://www.imdb.com/title/tt11866324,Movie,7.1,100,2022,"Sci-Fi, Thriller, Action, Adventure, Horror",275955,"2022-08-05","Dan Trachtenberg"
tt5186714,6,2024-06-10,"The Salesman","Forooshande",https://www.imdb.com/title/tt5186714,Movie,7.7,124,2016,"Drama, Thriller",69189,"2016-08-31","Asghar Farhadi"
tt8690918,9,2024-06-02,"Resident Alien","Resident Alien",https://www.imdb.com/title/tt8690918,TV Series,8.0,45,2021,"Sci-Fi, Drama, Mystery, Comedy",90621,"2021-01-27",
tt0358349,7,2024-06-02,"Agent Cody Banks 2: Destination London","Agent Cody Banks 2: Destination London",https://www.imdb.com/title/tt0358349,Movie,4.6,100,2004,"Adventure, Romance, Sci-Fi, Family, Comedy, Action",17148,"2004-03-12","Kevin Allen"
tt0081398,4,2024-05-31,"Raging Bull","Raging Bull",https://www.imdb.com/title/tt0081398,Movie,8.1,129,1980,"Sport, Biography, Drama",412570,"1980-12-19","Martin Scorsese"
tt1385824,9,2024-05-30,"13B: Fear Has a New Address","13B: Fear Has a New Address",https://www.imdb.com/title/tt1385824,Movie,7.4,146,2009,"Horror, Thriller, Mystery",11163,"2009-03-06","Vikram K. Kumar"
tt4785654,8,2024-05-26,"Firewatch","Firewatch",https://www.imdb.com/title/tt4785654,Video Game,8.1,,2016,"Drama, Mystery, Thriller",6407,"2018-02-07","Jake Rodkin"
tt11419114,9,2024-05-23,"Resident Evil 3","Resident Evil 3",https://www.imdb.com/title/tt11419114,Video Game,7.7,,2020,"Action, Horror, Sci-Fi, Adventure",9460,"2020-04-03","Yukio Ando,Yasuhiro Anpo,Kiyohiko Sakata,Yasuhiro Seto"
tt0100157,7,2024-05-21,"Misery","Misery",https://www.imdb.com/title/tt0100157,Movie,7.8,107,1990,"Drama, Thriller",268006,"1990-11-30","Rob Reiner"
tt5807780,9,2024-05-15,"Spider-Man","Marvel's Spider-Man",https://www.imdb.com/title/tt5807780,Video Game,9.1,,2018,"Action, Adventure, Fantasy, Sci-Fi",38572,"2018-09-07","Ryan Smith"
tt6161168,10,2024-05-15,"Red Dead Redemption II","Red Dead Redemption II",https://www.imdb.com/title/tt6161168,Video Game,9.8,,2018,"Adventure, Western, Action, Crime, Drama",82917,"2018-10-26",
tt6795336,8,2024-05-15,"Days Gone","Days Gone",https://www.imdb.com/title/tt6795336,Video Game,8.4,,2019,"Action, Horror, Adventure, Mystery, Thriller, Sci-Fi, Drama, Romance, War, Western",10453,"2019-04-26","John Garvin,Jeff Ross"
tt7028648,9,2024-05-15,"A Plague Tale: Innocence","A Plague Tale: Innocence",https://www.imdb.com/title/tt7028648,Video Game,8.2,,2019,"History, Adventure, Drama, Thriller, Action, Fantasy",6462,"2019-05-14","Kevin Choteau,David Dedeine"
tt11274492,6,2024-05-07,"The Out-Laws","The Out-Laws",https://www.imdb.com/title/tt11274492,Movie,5.4,95,2023,"Comedy, Action, Crime, Romance",42165,"2023-07-07","Tyler Spindel"
tt0864835,7,2024-05-01,"Mr. Peabody & Sherman","Mr. Peabody & Sherman",https://www.imdb.com/title/tt0864835,Movie,6.8,92,2014,"Animation, Adventure, Family, Sci-Fi, Comedy, History, Fantasy",85057,"2014-03-07","Rob Minkoff"
tt0313911,7,2024-05-01,"Agent Cody Banks","Agent Cody Banks",https://www.imdb.com/title/tt0313911,Movie,5.2,102,2003,"Crime, Romance, Thriller, Family, Adventure, Comedy, Action",39602,"2003-03-14","Harald Zwart"
tt0109686,6,2024-04-29,"Dumb and Dumber","Dumb and Dumber",https://www.imdb.com/title/tt0109686,Movie,7.3,107,1994,"Comedy",446137,"1994-12-16","Peter Farrelly"
tt0112281,7,2024-04-24,"Ace Ventura: When Nature Calls","Ace Ventura: When Nature Calls",https://www.imdb.com/title/tt0112281,Movie,6.4,90,1995,"Adventure, Crime, Comedy",250739,"1995-11-10","Steve Oedekerk"
tt0109040,8,2024-04-24,"Ace Ventura: Pet Detective","Ace Ventura: Pet Detective",https://www.imdb.com/title/tt0109040,Movie,6.9,86,1994,"Comedy",356707,"1994-02-04","Tom Shadyac"
tt0212671,9,2024-04-20,"Malcolm in the Middle","Malcolm in the Middle",https://www.imdb.com/title/tt0212671,TV Series,8.2,22,2000,"Family, Drama, Comedy",162007,"2000-01-09",
tt0118998,8,2024-04-18,"Doctor Dolittle","Doctor Dolittle",https://www.imdb.com/title/tt0118998,Movie,5.4,85,1998,"Fantasy, Comedy, Family",107271,"1998-06-26","Betty Thomas"
tt0441773,10,2024-04-18,"Kung Fu Panda","Kung Fu Panda",https://www.imdb.com/title/tt0441773,Movie,7.6,92,2008,"Animation, Comedy, Action, Adventure, Family, Fantasy",587061,"2008-06-06","Mark Osborne,John Stevenson"
tt21692408,7,2024-04-18,"Kung Fu Panda 4","Kung Fu Panda 4",https://www.imdb.com/title/tt21692408,Movie,6.3,94,2024,"Animation, Action, Adventure, Comedy, Family, Fantasy",84734,"2024-03-08","Mike Mitchell,Stephanie Stine"
tt26658272,7,2024-04-15,"Amar Singh Chamkila","Amar Singh Chamkila",https://www.imdb.com/title/tt26658272,Movie,7.8,145,2024,"Biography, Drama, Music, Romance",17842,"2024-04-12","Imtiaz Ali"
tt27330026,7,2024-04-13,"Dhak Dhak","Dhak Dhak",https://www.imdb.com/title/tt27330026,Movie,6.3,140,2023,"Drama",2405,"2023-10-13","Tarun Dudeja"
tt31183656,8,2024-04-11,"Maamla Legal Hai","Maamla Legal Hai",https://www.imdb.com/title/tt31183656,TV Series,8.0,,2024,"Comedy, Drama",13712,"2024-03-01",
tt15354916,7,2024-04-11,"Jawan","Jawan",https://www.imdb.com/title/tt15354916,Movie,6.9,169,2023,"Thriller, Drama, Crime, Action",112301,"2023-09-07","Atlee"
tt1389137,8,2024-04-09,"We Bought a Zoo","We Bought a Zoo",https://www.imdb.com/title/tt1389137,Movie,7.0,124,2011,"Drama, Family, Comedy",161708,"2011-12-23","Cameron Crowe"
tt15765670,7,2024-04-08,"My Dress-Up Darling","Sono bisuku dôru wa koi o suru",https://www.imdb.com/title/tt15765670,TV Series,7.9,24,2022,"Animation, Comedy, Romance",28387,"2022-01-08",
tt8912936,8,2024-04-06,"DC League of Super-Pets","DC League of Super-Pets",https://www.imdb.com/title/tt8912936,Movie,6.8,105,2022,"Animation, Action, Comedy, Family, Adventure, Fantasy, Sci-Fi, Crime",80579,"2022-07-29","Jared Stern,Samuel J. Levine"
tt0305224,5,2024-04-03,"Anger Management","Anger Management",https://www.imdb.com/title/tt0305224,Movie,6.3,106,2003,"Comedy",243419,"2003-04-11","Peter Segal"
tt7040874,7,2024-03-30,"A Simple Favor","A Simple Favor",https://www.imdb.com/title/tt7040874,Movie,6.7,117,2018,"Crime, Mystery, Thriller, Comedy",191345,"2018-09-14","Paul Feig"
tt3359350,7,2024-03-21,"Road House","Road House",https://www.imdb.com/title/tt3359350,Movie,6.2,121,2024,"Action, Thriller, Drama",189482,"2024-03-21","Doug Liman"
tt2384811,10,2024-03-20,"Utopia","Utopia",https://www.imdb.com/title/tt2384811,TV Series,8.4,50,2013,"Drama, Thriller, Mystery, Sci-Fi",56201,"2013-01-15",
tt5814534,8,2024-03-08,"Spies in Disguise","Spies in Disguise",https://www.imdb.com/title/tt5814534,Movie,6.8,102,2019,"Animation, Comedy, Family, Adventure, Sci-Fi, Drama, Thriller, Action",63526,"2019-12-25","Nick Bruno,Troy Quane"
tt1442437,10,2024-03-07,"Modern Family","Modern Family",https://www.imdb.com/title/tt1442437,TV Series,8.5,22,2009,"Comedy, Romance, Drama",544677,"2009-09-23",
tt10986410,9,2024-03-07,"Ted Lasso","Ted Lasso",https://www.imdb.com/title/tt10986410,TV Series,8.7,30,2020,"Comedy, Drama, Sport",454848,"2020-08-14",
tt15789038,8,2024-02-19,"Elemental","Elemental",https://www.imdb.com/title/tt15789038,Movie,7.0,101,2023,"Animation, Adventure, Fantasy, Comedy, Romance, Family",167919,"2023-06-16","Peter Sohn"
tt1105709,8,2024-02-17,"8 x 10 Tasveer","8 x 10 Tasveer",https://www.imdb.com/title/tt1105709,Movie,5.5,122,2009,"Thriller, Sci-Fi, Crime, Drama, Action, Mystery",6519,"2009-04-03","Nagesh Kukunoor"
tt5770864,6,2024-02-15,"The Man from Earth: Holocene","The Man from Earth: Holocene",https://www.imdb.com/title/tt5770864,Movie,5.2,98,2017,"Sci-Fi, Drama, Fantasy",11831,"2018-01-15","Richard Schenkman"
tt0108550,7,2024-02-07,"What's Eating Gilbert Grape","What's Eating Gilbert Grape",https://www.imdb.com/title/tt0108550,Movie,7.7,118,1993,"Drama",270387,"1994-03-04","Lasse Hallström"
tt1136617,6,2024-02-05,"The Killer","The Killer",https://www.imdb.com/title/tt1136617,Movie,6.7,118,2023,"Action, Thriller, Crime, Drama, Adventure",226198,"2023-11-10","David Fincher"
tt12747748,8,2024-02-05,"Leave the World Behind","Leave the World Behind",https://www.imdb.com/title/tt12747748,Movie,6.4,138,2023,"Drama, Thriller, Mystery",245221,"2023-12-08","Sam Esmail"
tt2582496,9,2024-01-20,"Me and Earl and the Dying Girl","Me and Earl and the Dying Girl",https://www.imdb.com/title/tt2582496,Movie,7.7,105,2015,"Drama, Comedy",145078,"2015-07-01","Alfonso Gomez-Rejon"
tt13287846,6,2024-01-20,"Napoleon","Napoleon",https://www.imdb.com/title/tt13287846,Movie,6.3,158,2023,"Biography, Action, Drama, War, Adventure, History",189166,"2023-11-22","Ridley Scott"
tt11280740,10,2024-01-15,"Severance","Severance",https://www.imdb.com/title/tt11280740,TV Series,8.6,50,2022,"Drama, Thriller, Mystery, Sci-Fi",400343,"2022-02-18",
tt0444781,8,2024-01-15,"Deewane Huye Paagal","Deewane Huye Paagal",https://www.imdb.com/title/tt0444781,Movie,5.7,158,2005,"Comedy, Romance, Action, Drama",6824,"2005-11-25","Vikram Bhatt"
tt1431122,8,2024-01-15,"No Problem","No Problem",https://www.imdb.com/title/tt1431122,Movie,4.6,139,2010,"Comedy, Crime, Action",3561,"2010-12-10","Anees Bazmee"
tt1176960,9,2024-01-15,"One Two Three","One Two Three",https://www.imdb.com/title/tt1176960,Movie,5.6,135,2008,"Comedy, Crime",3566,"2008-03-28","Ashwani Dhir"
tt0457430,9,2024-01-13,"Pan's Labyrinth","El laberinto del fauno",https://www.imdb.com/title/tt0457430,Movie,8.2,118,2006,"Drama, Fantasy, War",750790,"2007-01-19","Guillermo del Toro"
tt0368933,7,2024-01-12,"The Princess Diaries 2: Royal Engagement","The Princess Diaries 2: Royal Engagement",https://www.imdb.com/title/tt0368933,Movie,5.9,113,2004,"Comedy, Family, Romance",98472,"2004-08-11","Garry Marshall"
tt0247638,8,2024-01-12,"The Princess Diaries","The Princess Diaries",https://www.imdb.com/title/tt0247638,Movie,6.4,115,2001,"Romance, Comedy, Family",184678,"2001-08-03","Garry Marshall"
tt9059704,8,2023-12-26,"An American Pickle","An American Pickle",https://www.imdb.com/title/tt9059704,Movie,5.7,88,2020,"Comedy, Fantasy",29931,"2020-08-06","Brandon Trost"
tt0102926,7,2023-12-18,"The Silence of the Lambs","The Silence of the Lambs",https://www.imdb.com/title/tt0102926,Movie,8.6,118,1991,"Crime, Drama, Horror, Thriller",1739717,"1991-02-14","Jonathan Demme"
tt13751694,7,2023-12-11,"Animal","Animal",https://www.imdb.com/title/tt13751694,Movie,6.2,204,2023,"Drama, Action, Crime, Thriller",117334,"2023-12-01","Sandeep Reddy Vanga"
tt11651796,7,2023-12-11,"AK vs AK","AK vs AK",https://www.imdb.com/title/tt11651796,Movie,6.9,108,2020,"Comedy, Thriller, Drama, Crime",15933,"2020-12-24","Vikramaditya Motwane"
tt1300854,10,2023-12-08,"Iron Man 3","Iron Man Three",https://www.imdb.com/title/tt1300854,Movie,7.1,130,2013,"Action, Adventure, Sci-Fi",976471,"2013-05-03","Shane Black"
tt0257106,7,2023-12-01,"Scary Movie 2","Scary Movie 2",https://www.imdb.com/title/tt0257106,Movie,5.4,83,2001,"Horror, Comedy",199155,"2001-07-04","Keenen Ivory Wayans"
tt0175142,7,2023-11-30,"Scary Movie","Scary Movie",https://www.imdb.com/title/tt0175142,Movie,6.3,88,2000,"Comedy",333055,"2000-07-07","Keenen Ivory Wayans"
tt15145764,7,2023-11-28,"Freddy","Freddy",https://www.imdb.com/title/tt15145764,Movie,7.3,124,2022,"Thriller, Drama, Mystery, Romance",36804,"2022-12-02","Shashanka Ghosh"
tt22477180,8,2023-11-18,"Portrait of God","Portrait of God",https://www.imdb.com/title/tt22477180,Short,7.4,7,2022,"Short, Horror",3036,"2022-08-28","Dylan Clark"
tt22687790,9,2023-11-10,"A Haunting in Venice","A Haunting in Venice",https://www.imdb.com/title/tt22687790,Movie,6.5,103,2023,"Thriller, Crime, Drama, Mystery, Horror",142975,"2023-09-15","Kenneth Branagh"
tt0142342,7,2023-11-08,"Big Daddy","Big Daddy",https://www.imdb.com/title/tt0142342,Movie,6.5,93,1999,"Drama, Comedy",253317,"1999-06-25","Dennis Dugan"
tt3132738,9,2023-11-05,"Houdini","Houdini",https://www.imdb.com/title/tt3132738,TV Mini Series,7.3,76,2014,"Biography, Drama",13277,"2014-09-01",
tt1683526,10,2023-11-04,"Detachment","Detachment",https://www.imdb.com/title/tt1683526,Movie,7.7,98,2011,"Drama",113265,"2012-02-01","Tony Kaye"
tt1727770,6,2023-10-30,"Absolutely Anything","Absolutely Anything",https://www.imdb.com/title/tt1727770,Movie,6.0,85,2015,"Comedy, Sci-Fi",55142,"2017-05-12","Terry Jones"
tt6533240,7,2023-10-22,"Night Hunter","Night Hunter",https://www.imdb.com/title/tt6533240,Movie,6.0,98,2018,"Action, Thriller, Adventure, Crime",32758,"2019-09-06","David Raymond"
tt1068680,7,2023-10-11,"Yes Man","Yes Man",https://www.imdb.com/title/tt1068680,Movie,6.8,104,2008,"Comedy, Romance",407186,"2008-12-19","Peyton Reed"
tt0369441,7,2023-10-11,"Fun with Dick and Jane","Fun with Dick and Jane",https://www.imdb.com/title/tt0369441,Movie,6.2,90,2005,"Comedy, Crime",163877,"2005-12-21","Dean Parisot"
tt15732324,6,2023-10-08,"OMG 2","OMG 2",https://www.imdb.com/title/tt15732324,Movie,7.5,156,2023,"Comedy, Drama",47831,"2023-08-11","Amit Rai"
tt28489281,8,2023-09-24,"The Freelancer","The Freelancer",https://www.imdb.com/title/tt28489281,TV Series,8.1,,2023,"Thriller, Action",8172,"2023-09-01",
tt14993250,6,2023-09-23,"Rocky Aur Rani Kii Prem Kahaani","Rocky Aur Rani Kii Prem Kahaani",https://www.imdb.com/title/tt14993250,Movie,6.5,168,2023,"Comedy, Drama, Romance, Family",51275,"2023-07-28","Karan Johar,Gurbir Singh"
tt14986406,10,2023-09-12,"Bleach: Thousand-Year Blood War","Bleach: Sennen Kessen-hen",https://www.imdb.com/title/tt14986406,TV Series,9.0,24,2022,"Animation, Action, Adventure, Fantasy",80534,"2022-10-10",
tt3358020,7,2023-09-12,"Parasyte: The Maxim","Kiseijû: Sei no kakuritsu",https://www.imdb.com/title/tt3358020,TV Series,8.2,22,2014,"Animation, Horror, Sci-Fi, Action, Thriller, Drama",64380,"2016-12-31",
tt0117381,8,2023-09-10,"Primal Fear","Primal Fear",https://www.imdb.com/title/tt0117381,Movie,7.7,129,1996,"Crime, Mystery, Drama, Thriller",292923,"1996-04-03","Gregory Hoblit"
tt0452608,6,2023-09-07,"Death Race","Death Race",https://www.imdb.com/title/tt0452608,Movie,6.4,105,2008,"Action, Thriller, Sci-Fi",229349,"2008-08-22","Paul W.S. Anderson"
tt2452386,7,2023-09-05,"The Fundamentals of Caring","The Fundamentals of Caring",https://www.imdb.com/title/tt2452386,Movie,7.3,97,2016,"Drama, Comedy",87827,"2016-06-24","Rob Burnett"
tt9401936,7,2023-08-28,"Girls Hostel","Girls Hostel",https://www.imdb.com/title/tt9401936,TV Series,7.7,23,2018,"Comedy, Drama",4367,"2018-12-08",
tt1478839,10,2023-08-14,"The Art of Racing in the Rain","The Art of Racing in the Rain",https://www.imdb.com/title/tt1478839,Movie,7.6,109,2019,"Comedy, Drama, Sport, Romance",49406,"2019-08-09","Simon Curtis"
tt1193138,7,2023-08-08,"Up in the Air","Up in the Air",https://www.imdb.com/title/tt1193138,Movie,7.4,109,2009,"Drama, Romance, Comedy",362070,"2009-12-23","Jason Reitman"
tt10954600,7,2023-08-03,"Ant-Man and the Wasp: Quantumania","Ant-Man and the Wasp: Quantumania",https://www.imdb.com/title/tt10954600,Movie,6.0,124,2023,"Action, Adventure, Comedy, Sci-Fi",275314,"2023-02-17","Peyton Reed"
tt0945513,8,2023-08-01,"Source Code","Source Code",https://www.imdb.com/title/tt0945513,Movie,7.5,93,2011,"Sci-Fi, Thriller, Action, Drama, Mystery",586076,"2011-04-01","Duncan Jones"
tt19755170,6,2023-07-31,"Bawaal","Bawaal",https://www.imdb.com/title/tt19755170,Movie,6.6,137,2023,"Romance, Action, Drama, Comedy",17699,"2023-07-21","Nitesh Tiwari"
tt4873118,7,2023-07-31,"The Covenant","The Covenant",https://www.imdb.com/title/tt4873118,Movie,7.5,123,2023,"Action, Thriller, War, Drama",214019,"2023-04-21","Guy Ritchie"
tt22817632,10,2023-07-30,"Heavenly Delusion","Tengoku daimakyô",https://www.imdb.com/title/tt22817632,TV Series,7.9,24,2023,"Animation, Adventure, Mystery, Sci-Fi",11481,"2023-04-01",
tt0760188,9,2023-07-25,"When Nietzsche Wept","When Nietzsche Wept",https://www.imdb.com/title/tt0760188,Movie,6.4,105,2007,"Drama",5244,"2007-08-02","Pinchas Perry"
tt5997666,5,2023-07-24,"Jab Harry Met Sejal","Jab Harry Met Sejal",https://www.imdb.com/title/tt5997666,Movie,5.1,143,2017,"Drama, Romance, Comedy",24414,"2017-08-04","Imtiaz Ali"
tt15398776,10,2023-07-22,"Oppenheimer","Oppenheimer",https://www.imdb.com/title/tt15398776,Movie,8.2,180,2023,"Biography, Drama, History",1081329,"2023-07-21","Christopher Nolan"
tt0416496,7,2023-07-21,"Bandidas","Bandidas",https://www.imdb.com/title/tt0416496,Movie,5.7,93,2006,"Action, Comedy, Crime, Western",39213,"2006-01-18","Joachim Rønning,Espen Sandberg"
tt0756683,10,2023-07-20,"The Man from Earth","The Man from Earth",https://www.imdb.com/title/tt0756683,Movie,7.8,87,2007,"Sci-Fi, Drama, Fantasy, Mystery",220207,"2007-11-13","Richard Schenkman"
tt12758060,9,2023-07-18,"Tetris","Tetris",https://www.imdb.com/title/tt12758060,Movie,7.4,118,2023,"Biography, Thriller, Drama, History",109508,"2023-03-31","Jon S. Baird"
tt0118971,8,2023-07-18,"The Devil's Advocate","The Devil's Advocate",https://www.imdb.com/title/tt0118971,Movie,7.5,144,1997,"Thriller, Mystery, Fantasy, Drama",449877,"1997-10-17","Taylor Hackford"
tt3799694,7,2023-07-17,"The Nice Guys","The Nice Guys",https://www.imdb.com/title/tt3799694,Movie,7.4,116,2016,"Thriller, Crime, Comedy, Action, Mystery",421871,"2016-05-20","Shane Black"
tt9639470,7,2023-07-17,"Last Night in Soho","Last Night in Soho",https://www.imdb.com/title/tt9639470,Movie,7.0,116,2021,"Horror, Thriller, Drama, Mystery",201376,"2021-10-29","Edgar Wright"
tt0458352,7,2023-07-16,"The Devil Wears Prada","The Devil Wears Prada",https://www.imdb.com/title/tt0458352,Movie,7.0,109,2006,"Drama, Comedy",566803,"2006-06-30","David Frankel"
tt4575576,8,2023-07-12,"Christopher Robin","Christopher Robin",https://www.imdb.com/title/tt4575576,Movie,7.2,104,2018,"Musical, Family, Comedy, Drama, Fantasy, Adventure",91381,"2018-08-03","Marc Forster"
tt15576504,8,2023-07-10,"The Night Manager","The Night Manager",https://www.imdb.com/title/tt15576504,TV Series,7.6,47,2023,"Crime, Thriller, Mystery, Action",16639,"2023-02-17",
tt15033192,6,2023-07-10,"Windfall","Windfall",https://www.imdb.com/title/tt15033192,Movie,5.7,92,2022,"Drama, Thriller, Crime",29101,"2022-03-18","Charlie McDowell"
tt0114814,8,2023-07-10,"The Usual Suspects","The Usual Suspects",https://www.imdb.com/title/tt0114814,Movie,8.5,106,1995,"Drama, Crime, Mystery, Thriller",1247906,"1995-08-16","Bryan Singer"
tt10999120,6,2023-07-09,"Spirited","Spirited",https://www.imdb.com/title/tt10999120,Movie,6.6,127,2022,"Musical, Comedy, Family, Fantasy",60009,"2022-11-18","Sean Anders"
tt2005151,9,2023-07-07,"War Dogs","War Dogs",https://www.imdb.com/title/tt2005151,Movie,7.1,114,2016,"Comedy, Drama, War, Crime, Biography",305316,"2016-08-19","Todd Phillips"
tt3420504,9,2023-07-01,"Finch","Finch",https://www.imdb.com/title/tt3420504,Movie,6.9,115,2021,"Sci-Fi, Drama, Adventure",113055,"2021-11-05","Miguel Sapochnik"
tt22667880,6,2023-07-01,"The Boy, the Mole, the Fox and the Horse","The Boy, the Mole, the Fox and the Horse",https://www.imdb.com/title/tt22667880,Short,7.8,32,2022,"Animation, Short, Family, Adventure, Comedy, Drama, Fantasy",23152,"2022-12-25","Peter Baynton,Charlie Mackesy"
tt2709768,8,2023-06-27,"The Secret Life of Pets","The Secret Life of Pets",https://www.imdb.com/title/tt2709768,Movie,6.5,86,2016,"Animation, Comedy, Family, Adventure",238063,"2016-07-08","Chris Renaud"
tt3783958,5,2023-06-25,"La La Land","La La Land",https://www.imdb.com/title/tt3783958,Movie,8.0,128,2016,"Musical, Comedy, Drama, Romance, Music",772851,"2016-12-25","Damien Chazelle"
tt1853728,10,2023-06-25,"Django Unchained","Django Unchained",https://www.imdb.com/title/tt1853728,Movie,8.5,165,2012,"Western, Drama",1903349,"2012-12-25","Quentin Tarantino"
tt15407486,7,2023-06-16,"King of Stonks","King of Stonks",https://www.imdb.com/title/tt15407486,TV Mini Series,6.7,47,2022,"Drama, Thriller, Comedy",2012,"2022-07-06",
tt6571548,8,2023-06-15,"The White Tiger","The White Tiger",https://www.imdb.com/title/tt6571548,Movie,7.1,125,2021,"Drama, Crime",70506,"2021-01-22","Ramin Bahrani"
tt4635372,6,2023-06-14,"Masaan","Masaan",https://www.imdb.com/title/tt4635372,Movie,8.1,109,2015,"Drama",35893,"2015-06-24","Neeraj Ghaywan"
tt2350496,8,2023-06-14,"The Lunchbox","The Lunchbox",https://www.imdb.com/title/tt2350496,Movie,7.8,104,2013,"Drama, Romance",69350,"2013-09-20","Ritesh Batra"
tt0246578,8,2023-06-14,"Donnie Darko","Donnie Darko",https://www.imdb.com/title/tt0246578,Movie,8.0,113,2001,"Sci-Fi, Thriller, Mystery, Drama",916866,"2001-01-19","Richard Kelly"
tt11564570,6,2023-06-13,"Glass Onion","Glass Onion",https://www.imdb.com/title/tt11564570,Movie,7.1,139,2022,"Crime, Thriller, Drama, Mystery, Comedy",530245,"2022-12-23","Rian Johnson"
tt9362722,8,2023-06-13,"Spider-Man: Across the Spider-Verse","Spider-Man: Across the Spider-Verse",https://www.imdb.com/title/tt9362722,Movie,8.5,140,2023,"Animation, Action, Adventure, Sci-Fi, Fantasy, Family",542779,"2023-06-02","Joaquim Dos Santos,Kemp Powers,Justin K. Thompson"
tt0117060,7,2023-06-12,"Mission: Impossible","Mission: Impossible",https://www.imdb.com/title/tt0117060,Movie,7.2,110,1996,"Thriller, Adventure, Action",521331,"1996-05-22","Brian De Palma"
tt0362227,9,2023-06-11,"The Terminal","The Terminal",https://www.imdb.com/title/tt0362227,Movie,7.4,128,2004,"Drama, Comedy, Romance",539801,"2004-06-18","Steven Spielberg"
tt7550000,5,2023-06-11,"Project Power","Project Power",https://www.imdb.com/title/tt7550000,Movie,6.0,113,2020,"Thriller, Sci-Fi, Action, Crime",104244,"2020-08-14","Henry Joost,Ariel Schulman"
tt1951261,8,2023-06-10,"The Hangover Part III","The Hangover Part III",https://www.imdb.com/title/tt1951261,Movie,5.9,100,2013,"Comedy, Crime",366844,"2013-05-23","Todd Phillips"
tt6791350,9,2023-06-09,"Guardians of the Galaxy Vol. 3","Guardians of the Galaxy Vol. 3",https://www.imdb.com/title/tt6791350,Movie,7.9,150,2023,"Action, Adventure, Sci-Fi, Comedy, Fantasy",481239,"2023-05-05","James Gunn"
tt1411697,6,2023-06-09,"The Hangover Part II","The Hangover Part II",https://www.imdb.com/title/tt1411697,Movie,6.5,102,2011,"Comedy",583011,"2011-05-26","Todd Phillips"
tt1119646,7,2023-06-09,"The Hangover","The Hangover",https://www.imdb.com/title/tt1119646,Movie,7.7,100,2009,"Comedy",939464,"2009-06-05","Todd Phillips"
tt0364569,9,2023-06-08,"Oldboy","Oldeuboi",https://www.imdb.com/title/tt0364569,Movie,8.3,120,2003,"Mystery, Thriller, Action, Drama",727625,"2003-11-21","Park Chan-wook"
tt2229499,7,2023-06-06,"Don Jon","Don Jon",https://www.imdb.com/title/tt2229499,Movie,6.5,90,2013,"Comedy, Drama, Romance",255853,"2013-09-27","Joseph Gordon-Levitt"
tt3447364,7,2023-06-04,"Detective Byomkesh Bakshy!","Detective Byomkesh Bakshy!",https://www.imdb.com/title/tt3447364,Movie,7.6,139,2015,"Mystery, Thriller, Crime, Drama",25751,"2015-04-03","Dibakar Banerjee"
tt10214826,8,2023-06-04,"Agent Sai Srinivasa Athreya","Agent Sai Srinivasa Athreya",https://www.imdb.com/title/tt10214826,Movie,8.3,148,2019,"Comedy, Crime, Thriller, Mystery",22339,"2019-06-20","Swaroop Rsj"
tt10888708,6,2023-06-03,"The Sleepover","The Sleepover",https://www.imdb.com/title/tt10888708,Movie,5.7,100,2020,"Adventure, Comedy, Family, Action",13568,"2020-08-21","Trish Sie"
tt0993840,6,2023-06-02,"Army of the Dead","Army of the Dead",https://www.imdb.com/title/tt0993840,Movie,5.8,148,2021,"Action, Horror, Sci-Fi, Thriller, Crime, Drama, War, Adventure",202153,"2021-05-21","Zack Snyder"
tt4139588,7,2023-05-19,"Polar","Polar",https://www.imdb.com/title/tt4139588,Movie,6.3,118,2019,"Action, Thriller, Crime",108174,"2019-01-25","Jonas Åkerlund"
tt13024674,7,2023-05-19,"Army of Thieves","Army of Thieves",https://www.imdb.com/title/tt13024674,Movie,6.4,127,2021,"Action, Crime, Thriller, Comedy",98704,"2021-10-29","Matthias Schweighöfer"
tt10160804,8,2023-05-18,"Hawkeye","Hawkeye",https://www.imdb.com/title/tt10160804,TV Mini Series,7.4,60,2021,"Action, Adventure, Crime, Mystery, Sci-Fi, Drama",246579,"2021-11-24",
tt9140554,9,2023-05-18,"Loki","Loki",https://www.imdb.com/title/tt9140554,TV Series,8.2,50,2021,"Fantasy, Sci-Fi, Action, Adventure",479912,"2021-06-09",
tt1216300,7,2023-05-18,"Jannat: In Search of Heaven...","Jannat: In Search of Heaven...",https://www.imdb.com/title/tt1216300,Movie,7.0,140,2008,"Drama, Romance, Crime",8466,"2008-05-16","Kunal Deshmukh"
tt6334354,8,2023-05-14,"The Suicide Squad","The Suicide Squad",https://www.imdb.com/title/tt6334354,Movie,7.2,132,2021,"Action, Adventure, Sci-Fi, Comedy",462942,"2021-08-05","James Gunn"
tt16419074,9,2023-05-13,"Air","Air",https://www.imdb.com/title/tt16419074,Movie,7.4,111,2023,"Drama, Sport",197500,"2023-04-05","Ben Affleck"
tt12593682,10,2023-05-12,"Bullet Train","Bullet Train",https://www.imdb.com/title/tt12593682,Movie,7.3,127,2022,"Action, Thriller, Comedy",543817,"2022-08-05","David Leitch"
tt5700672,9,2023-05-12,"Train to Busan","Busanhaeng",https://www.imdb.com/title/tt5700672,Movie,7.6,118,2016,"Horror, Thriller, Action",312089,"2016-07-20","Yeon Sang-ho"
tt1649418,7,2023-05-12,"The Gray Man","The Gray Man",https://www.imdb.com/title/tt1649418,Movie,6.5,122,2022,"Thriller, Mystery, Action",276885,"2022-07-22","Joe Russo,Anthony Russo"
tt11291274,7,2023-05-06,"The Unbearable Weight of Massive Talent","The Unbearable Weight of Massive Talent",https://www.imdb.com/title/tt11291274,Movie,7.0,107,2022,"Comedy, Action, Crime, Thriller",180763,"2022-04-22","Tom Gormican"
tt0092099,9,2023-05-04,"Top Gun","Top Gun",https://www.imdb.com/title/tt0092099,Movie,7.0,109,1986,"Drama, Action",558590,"1986-05-16","Tony Scott"
tt5052448,7,2023-05-02,"Get Out","Get Out",https://www.imdb.com/title/tt5052448,Movie,7.8,104,2017,"Horror, Mystery, Thriller",831402,"2017-02-24","Jordan Peele"
tt0209144,7,2023-05-01,"Memento","Memento",https://www.imdb.com/title/tt0209144,Movie,8.4,113,2000,"Thriller, Mystery",1451279,"2001-05-25","Christopher Nolan"
tt0095765,6,2023-05-01,"Cinema Paradiso","Nuovo Cinema Paradiso",https://www.imdb.com/title/tt0095765,Movie,8.5,174,1988,"Romance, Drama",319216,"1990-02-23","Giuseppe Tornatore"
tt1887784,6,2023-05-01,"Crayon Shin-chan: Fierceness That Invites Storm! Operation Golden Spy","Kureyon Shinchan: Arashi o yobu ougon no supai daisakusen",https://www.imdb.com/title/tt1887784,Movie,6.2,107,2011,"Animation, Action, Adventure, Comedy",474,"2011-04-16","Sôichi Masui"
tt0477602,8,2023-05-01,"Crayon Shin-chan: The Hidden Treasure of the Buri Buri Kingdom","Kureyon Shinchan: Buriburi Ôkoku no hihô",https://www.imdb.com/title/tt0477602,Movie,6.7,95,1994,"Animation, Comedy, Adventure, Fantasy, Family",1067,"1994-04-23","Keiichi Hara"
tt10234724,9,2023-05-01,"Moon Knight","Moon Knight",https://www.imdb.com/title/tt10234724,TV Mini Series,7.3,50,2022,"Action, Adventure, Fantasy",316474,"2022-03-30",
tt9340892,6,2023-04-29,"All My Friends Hate Me","All My Friends Hate Me",https://www.imdb.com/title/tt9340892,Movie,6.3,93,2021,"Comedy, Horror",7906,"2022-03-11","Andrew Gaynord"
tt0238380,7,2023-04-25,"Equilibrium","Equilibrium",https://www.imdb.com/title/tt0238380,Movie,7.3,107,2002,"Drama, Sci-Fi, Thriller, Action",363979,"2002-12-06","Kurt Wimmer"
tt1468846,4,2023-04-21,"Get a Job","Get a Job",https://www.imdb.com/title/tt1468846,Movie,5.3,83,2016,"Comedy",27757,"2016-03-25","Dylan Kidd"
tt1567437,7,2023-04-21,"The Voices","The Voices",https://www.imdb.com/title/tt1567437,Movie,6.3,103,2014,"Crime, Thriller, Comedy, Horror",67186,"2015-02-06","Marjane Satrapi"
tt7888964,8,2023-04-21,"Nobody","Nobody",https://www.imdb.com/title/tt7888964,Movie,7.4,92,2021,"Action, Crime, Thriller, Drama",401147,"2021-03-26","Ilya Naishuller"
tt6339102,9,2023-04-20,"We're the Millers: The Miller Makeovers","We're the Millers: The Miller Makeovers",https://www.imdb.com/title/tt6339102,Video,7.1,4,2013,"Short, Comedy, Crime",31912,"2013-08-15",
tt8706598,8,2023-04-20,"The Hitman's Bodyguard: The Hitman vs. The Bodyguard","The Hitman's Bodyguard: The Hitman vs. The Bodyguard",https://www.imdb.com/title/tt8706598,Video,6.9,5,2017,"Short, Action, Comedy, Crime, Thriller",32364,"2017-11-21",
tt8385148,8,2023-04-20,"Hitman's Wife's Bodyguard","Hitman's Wife's Bodyguard",https://www.imdb.com/title/tt8385148,Movie,6.1,100,2021,"Action, Comedy, Thriller, Crime, Romance",120507,"2021-06-16","Patrick Hughes"
tt1939659,7,2023-04-20,"Carrie","Carrie",https://www.imdb.com/title/tt1939659,Movie,5.8,100,2013,"Drama, Horror, Thriller",156504,"2013-10-18","Kimberly Peirce"
tt1650554,7,2023-04-20,"Kick-Ass 2","Kick-Ass 2",https://www.imdb.com/title/tt1650554,Movie,6.5,103,2013,"Action, Comedy, Crime, Thriller, Drama",301321,"2013-08-16","Jeff Wadlow"
tt2575988,9,2023-04-17,"Silicon Valley","Silicon Valley",https://www.imdb.com/title/tt2575988,TV Series,8.5,30,2014,"Comedy",183640,"2014-04-06",
tt0111257,7,2023-04-15,"Speed","Speed",https://www.imdb.com/title/tt0111257,Movie,7.3,116,1994,"Adventure, Thriller, Action",425406,"1994-06-10","Jan de Bont"
tt2948372,9,2023-04-12,"Soul","Soul",https://www.imdb.com/title/tt2948372,Movie,8.0,100,2020,"Animation, Family, Adventure, Fantasy, Music, Comedy, Drama",455105,"2020-12-25","Pete Docter,Kemp Powers"
tt9770150,5,2023-04-10,"Nomadland","Nomadland",https://www.imdb.com/title/tt9770150,Movie,7.3,107,2020,"Drama",221054,"2021-02-19","Chloé Zhao"
tt5463162,8,2023-04-10,"Deadpool 2","Deadpool 2",https://www.imdb.com/title/tt5463162,Movie,7.6,119,2018,"Action, Adventure, Comedy, Sci-Fi",752796,"2018-05-18","David Leitch"
tt1431045,10,2023-04-10,"Deadpool","Deadpool",https://www.imdb.com/title/tt1431045,Movie,8.0,108,2016,"Action, Sci-Fi, Comedy",1265332,"2016-02-12","Tim Miller"
tt5500218,6,2023-04-09,"Samaritan","Samaritan",https://www.imdb.com/title/tt5500218,Movie,5.7,102,2022,"Sci-Fi, Drama, Fantasy, Action",61946,"2022-08-26","Julius Avery"
tt7405458,8,2023-04-07,"A Man Called Otto","A Man Called Otto",https://www.imdb.com/title/tt7405458,Movie,7.5,126,2022,"Comedy, Drama",214341,"2023-01-13","Marc Forster"
tt13833688,9,2023-04-07,"The Whale","The Whale",https://www.imdb.com/title/tt13833688,Movie,7.6,117,2022,"Drama",308291,"2022-12-21","Darren Aronofsky"
tt6710474,9,2023-04-07,"Everything Everywhere All at Once","Everything Everywhere All at Once",https://www.imdb.com/title/tt6710474,Movie,7.7,139,2022,"Sci-Fi, Adventure, Comedy, Fantasy, Action, Drama",657700,"2022-04-08","Daniel Kwan,Daniel Scheinert"
tt1210166,6,2023-04-05,"Moneyball","Moneyball",https://www.imdb.com/title/tt1210166,Movie,7.6,133,2011,"Drama, Sport, Biography",514417,"2011-09-23","Bennett Miller"
tt8181422,7,2023-04-05,"A Way Out","A Way Out",https://www.imdb.com/title/tt8181422,Video Game,8.0,,2018,"Drama, Action, Adventure, Crime, Thriller",6483,"2018-03-23","Josef Fares"
tt16350094,7,2023-04-04,"Diabolical","The Boys Presents: Diabolical",https://www.imdb.com/title/tt16350094,TV Mini Series,6.8,14,2022,"Animation, Short, Action, Adventure, Comedy, Drama, Sci-Fi",20623,"2022-03-04",
tt4332232,7,2023-04-02,"Fractured","Fractured",https://www.imdb.com/title/tt4332232,Movie,6.5,99,2019,"Thriller, Drama, Mystery",115623,"2019-10-11","Brad Anderson"
tt0105236,7,2023-04-01,"Reservoir Dogs","Reservoir Dogs",https://www.imdb.com/title/tt0105236,Movie,8.2,99,1992,"Crime, Thriller",1177476,"1992-09-02","Quentin Tarantino"
tt7657566,8,2023-03-31,"Death on the Nile","Death on the Nile",https://www.imdb.com/title/tt7657566,Movie,6.3,127,2022,"Drama, Crime, Mystery",213915,"2022-02-11","Kenneth Branagh"
tt0449059,8,2023-03-18,"Little Miss Sunshine","Little Miss Sunshine",https://www.imdb.com/title/tt0449059,Movie,7.8,101,2006,"Comedy, Drama",563405,"2006-08-18","Jonathan Dayton,Valerie Faris"
tt2278388,8,2023-03-15,"The Grand Budapest Hotel","The Grand Budapest Hotel",https://www.imdb.com/title/tt2278388,Movie,8.1,99,2014,"Comedy, Drama",982173,"2014-03-28","Wes Anderson"
tt1622547,7,2023-03-12,"30 Minutes or Less","30 Minutes or Less",https://www.imdb.com/title/tt1622547,Movie,6.0,83,2011,"Comedy, Action, Crime",111667,"2011-08-12","Ruben Fleischer"
tt1488589,7,2023-03-07,"Guillermo del Toro's Pinocchio","Guillermo del Toro's Pinocchio",https://www.imdb.com/title/tt1488589,Movie,7.6,117,2022,"Animation, Musical, Fantasy, Drama, Family, Adventure",166405,"2022-12-09","Guillermo del Toro,Mark Gustafson"
tt14209916,7,2023-03-05,"Cocaine Bear","Cocaine Bear",https://www.imdb.com/title/tt14209916,Movie,5.9,95,2023,"Thriller, Comedy, Crime",127950,"2023-02-24","Elizabeth Banks"
tt9764362,7,2023-03-05,"The Menu","The Menu",https://www.imdb.com/title/tt9764362,Movie,7.1,107,2022,"Horror, Thriller, Comedy",510130,"2022-11-18","Mark Mylod"
tt11145118,10,2023-03-04,"Creed III","Creed III",https://www.imdb.com/title/tt11145118,Movie,6.7,116,2023,"Drama, Sport, Action",109889,"2023-03-03","Michael B. Jordan"
tt3915174,10,2023-03-04,"Puss in Boots: The Last Wish","Puss in Boots: The Last Wish",https://www.imdb.com/title/tt3915174,Movie,7.9,102,2022,"Animation, Action, Comedy, Fantasy, Adventure, Family, Western",229367,"2022-12-21","Joel Crawford,Januel Mercado"
tt0448694,7,2023-03-04,"Puss in Boots","Puss in Boots",https://www.imdb.com/title/tt0448694,Movie,6.6,90,2011,"Animation, Adventure, Comedy, Family, Fantasy, Action",213588,"2011-11-15","Chris Miller"
tt11671006,7,2023-02-15,"The Man from Toronto","The Man from Toronto",https://www.imdb.com/title/tt11671006,Movie,5.9,110,2022,"Action, Thriller, Adventure, Comedy",67619,"2022-06-24","Patrick Hughes"
tt13616990,7,2023-02-11,"Chainsaw Man","Chainsaw Man",https://www.imdb.com/title/tt13616990,TV Series,8.3,24,2022,"Animation, Action, Fantasy",108959,"2022-10-11",
tt0290095,7,2023-02-06,"The Tuxedo","The Tuxedo",https://www.imdb.com/title/tt0290095,Movie,5.4,98,2002,"Sci-Fi, Comedy, Action",94281,"2002-09-27","Kevin Donovan"
tt7939766,7,2023-02-05,"I'm Thinking of Ending Things","I'm Thinking of Ending Things",https://www.imdb.com/title/tt7939766,Movie,6.5,134,2020,"Drama, Thriller",111517,"2020-09-04","Charlie Kaufman"
tt2850386,9,2023-01-29,"The Croods: A New Age","The Croods: A New Age",https://www.imdb.com/title/tt2850386,Movie,6.9,95,2020,"Animation, Adventure, Comedy, Family, Fantasy",62402,"2020-11-25","Joel Crawford"
tt0481499,9,2023-01-29,"The Croods","The Croods",https://www.imdb.com/title/tt0481499,Movie,7.1,98,2013,"Animation, Adventure, Comedy, Family, Fantasy",253955,"2013-03-22","Kirk DeMicco,Chris Sanders"
tt0330373,9,2023-01-26,"Harry Potter and the Goblet of Fire","Harry Potter and the Goblet of Fire",https://www.imdb.com/title/tt0330373,Movie,7.7,157,2005,"Mystery, Family, Adventure, Fantasy",760612,"2005-11-18","Mike Newell"
tt1302011,9,2023-01-26,"Kung Fu Panda 2","Kung Fu Panda 2",https://www.imdb.com/title/tt1302011,Movie,7.3,90,2011,"Animation, Comedy, Action, Family, Adventure, Fantasy, Drama",361764,"2011-05-26","Jennifer Yuh Nelson"
tt1152836,6,2023-01-25,"Public Enemies","Public Enemies",https://www.imdb.com/title/tt1152836,Movie,6.9,140,2009,"Crime, Drama, Biography, History",336335,"2009-07-01","Michael Mann"
tt0120611,7,2023-01-22,"Blade","Blade",https://www.imdb.com/title/tt0120611,Movie,7.1,120,1998,"Horror, Sci-Fi, Action",333796,"1998-08-21","Stephen Norrington"
tt0101272,7,2022-12-27,"The Addams Family","The Addams Family",https://www.imdb.com/title/tt0101272,Movie,7.0,99,1991,"Fantasy, Comedy",202467,"1991-11-22","Barry Sonnenfeld"
tt14428598,9,2022-12-25,"Qala","Qala",https://www.imdb.com/title/tt14428598,Movie,7.2,119,2022,"Drama, Music, Thriller",8658,"2022-12-01","Anvita Dutt"
tt11703050,8,2022-12-22,"The House","The House",https://www.imdb.com/title/tt11703050,Movie,6.8,97,2022,"Animation, Comedy, Drama, Mystery, Thriller, Fantasy, Horror",26227,"2022-01-14","Paloma Baeza,Emma De Swaef,Niki Lindroth von Bahr,Marc James Roels"
tt2098220,7,2022-12-22,"Hunter X Hunter","Hunter x Hunter",https://www.imdb.com/title/tt2098220,TV Series,9.0,24,2011,"Animation, Adventure, Comedy, Action, Fantasy",201252,"2016-04-17",
tt15325794,8,2022-12-15,"Fall","Fall",https://www.imdb.com/title/tt15325794,Movie,6.4,107,2022,"Thriller, Action",142410,"2022-08-12","Scott Mann"
tt13357124,7,2022-12-13,"The Way of the Househusband","Gokushufudo",https://www.imdb.com/title/tt13357124,TV Series,7.3,16,2021,"Animation, Action, Crime, Drama, Comedy",7636,"2021-04-08",
tt6182908,8,2022-12-13,"Smallfoot","Smallfoot",https://www.imdb.com/title/tt6182908,Movie,6.6,96,2018,"Animation, Musical, Comedy, Family, Fantasy, Adventure, Drama",46015,"2018-09-28","Karey Kirkpatrick,Jason Reisig"
tt15600222,4,2022-12-05,"An Action Hero","An Action Hero",https://www.imdb.com/title/tt15600222,Movie,7.0,130,2022,"Action, Comedy, Crime, Thriller",33794,"2022-12-02","Anirudh Iyer"
tt14438964,8,2022-12-05,"Goodbye","Goodbye",https://www.imdb.com/title/tt14438964,Movie,6.8,130,2022,"Comedy, Drama, Family",12687,"2022-10-07","Vikas Bahl"
tt5108870,5,2022-11-29,"Morbius","Morbius",https://www.imdb.com/title/tt5108870,Movie,5.1,104,2022,"Action, Horror, Thriller, Sci-Fi, Adventure",173619,"2022-04-01","Daniel Espinosa"
tt1136608,8,2022-11-25,"District 9","District 9",https://www.imdb.com/title/tt1136608,Movie,7.9,112,2009,"Sci-Fi, Action, Thriller",755885,"2009-08-14","Neill Blomkamp"
tt0217869,5,2022-11-25,"Unbreakable","Unbreakable",https://www.imdb.com/title/tt0217869,Movie,7.3,106,2000,"Mystery, Drama, Sci-Fi, Thriller",470106,"2000-11-22","M. Night Shyamalan"
tt6443346,7,2022-11-24,"Black Adam","Black Adam",https://www.imdb.com/title/tt6443346,Movie,6.1,125,2022,"Action, Sci-Fi, Fantasy, Adventure",306844,"2022-10-21","Jaume Collet-Serra"
tt0319020,9,2022-11-23,"Awara Paagal Deewana","Awara Paagal Deewana",https://www.imdb.com/title/tt0319020,Movie,6.3,158,2002,"Crime, Thriller, Drama, Comedy, Action",10188,"2002-06-21","Vikram Bhatt"
tt6857112,8,2022-11-23,"Us","Us",https://www.imdb.com/title/tt6857112,Movie,6.8,116,2019,"Thriller, Horror, Mystery",397873,"2019-03-22","Jordan Peele"
tt8721424,6,2022-11-22,"tick, tick... BOOM!","Tick, Tick... Boom!",https://www.imdb.com/title/tt8721424,Movie,7.5,115,2021,"Musical, Biography, Drama, Comedy",129624,"2021-11-19","Lin-Manuel Miranda"
tt8543390,7,2022-11-20,"Modern Love","Modern Love",https://www.imdb.com/title/tt8543390,TV Series,7.9,30,2019,"Comedy, Romance, Drama",40594,"2019-10-18",
tt8663516,5,2022-11-17,"Child's Play","Child's Play",https://www.imdb.com/title/tt8663516,Movie,5.7,90,2019,"Horror, Sci-Fi, Drama, Thriller",60880,"2019-06-21","Lars Klevberg"
tt10366460,7,2022-11-16,"CODA","CODA",https://www.imdb.com/title/tt10366460,Movie,8.0,111,2021,"Drama, Music, Comedy",231107,"2021-08-13","Sian Heder"
tt1969062,6,2022-11-15,"Infinitely Polar Bear","Infinitely Polar Bear",https://www.imdb.com/title/tt1969062,Movie,6.9,90,2014,"Comedy, Drama, Romance",17860,"2015-06-19","Maya Forbes"
tt1439629,9,2022-11-14,"Community","Community",https://www.imdb.com/title/tt1439629,TV Series,8.5,22,2009,"Comedy",313204,"2009-09-17",
tt15327088,7,2022-11-13,"Kantara","Kantara",https://www.imdb.com/title/tt15327088,Movie,8.1,148,2022,"Adventure, Drama, Thriller, Action",117670,"2022-09-30","Rishab Shetty"
tt0337578,8,2022-11-12,"Baghban","Baghban",https://www.imdb.com/title/tt0337578,Movie,7.4,181,2003,"Romance, Drama",19066,"2003-10-03","Ravi Chopra"
tt0456481,3,2022-11-12,"Jaan-E-Mann: Let's Fall in Love... Again","Jaan-E-Mann: Let's Fall in Love... Again",https://www.imdb.com/title/tt0456481,Movie,6.1,165,2006,"Musical, Romance, Drama, Comedy",9895,"2006-10-20","Shirish Kunder"
tt1950186,9,2022-11-11,"Ford v Ferrari","Ford v Ferrari",https://www.imdb.com/title/tt1950186,Movie,8.1,152,2019,"Action, Drama, Biography, Sport",581575,"2019-11-15","James Mangold"
tt0099077,9,2022-10-25,"Awakenings","Awakenings",https://www.imdb.com/title/tt0099077,Movie,7.8,121,1990,"Biography, Drama",178094,"1991-01-11","Penny Marshall"
tt1045658,6,2022-10-25,"Silver Linings Playbook","Silver Linings Playbook",https://www.imdb.com/title/tt1045658,Movie,7.7,122,2012,"Comedy, Drama, Romance",776225,"2012-12-25","David O. Russell"
tt6882604,7,2022-10-24,"Archive","Archive",https://www.imdb.com/title/tt6882604,Movie,6.4,109,2020,"Sci-Fi, Drama, Thriller, Mystery",30141,"2020-07-10","Gavin Rothery"
tt9419884,7,2022-10-22,"Doctor Strange in the Multiverse of Madness","Doctor Strange in the Multiverse of Madness",https://www.imdb.com/title/tt9419884,Movie,6.8,126,2022,"Action, Fantasy, Adventure, Sci-Fi",553840,"2022-05-06","Sam Raimi"
tt10648342,6,2022-10-22,"Thor: Love and Thunder","Thor: Love and Thunder",https://www.imdb.com/title/tt10648342,Movie,6.1,118,2022,"Adventure, Romance, Sci-Fi, Comedy, Action",469155,"2022-07-08","Taika Waititi"
tt2463208,8,2022-10-22,"The Adam Project","The Adam Project",https://www.imdb.com/title/tt2463208,Movie,6.7,106,2022,"Sci-Fi, Action, Adventure, Comedy",260852,"2022-03-11","Shawn Levy"
tt9783600,7,2022-10-21,"Spiderhead","Spiderhead",https://www.imdb.com/title/tt9783600,Movie,5.5,106,2022,"Action, Drama, Sci-Fi, Thriller, Crime",73989,"2022-06-17","Joseph Kosinski"
tt14331144,8,2022-10-20,"Jujutsu Kaisen 0","Gekijô-ban Jujutsu Kaisen Zero",https://www.imdb.com/title/tt14331144,Movie,7.8,112,2021,"Animation, Action, Fantasy",65757,"2022-03-18","Sunghoo Park"
tt1276104,7,2022-10-18,"Looper","Looper",https://www.imdb.com/title/tt1276104,Movie,7.4,119,2012,"Sci-Fi, Action, Thriller, Drama",631043,"2012-09-28","Rian Johnson"
tt4501244,8,2022-10-18,"Why Him?","Why Him?",https://www.imdb.com/title/tt4501244,Movie,6.2,111,2016,"Comedy",136525,"2016-12-23","John Hamburg"
tt0180093,7,2022-10-14,"Requiem for a Dream","Requiem for a Dream",https://www.imdb.com/title/tt0180093,Movie,8.3,102,2000,"Drama",981036,"2000-12-15","Darren Aronofsky"
tt0200465,7,2022-10-08,"The Bank Job","The Bank Job",https://www.imdb.com/title/tt0200465,Movie,7.2,111,2008,"Thriller, Crime",197884,"2008-03-07","Roger Donaldson"
tt0369339,6,2022-09-29,"Collateral","Collateral",https://www.imdb.com/title/tt0369339,Movie,7.5,120,2004,"Crime, Thriller, Action, Drama",471791,"2004-08-06","Michael Mann"
tt1245492,6,2022-09-27,"This Is the End","This Is the End",https://www.imdb.com/title/tt1245492,Movie,6.6,107,2013,"Comedy, Fantasy, Sci-Fi, Thriller, Adventure",457860,"2013-06-12","Evan Goldberg,Seth Rogen"
tt0120382,9,2022-09-26,"The Truman Show","The Truman Show",https://www.imdb.com/title/tt0120382,Movie,8.2,103,1998,"Comedy, Drama",1395147,"1998-06-05","Peter Weir"
tt1160419,7,2022-09-25,"Dune: Part One","Dune: Part One",https://www.imdb.com/title/tt1160419,Movie,8.0,155,2021,"Sci-Fi, Adventure, Drama, Action",1081914,"2021-10-22","Denis Villeneuve"
tt5113044,7,2022-09-21,"Minions: The Rise of Gru","Minions: The Rise of Gru",https://www.imdb.com/title/tt5113044,Movie,6.5,87,2022,"Animation, Adventure, Comedy, Family, Sci-Fi, Crime",108242,"2022-07-01","Kyle Balda,Brad Ableson,Jonathan del Val"
tt10023024,4,2022-09-20,"Love Aaj Kal","Love Aaj Kal",https://www.imdb.com/title/tt10023024,Movie,4.7,142,2020,"Romance, Drama",10990,"2020-02-14","Imtiaz Ali"
tt13248076,8,2022-09-17,"Wonder Egg Priority","Wonder Egg Priority",https://www.imdb.com/title/tt13248076,TV Series,7.2,23,2021,"Animation, Drama, Fantasy, Thriller, Action, Sci-Fi, Horror",5547,"2021-01-13",
tt19875850,4,2022-09-03,"Tekken: Bloodline","Tekken: Bloodline",https://www.imdb.com/title/tt19875850,TV Mini Series,6.5,22,2022,"Animation, Action, Adventure, Fantasy, Sci-Fi, Thriller, Sport",5778,"2022-08-18",
tt2467372,10,2022-09-01,"Brooklyn Nine-Nine","Brooklyn Nine-Nine",https://www.imdb.com/title/tt2467372,TV Series,8.4,22,2013,"Comedy, Crime",421430,"2013-09-17",
tt1464335,6,2022-08-27,"Uncharted","Uncharted",https://www.imdb.com/title/tt1464335,Movie,6.3,116,2022,"Action, Adventure",305181,"2022-02-18","Ruben Fleischer"
tt1727496,6,2022-08-14,"Dil Toh Baccha Hai Ji","Dil Toh Baccha Hai Ji",https://www.imdb.com/title/tt1727496,Movie,5.9,143,2011,"Comedy, Drama, Romance",4641,"2011-01-28","Madhur Bhandarkar"
tt10288566,9,2022-08-13,"Another Round","Druk",https://www.imdb.com/title/tt10288566,Movie,7.7,117,2020,"Drama, Comedy",229318,"2020-12-18","Thomas Vinterberg"
tt8936646,8,2022-08-11,"Extraction","Extraction",https://www.imdb.com/title/tt8936646,Movie,6.8,116,2020,"Action, Thriller, Crime",292510,"2020-04-24","Sam Hargrave"
tt7991608,6,2022-08-11,"Red Notice","Red Notice",https://www.imdb.com/title/tt7991608,Movie,6.3,118,2021,"Action, Comedy, Thriller",358025,"2021-11-12","Rawson Marshall Thurber"
tt12004706,8,2022-08-09,"Panchayat","Panchayat",https://www.imdb.com/title/tt12004706,TV Series,9.0,,2020,"Drama, Comedy",118995,"2020-03-05",
tt13449624,7,2022-08-05,"Jug Jugg Jeeyo","Jug Jugg Jeeyo",https://www.imdb.com/title/tt13449624,Movie,6.1,148,2022,"Comedy, Romance, Drama, Family",43522,"2022-06-24","Raj Mehta"
tt13815702,5,2022-07-16,"Bajre Da Sitta","Bajre Da Sitta",https://www.imdb.com/title/tt13815702,Movie,7.0,113,2022,"Drama",751,"2022-07-15","Jass Grewal,Vikram Rana,Arun Kumar Barnwal"
tt0290978,6,2022-07-12,"The Office","The Office",https://www.imdb.com/title/tt0290978,TV Series,8.5,30,2001,"Drama, Comedy",133352,"2003-01-23",
tt14230846,4,2022-07-03,"Saunkan Saunkne","Saunkan Saunkne",https://www.imdb.com/title/tt14230846,Movie,6.3,150,2022,"Comedy, Drama, Romance",2082,"2022-05-13","Amarjit Singh Saron"
tt14670276,6,2022-06-26,"Lekh","Lekh",https://www.imdb.com/title/tt14670276,Movie,7.7,123,2022,"Romance, Drama",2130,"2022-04-01","Manvir Brar"
tt13534808,4,2022-06-12,"Janhit Mein Jaari","Janhit Mein Jaari",https://www.imdb.com/title/tt13534808,Movie,6.8,146,2022,"Comedy, Drama, Romance",8302,"2022-06-10","Jai Basantu Singh"
tt3170832,9,2022-06-07,"Room","Room",https://www.imdb.com/title/tt3170832,Movie,8.1,118,2015,"Drama, Thriller",483169,"2016-01-22","Lenny Abrahamson"
tt1392214,9,2022-06-07,"Prisoners","Prisoners",https://www.imdb.com/title/tt1392214,Movie,8.2,153,2013,"Crime, Drama, Thriller, Mystery",950517,"2013-09-20","Denis Villeneuve"
tt2359810,7,2022-06-06,"Raanjhanaa","Raanjhanaa",https://www.imdb.com/title/tt2359810,Movie,7.6,140,2013,"Romance, Drama",38426,"2013-06-21","Aanand L. Rai"
tt13919802,5,2022-05-28,"Anek","Anek",https://www.imdb.com/title/tt13919802,Movie,6.3,147,2022,"Action, Thriller, Drama, Sport",22901,"2022-05-27","Anubhav Sinha"
tt5600714,6,2022-05-28,"Laal Rang","Laal Rang",https://www.imdb.com/title/tt5600714,Movie,7.8,147,2016,"Crime, Thriller, Comedy, Drama",5466,"2016-04-22","Syed Ahmad Afzal"
tt6455162,3,2022-05-28,"Bhool Bhulaiyaa 2","Bhool Bhulaiyaa 2",https://www.imdb.com/title/tt6455162,Movie,5.7,143,2022,"Comedy, Horror",36421,"2022-05-20","Anees Bazmee"
tt4964788,6,2022-05-22,"Everybody Knows","Todos lo saben",https://www.imdb.com/title/tt4964788,Movie,6.9,133,2018,"Drama, Thriller, Mystery, Crime",40509,"2019-02-08","Asghar Farhadi"
tt2911666,7,2022-05-01,"John Wick","John Wick",https://www.imdb.com/title/tt2911666,Movie,7.5,101,2014,"Action, Thriller, Crime",836384,"2014-10-24","Chad Stahelski"
tt9484998,5,2022-04-28,"Palm Springs","Palm Springs",https://www.imdb.com/title/tt9484998,Movie,7.4,90,2020,"Comedy, Romance, Fantasy, Mystery, Sci-Fi",217369,"2020-07-10","Max Barbakow"
tt5301942,8,2022-04-25,"Jersey","Jersey",https://www.imdb.com/title/tt5301942,Movie,7.3,170,2022,"Sport, Drama",15782,"2022-04-22","Gowtam Tinnanuri"
tt11934846,6,2022-04-23,"Badhaai Do","Badhaai Do",https://www.imdb.com/title/tt11934846,Movie,7.0,147,2022,"Drama, Romance, Comedy",23194,"2022-02-11","Harshavardhan Kulkarni,Sehgal Raj,Kirti Nakhwa,Prateek Vats"
tt0347149,6,2022-04-22,"Howl's Moving Castle","Hauru no ugoku shiro",https://www.imdb.com/title/tt0347149,Movie,8.2,119,2004,"Animation, Adventure, Family, Fantasy",518671,"2005-06-17","Hayao Miyazaki"
tt12735338,6,2022-04-16,"Words Bubble Up Like Soda Pop","Cider no yô ni kotoba ga wakiagaru",https://www.imdb.com/title/tt12735338,Movie,6.8,87,2020,"Animation, Drama, Romance, Music",7244,"2021-07-22","Kyôhei Ishiguro"
tt2582802,8,2022-04-13,"Whiplash","Whiplash",https://www.imdb.com/title/tt2582802,Movie,8.5,106,2014,"Drama, Music",1172597,"2014-10-15","Damien Chazelle"
tt8178634,7,2022-04-10,"RRR","RRR (Rise Roar Revolt)",https://www.imdb.com/title/tt8178634,Movie,7.8,187,2022,"Action, Drama, Adventure",226092,"2022-03-25","S.S. Rajamouli"
tt2267998,8,2022-04-06,"Gone Girl","Gone Girl",https://www.imdb.com/title/tt2267998,Movie,8.1,149,2014,"Thriller, Drama, Mystery",1181375,"2014-10-03","David Fincher"
tt0108052,10,2022-03-31,"Schindler's List","Schindler's List",https://www.imdb.com/title/tt0108052,Movie,9.0,195,1993,"Biography, History, Drama",1596479,"1994-02-04","Steven Spielberg"
tt2082197,9,2022-03-27,"Barfi!","Barfi!",https://www.imdb.com/title/tt2082197,Movie,8.1,151,2012,"Drama, Comedy, Romance",94509,"2012-09-14","Anurag Basu"
tt0247745,6,2022-03-21,"Super Troopers","Super Troopers",https://www.imdb.com/title/tt0247745,Movie,7.0,100,2001,"Mystery, Crime, Comedy",119847,"2002-02-15","Jay Chandrasekhar"
tt9059760,10,2022-03-18,"Normal People","Normal People",https://www.imdb.com/title/tt9059760,TV Mini Series,8.4,28,2020,"Drama, Romance",117904,"2020-04-29",
tt10872600,10,2022-03-15,"Spider-Man: No Way Home","Spider-Man: No Way Home",https://www.imdb.com/title/tt10872600,Movie,8.1,148,2021,"Action, Adventure, Sci-Fi, Fantasy",1053643,"2021-12-17","Jon Watts"
tt0095953,7,2022-03-15,"Rain Man","Rain Man",https://www.imdb.com/title/tt0095953,Movie,8.0,133,1988,"Drama",587780,"1988-12-16","Barry Levinson"
tt0110413,7,2022-03-13,"Léon: The Professional","Léon",https://www.imdb.com/title/tt0110413,Movie,8.5,110,1994,"Action, Drama, Crime, Thriller",1360276,"1994-11-18","Luc Besson"
tt10083340,7,2022-03-09,"Gangubai Kathiawadi","Gangubai Kathiawadi",https://www.imdb.com/title/tt10083340,Movie,7.8,152,2022,"Drama, Biography, Crime",67708,"2022-02-25","Sanjay Leela Bhansali"
tt1877830,7,2022-03-08,"The Batman","The Batman",https://www.imdb.com/title/tt1877830,Movie,7.8,176,2022,"Crime, Mystery, Action, Drama",941317,"2022-03-04","Matt Reeves"
tt5946128,8,2022-02-14,"Dear Zindagi","Dear Zindagi",https://www.imdb.com/title/tt5946128,Movie,7.4,151,2016,"Drama, Romance",47765,"2016-11-23","Gauri Shinde"
tt0075314,7,2022-02-11,"Taxi Driver","Taxi Driver",https://www.imdb.com/title/tt0075314,Movie,8.2,114,1976,"Crime, Drama",1036513,"1976-02-09","Martin Scorsese"
tt11725706,9,2022-02-08,"Taj Mahal 1989","Taj Mahal 1989",https://www.imdb.com/title/tt11725706,TV Series,7.4,,2020,"Drama, Romance, Comedy",1809,"2020-02-14",
tt0800956,6,2022-02-06,"Life in a Metro","Life in a Metro",https://www.imdb.com/title/tt0800956,Movie,7.4,132,2007,"Musical, Romance, Drama, Comedy",15271,"2007-05-11","Anurag Basu"
tt2980794,9,2022-02-02,"Highway","Highway",https://www.imdb.com/title/tt2980794,Movie,7.6,133,2014,"Drama, Romance, Crime",33020,"2014-02-21","Imtiaz Ali"
tt0120102,9,2022-01-29,"Seven Years in Tibet","Seven Years in Tibet",https://www.imdb.com/title/tt0120102,Movie,7.1,136,1997,"Biography, History, War, Drama, Adventure",169421,"1997-10-10","Jean-Jacques Annaud"
tt1832382,8,2022-01-27,"A Separation","Jodaeiye Nader az Simin",https://www.imdb.com/title/tt1832382,Movie,8.3,123,2011,"Drama",279500,"2011-03-16","Asghar Farhadi"
tt1327035,7,2022-01-24,"Dev.D","Dev.D",https://www.imdb.com/title/tt1327035,Movie,7.9,144,2009,"Drama, Romance, Comedy",34589,"2009-02-06","Anurag Kashyap"
tt0119094,7,2022-01-23,"Face/Off","Face/Off",https://www.imdb.com/title/tt0119094,Movie,7.3,138,1997,"Crime, Thriller, Action, Sci-Fi",429852,"1997-06-27","John Woo"
tt0119427,5,2022-01-23,"Judaai","Judaai",https://www.imdb.com/title/tt0119427,Movie,6.1,167,1997,"Comedy, Romance, Drama",3238,"1997-02-01","Raj Kanwar"
tt6048930,6,2022-01-23,"Naked","Naked",https://www.imdb.com/title/tt6048930,Movie,5.4,96,2017,"Comedy, Romance, Fantasy",23704,"2017-08-11","Michael Tiddes"
tt4633694,9,2022-01-22,"Spider-Man: Into the Spider-Verse","Spider-Man: Into the Spider-Verse",https://www.imdb.com/title/tt4633694,Movie,8.4,117,2018,"Animation, Action, Sci-Fi, Adventure, Family, Fantasy",806197,"2018-12-14","Bob Persichetti,Peter Ramsey,Rodney Rothman"
tt2543472,8,2022-01-09,"Wonder","Wonder",https://www.imdb.com/title/tt2543472,Movie,7.9,113,2017,"Drama, Family",198438,"2017-11-17","Stephen Chbosky"
tt12861850,5,2022-01-09,"Chandigarh Kare Aashiqui","Chandigarh Kare Aashiqui",https://www.imdb.com/title/tt12861850,Movie,6.7,117,2021,"Drama, Crime",16039,"2021-12-10","Abhishek Kapoor"
tt7518786,7,2022-01-05,"'83","83",https://www.imdb.com/title/tt7518786,Movie,7.5,162,2021,"Drama, Sport, History",43259,"2021-12-24","Kabir Khan,Singh Nanak"
tt10838180,6,2022-01-01,"The Matrix Resurrections","The Matrix Resurrections",https://www.imdb.com/title/tt10838180,Movie,5.6,148,2021,"Action, Sci-Fi",305383,"2021-12-22","Lana Wachowski"
tt5442430,7,2021-12-31,"Life","Life",https://www.imdb.com/title/tt5442430,Movie,6.6,104,2017,"Sci-Fi, Thriller, Horror",279027,"2017-03-24","Daniel Espinosa"
tt0758752,8,2021-12-31,"Love & Other Drugs","Love & Other Drugs",https://www.imdb.com/title/tt0758752,Movie,6.7,112,2010,"Drama, Comedy, Romance",254449,"2010-11-24","Edward Zwick"
tt0255111,6,2021-12-30,"Dhadkan","Dhadkan",https://www.imdb.com/title/tt0255111,Movie,6.5,161,2000,"Romance, Drama",9040,"2000-08-11","Dharmesh Darshan"
tt2584384,8,2021-12-28,"Jojo Rabbit","Jojo Rabbit",https://www.imdb.com/title/tt2584384,Movie,7.9,108,2019,"Comedy, War, Drama",492044,"2019-11-08","Taika Waititi"
tt0372784,9,2021-12-24,"Batman Begins","Batman Begins",https://www.imdb.com/title/tt0372784,Movie,8.2,140,2005,"Crime",1734293,"2005-06-15","Christopher Nolan"
tt0369179,6,2021-12-19,"Two and a Half Men","Two and a Half Men",https://www.imdb.com/title/tt0369179,TV Series,7.1,22,2003,"Comedy, Romance",299919,"2003-09-22",
tt1638355,8,2021-12-17,"The Man from U.N.C.L.E.","The Man from U.N.C.L.E.",https://www.imdb.com/title/tt1638355,Movie,7.2,116,2015,"Action, Adventure, Comedy",358772,"2015-08-14","Guy Ritchie"
tt1856101,8,2021-12-16,"Blade Runner 2049","Blade Runner 2049",https://www.imdb.com/title/tt1856101,Movie,8.0,164,2017,"Sci-Fi, Thriller, Action, Drama, Mystery",763427,"2017-10-06","Denis Villeneuve"
tt0147800,2,2021-12-14,"10 Things I Hate About You","10 Things I Hate About You",https://www.imdb.com/title/tt0147800,Movie,7.4,97,1999,"Drama, Romance, Comedy",457607,"1999-03-31","Gil Junger"
tt1226837,8,2021-12-12,"Beautiful Boy","Beautiful Boy",https://www.imdb.com/title/tt1226837,Movie,7.4,120,2018,"Drama, Biography",131446,"2018-10-25","Felix van Groeningen"
tt3186880,9,2021-11-30,"The Wolf Among Us","The Wolf Among Us",https://www.imdb.com/title/tt3186880,Video Game,8.8,,2013,"Animation, Crime, Fantasy, Drama, Mystery, Thriller, Action, Adventure",9894,"2013-10-11","Nick Herman,Jason Latino,Dennis Lenart"
tt0266915,6,2021-11-21,"Rush Hour 2","Rush Hour 2",https://www.imdb.com/title/tt0266915,Movie,6.7,90,2001,"Thriller, Crime, Comedy, Action",262788,"2001-08-03","Brett Ratner"
tt7430722,6,2021-11-14,"War","War",https://www.imdb.com/title/tt7430722,Movie,6.6,151,2019,"Action, Thriller, Adventure",40594,"2019-10-02","Siddharth Anand"
tt9376612,9,2021-11-12,"Shang-Chi and the Legend of the Ten Rings","Shang-Chi and the Legend of the Ten Rings",https://www.imdb.com/title/tt9376612,Movie,7.3,132,2021,"Action, Adventure, Fantasy, Sci-Fi",496342,"2021-09-03","Destin Daniel Cretton"
tt8607500,5,2021-11-08,"Just Cause 4","Just Cause 4",https://www.imdb.com/title/tt8607500,Video Game,5.8,,2018,"Action, Adventure, Sci-Fi, Thriller",1420,"2018-12-04","Francesco Antolini"
tt0995740,10,2021-11-07,"No Smoking","No Smoking",https://www.imdb.com/title/tt0995740,Movie,7.3,128,2007,"Drama, Thriller, Mystery, Horror",11586,"2007-10-26","Anurag Kashyap"
tt0974015,2,2021-11-06,"Justice League","Justice League",https://www.imdb.com/title/tt0974015,Movie,6.0,120,2017,"Sci-Fi",508030,"2017-11-17","Zack Snyder"
tt12361974,8,2021-11-06,"Zack Snyder's Justice League","Zack Snyder's Justice League",https://www.imdb.com/title/tt12361974,Movie,7.9,242,2021,"Adventure, Fantasy, Sci-Fi",477649,"2021-03-18","Zack Snyder"
tt0104257,7,2021-11-05,"A Few Good Men","A Few Good Men",https://www.imdb.com/title/tt0104257,Movie,7.8,138,1992,"Thriller, Drama",320172,"1992-12-11","Rob Reiner"
tt12794046,6,2021-11-04,"Batman: Death in the Family","Batman: Death in the Family",https://www.imdb.com/title/tt12794046,Video,5.7,96,2020,"Animation, Action, Crime, Drama, Mystery, Thriller, Fantasy, Horror, Sci-Fi, War",5047,"2020-10-13","Brandon Vietti"
tt1270797,8,2021-11-03,"Venom","Venom",https://www.imdb.com/title/tt1270797,Movie,6.6,112,2018,"Action, Sci-Fi, Adventure",613299,"2018-10-05","Ruben Fleischer"
tt7097896,7,2021-11-03,"Venom: Let There Be Carnage","Venom: Let There Be Carnage",https://www.imdb.com/title/tt7097896,Movie,5.9,97,2021,"Action, Thriller, Sci-Fi, Adventure, Fantasy, Horror, Crime",308493,"2021-10-01","Andy Serkis"
tt13196080,8,2021-11-03,"Tokyo Revengers","Tôkyô Ribenjâzu",https://www.imdb.com/title/tt13196080,TV Series,7.7,24,2021,"Animation, Action, Drama",34243,"2021-04-10",
tt4272866,8,2021-10-31,"The Boy and the Beast","Bakemono no ko",https://www.imdb.com/title/tt4272866,Movie,7.6,119,2015,"Animation, Action, Adventure, Fantasy, Drama",30198,"2015-07-11","Mamoru Hosoda"
tt0780504,8,2021-10-28,"Drive","Drive",https://www.imdb.com/title/tt0780504,Movie,7.8,100,2011,"Drama, Action",770433,"2011-09-16","Nicolas Winding Refn"
tt3262342,10,2021-10-28,"Loving Vincent","Loving Vincent",https://www.imdb.com/title/tt3262342,Movie,7.8,94,2017,"Animation, Drama, Mystery",68702,"2017-09-22","DK Welchman,Hugh Welchman"
tt0251127,4,2021-10-24,"How to Lose a Guy in 10 Days","How to Lose a Guy in 10 Days",https://www.imdb.com/title/tt0251127,Movie,6.6,116,2003,"Romance, Comedy",327561,"2003-02-07","Donald Petrie"
tt0088847,7,2021-10-23,"The Breakfast Club","The Breakfast Club",https://www.imdb.com/title/tt0088847,Movie,7.8,97,1985,"Comedy, Drama",475679,"1985-02-15","John Hughes"
tt1343092,8,2021-10-21,"The Great Gatsby","The Great Gatsby",https://www.imdb.com/title/tt1343092,Movie,7.2,143,2013,"Drama, Romance",647259,"2013-05-10","Baz Luhrmann"
tt3622592,6,2021-10-19,"Paper Towns","Paper Towns",https://www.imdb.com/title/tt3622592,Movie,6.2,109,2015,"Mystery, Romance, Drama, Comedy, Adventure",112101,"2015-07-24","Jake Schreier"
tt3480822,6,2021-10-18,"Black Widow","Black Widow",https://www.imdb.com/title/tt3480822,Movie,6.6,134,2021,"Action, Adventure, Sci-Fi",484416,"2021-07-09","Cate Shortland"
tt6264654,8,2021-10-18,"Free Guy","Free Guy",https://www.imdb.com/title/tt6264654,Movie,7.1,115,2021,"Action, Comedy, Sci-Fi, Adventure, Fantasy, Romance",494510,"2021-08-13","Shawn Levy"
tt0156887,8,2021-10-11,"Perfect Blue","Perfect Blue",https://www.imdb.com/title/tt0156887,Movie,8.0,82,1997,"Animation, Mystery, Crime, Drama, Thriller",125392,"1998-02-28","Satoshi Kon"
tt1909447,7,2021-10-01,"Deadman Wonderland","Deadman Wonderland",https://www.imdb.com/title/tt1909447,TV Series,7.0,24,2011,"Animation, Thriller, Action, Drama, Horror",13880,"2011-04-01",
tt0983213,8,2021-09-27,"5 Centimeters per Second","Byôsoku 5 senchimêtoru",https://www.imdb.com/title/tt0983213,Movie,7.4,63,2007,"Animation, Romance, Drama, Family",71692,"2007-03-03","Makoto Shinkai"
tt0416449,9,2021-09-26,"300","300",https://www.imdb.com/title/tt0416449,Movie,7.6,117,2006,"Action, Drama",918735,"2007-03-09","Zack Snyder"
tt7767422,9,2021-09-22,"Sex Education","Sex Education",https://www.imdb.com/title/tt7767422,TV Series,8.2,60,2019,"Drama, Comedy, Romance",401834,"2019-01-11",
tt0993846,8,2021-09-12,"The Wolf of Wall Street","The Wolf of Wall Street",https://www.imdb.com/title/tt0993846,Movie,8.2,180,2013,"Crime, Drama, Biography, Comedy",1813624,"2013-12-25","Martin Scorsese"
tt12879624,8,2021-09-12,"Josee, the Tiger and the Fish","Joze to tora to sakana-tachi",https://www.imdb.com/title/tt12879624,Movie,7.7,99,2020,"Animation, Romance, Drama",12777,"2021-07-12","Kōtarō Tamura"
tt0964517,8,2021-09-02,"The Fighter","The Fighter",https://www.imdb.com/title/tt0964517,Movie,7.8,116,2010,"Drama, Sport, Biography, Action",410120,"2010-12-17","David O. Russell"
tt0234215,7,2021-08-31,"The Matrix Reloaded","The Matrix Reloaded",https://www.imdb.com/title/tt0234215,Movie,7.2,138,2003,"Action, Sci-Fi",674502,"2003-05-15","Lana Wachowski,Lilly Wachowski"
tt0242653,7,2021-08-23,"The Matrix Revolutions","The Matrix Revolutions",https://www.imdb.com/title/tt0242653,Movie,6.7,129,2003,"Action, Sci-Fi",578414,"2003-11-05","Lana Wachowski,Lilly Wachowski"
tt1355642,10,2021-08-20,"Fullmetal Alchemist: Brotherhood","Hagane no renkinjutsushi",https://www.imdb.com/title/tt1355642,TV Series,9.1,24,2009,"Animation, Action, Adventure, Drama, Sci-Fi, Comedy, Fantasy",254498,"2009-04-09",
tt6806448,4,2021-08-17,"Fast & Furious Presents: Hobbs & Shaw","Fast & Furious Presents: Hobbs & Shaw",https://www.imdb.com/title/tt6806448,Movie,6.4,137,2019,"Action, Adventure, Thriller",259653,"2019-08-02","David Leitch"
tt0133093,9,2021-08-16,"The Matrix","The Matrix",https://www.imdb.com/title/tt0133093,Movie,8.7,136,1999,"Action, Sci-Fi",2267253,"1999-03-31","Lana Wachowski,Lilly Wachowski"
tt2621722,7,2021-08-13,"F.I.R.","F.I.R.",https://www.imdb.com/title/tt2621722,TV Series,7.8,20,2006,"Comedy",2091,"2006-07-31",
tt10295212,8,2021-08-13,"Shershaah","Shershaah",https://www.imdb.com/title/tt10295212,Movie,8.3,135,2021,"Action, Biography, Drama, War",137156,"2021-08-12","Vishnuvardhan"
tt0248667,5,2021-08-02,"Ali","Ali",https://www.imdb.com/title/tt0248667,Movie,6.7,157,2001,"Sport, Biography, Drama",110751,"2001-12-25","Michael Mann"
tt11045422,6,2021-07-31,"Toofaan","Toofaan",https://www.imdb.com/title/tt11045422,Movie,6.1,163,2021,"Sport, Drama",53299,"2021-07-16","Rakeysh Omprakash Mehra"
tt2397535,9,2021-07-28,"Predestination","Predestination",https://www.imdb.com/title/tt2397535,Movie,7.4,97,2014,"Sci-Fi, Thriller, Drama, Action",337932,"2015-01-09","Michael Spierig,Peter Spierig"
tt0072271,6,2021-07-16,"The Texas Chain Saw Massacre","The Texas Chain Saw Massacre",https://www.imdb.com/title/tt0072271,Movie,7.4,83,1974,"Horror",214560,"1974-10-11","Tobe Hooper"
tt1289401,3,2021-07-16,"Ghostbusters","Ghostbusters",https://www.imdb.com/title/tt1289401,Movie,6.8,117,2016,"Comedy, Sci-Fi, Fantasy, Action",259870,"2016-07-15","Paul Feig"
tt0105500,5,2021-07-08,"Suryavanshi","Suryavanshi",https://www.imdb.com/title/tt0105500,Movie,4.4,161,1992,"Fantasy, Horror, Action, Romance",1400,"1992-02-07","Rakesh Kumar"
tt0213338,8,2021-07-07,"Cowboy Bebop","Kaubôi bibappu",https://www.imdb.com/title/tt0213338,TV Series,8.9,24,1998,"Animation, Action, Drama, Comedy, Sci-Fi, Adventure",171996,"2001-09-02",
tt3569230,7,2021-06-27,"Legend","Legend",https://www.imdb.com/title/tt3569230,Movie,6.9,132,2015,"Thriller, Biography, Crime, Drama",225767,"2015-11-20","Brian Helgeland"
tt13304410,9,2021-06-26,"Sunflower","Sunflower",https://www.imdb.com/title/tt13304410,TV Series,7.4,36,2021,"Comedy, Crime, Mystery",25326,"2021-06-11",
tt0145487,7,2021-06-23,"Spider-Man","Spider-Man",https://www.imdb.com/title/tt0145487,Movie,7.4,121,2002,"Adventure, Sci-Fi, Action",984903,"2002-05-03","Sam Raimi"
tt0405159,10,2021-06-12,"Million Dollar Baby","Million Dollar Baby",https://www.imdb.com/title/tt0405159,Movie,8.1,132,2004,"Drama, Sport",770811,"2005-01-28","Clint Eastwood"
tt6741278,7,2021-06-10,"Invincible","Invincible",https://www.imdb.com/title/tt6741278,TV Series,8.7,50,2021,"Animation, Sci-Fi, Action, Drama, Adventure, Fantasy, Thriller",349409,"2021-03-26",
tt0164334,8,2021-06-06,"Along Came a Spider","Along Came a Spider",https://www.imdb.com/title/tt0164334,Movie,6.4,104,2001,"Crime, Drama, Mystery, Thriller",104559,"2001-04-06","Lee Tamahori"
tt0335266,5,2021-06-05,"Lost in Translation","Lost in Translation",https://www.imdb.com/title/tt0335266,Movie,7.7,102,2003,"Comedy, Drama",533225,"2003-10-03","Sofia Coppola"
tt0332379,8,2021-06-04,"School of Rock","School of Rock",https://www.imdb.com/title/tt0332379,Movie,7.2,109,2003,"Music, Comedy",360736,"2003-10-03","Richard Linklater"
tt0983193,9,2021-06-02,"The Adventures of Tintin","The Adventures of Tintin",https://www.imdb.com/title/tt0983193,Movie,7.3,107,2011,"Animation, Adventure, Family, Mystery, Action",256740,"2011-12-21","Steven Spielberg"
tt0103786,5,2021-06-01,"Beethoven","Beethoven",https://www.imdb.com/title/tt0103786,Movie,5.8,87,1992,"Drama, Comedy, Family",82052,"1992-04-03","Brian Levant"
tt0114746,8,2021-05-31,"12 Monkeys","Twelve Monkeys",https://www.imdb.com/title/tt0114746,Movie,8.0,129,1995,"Mystery, Sci-Fi, Thriller",682522,"1996-01-05","Terry Gilliam"
tt1285016,8,2021-05-15,"The Social Network","The Social Network",https://www.imdb.com/title/tt1285016,Movie,7.8,120,2010,"Drama, Biography",825610,"2010-10-01","David Fincher"
tt2980516,8,2021-05-15,"The Theory of Everything","The Theory of Everything",https://www.imdb.com/title/tt2980516,Movie,7.7,123,2014,"Drama, Biography, Romance",509664,"2014-11-26","James Marsh"
tt0395571,9,2021-05-15,"Hawking","Hawking",https://www.imdb.com/title/tt0395571,TV Movie,7.4,90,2004,"Drama, Biography",6654,"2004-04-13","Philip Martin"
tt11407524,5,2021-05-14,"Hostel Daze","Hostel Daze",https://www.imdb.com/title/tt11407524,TV Series,8.5,,2019,"Drama, Comedy",23456,"2019-12-13",
tt1252596,8,2021-05-12,"Ajab Prem Ki Ghazab Kahani","Ajab Prem Ki Ghazab Kahani",https://www.imdb.com/title/tt1252596,Movie,6.5,150,2009,"Musical, Comedy, Romance, Action",19210,"2009-11-06","Rajkumar Santoshi"
tt3774114,9,2021-05-11,"Snowden","Snowden",https://www.imdb.com/title/tt3774114,Movie,7.3,134,2016,"Drama, Thriller, Biography, Crime",173905,"2016-09-16","Oliver Stone"
tt1632708,6,2021-05-10,"Friends with Benefits","Friends with Benefits",https://www.imdb.com/title/tt1632708,Movie,6.5,109,2011,"Comedy, Romance",422529,"2011-07-22","Will Gluck"
tt4649466,6,2021-05-10,"Kingsman: The Golden Circle","Kingsman: The Golden Circle",https://www.imdb.com/title/tt4649466,Movie,6.7,141,2017,"Action, Adventure, Comedy, Crime, Thriller",404477,"2017-09-22","Matthew Vaughn"
tt2802144,8,2021-05-10,"Kingsman: The Secret Service","Kingsman: The Secret Service",https://www.imdb.com/title/tt2802144,Movie,7.7,129,2014,"Adventure, Action, Comedy, Thriller",781845,"2015-02-13","Matthew Vaughn"
tt3890160,8,2021-05-10,"Baby Driver","Baby Driver",https://www.imdb.com/title/tt3890160,Movie,7.5,113,2017,"Action, Music, Crime, Drama, Romance, Thriller",691494,"2017-06-28","Edgar Wright"
tt0374271,9,2021-05-09,"In Your Name","Tere Naam",https://www.imdb.com/title/tt0374271,Movie,7.2,132,2003,"Romance, Drama, Action",22759,"2003-08-15","Satish Kaushik"
tt0207341,5,2021-05-09,"Biwi No. 1","Biwi No. 1",https://www.imdb.com/title/tt0207341,Movie,5.7,159,1999,"Comedy, Drama, Romance",7061,"1999-05-28","David Dhawan"
tt0451803,7,2021-05-09,"Maine Pyaar Kyun Kiya","Maine Pyaar Kyun Kiya",https://www.imdb.com/title/tt0451803,Movie,5.6,145,2005,"Comedy, Drama, Romance",6589,"2005-07-15","David Dhawan"
tt0488798,9,2021-05-09,"Welcome","Welcome",https://www.imdb.com/title/tt0488798,Movie,7.2,150,2007,"Comedy, Romance, Crime, Drama",30085,"2007-12-21","Anees Bazmee,Mayur K. Barot"
tt0806088,8,2021-05-09,"Heyy Babyy","Heyy Babyy",https://www.imdb.com/title/tt0806088,Movie,6.1,144,2007,"Comedy, Drama",17928,"2007-08-24","Sajid Khan"
tt0807758,7,2021-05-09,"Partner","Partner",https://www.imdb.com/title/tt0807758,Movie,5.9,155,2007,"Romance, Comedy, Drama",15185,"2007-07-20","David Dhawan"
tt0453671,6,2021-05-09,"Garam Masala","Garam Masala",https://www.imdb.com/title/tt0453671,Movie,6.8,146,2005,"Comedy, Romance",19502,"2005-11-03","Priyadarshan"
tt0418362,8,2021-05-09,"Mujhse Shaadi Karogi","Mujhse Shaadi Karogi",https://www.imdb.com/title/tt0418362,Movie,6.7,163,2004,"Comedy, Romance",19090,"2004-07-30","David Dhawan"
tt1182937,6,2021-05-09,"Rab Ne Bana Di Jodi","Rab Ne Bana Di Jodi",https://www.imdb.com/title/tt1182937,Movie,7.2,167,2008,"Drama, Romance, Comedy, Music",60069,"2008-12-12","Aditya Chopra"
tt1024943,7,2021-05-09,"Om Shanti Om","Om Shanti Om",https://www.imdb.com/title/tt1024943,Movie,6.8,162,2007,"Musical, Action, Romance, Drama, Thriller, Comedy, Fantasy",56925,"2007-11-09","Farah Khan"
tt0441048,8,2021-05-09,"Dhoom 2","Dhoom:2",https://www.imdb.com/title/tt0441048,Movie,6.6,152,2006,"Thriller, Action, Crime, Adventure",33243,"2006-11-24","Sanjay Gadhvi"
tt0422091,8,2021-05-09,"Dhoom","Dhoom",https://www.imdb.com/title/tt0422091,Movie,6.7,129,2004,"Action, Thriller, Crime, Adventure",24935,"2004-08-27","Sanjay Gadhvi"
tt1185420,4,2021-05-09,"Dostana","Dostana",https://www.imdb.com/title/tt1185420,Movie,6.4,145,2008,"Comedy, Drama, Romance",17414,"2008-11-14","Tarun Mansukhani,Punit Malhotra"
tt11448214,6,2021-05-08,"Rent-a-Girlfriend","Kanojo, Okarishimasu",https://www.imdb.com/title/tt11448214,TV Series,6.7,24,2020,"Animation, Comedy, Romance",12846,"2020-07-11",
tt11768948,9,2021-05-06,"If Anything Happens I Love You","If Anything Happens I Love You",https://www.imdb.com/title/tt11768948,Short,7.8,13,2020,"Animation, Short, Drama",24492,"2020-11-20","Michael Govier,Will McCormack"
tt7881550,6,2021-05-05,"Har Kisse Ke Hisse: Kaamyaab","Kaamyaab",https://www.imdb.com/title/tt7881550,Movie,7.7,109,2018,"Drama",4678,"2020-03-06","Hardik Mehta"
tt1837492,7,2021-05-05,"13 Reasons Why","13 Reasons Why",https://www.imdb.com/title/tt1837492,TV Series,7.4,60,2017,"Drama, Mystery, Thriller",342005,"2017-03-31",
tt5420376,4,2021-05-05,"Riverdale","Riverdale",https://www.imdb.com/title/tt5420376,TV Series,6.4,45,2017,"Drama, Crime, Mystery, Romance",166718,"2017-01-26",
tt11032374,7,2021-05-03,"Demon Slayer: Kimetsu no Yaiba - The Movie: Mugen Train","Gekijô-ban Kimetsu no Yaiba Mugen Ressha-hen",https://www.imdb.com/title/tt11032374,Movie,8.2,117,2020,"Animation, Action, Adventure, Fantasy, Thriller",102545,"2021-04-23","Haruo Sotozaki"
tt0142237,5,2021-05-02,"Dragon Ball Z: The Return of Cooler","Dragon Ball Z: Gekitotsu!! 100-oku Power no Senshi-tachi",https://www.imdb.com/title/tt0142237,Movie,6.9,45,1992,"Animation, Action, Fantasy, Sci-Fi",9555,"2002-08-13","Daisuke Nishio"
tt1125254,5,2021-05-02,"Dragon Ball Z: Cooler's Revenge","Doragon bôru Zetto: Tobikkiri no Saikyô tai Saikyô",https://www.imdb.com/title/tt1125254,Movie,7.0,47,1991,"Animation, Action, Sci-Fi",9674,"2002-01-22","Mitsuo Hashimoto"
tt4769824,5,2021-05-02,"In This Corner of the World","Kono sekai no katasumi ni",https://www.imdb.com/title/tt4769824,Movie,7.8,129,2016,"Animation, Drama, History, War",14053,"2016-11-12","Sunao Katabuchi"
tt2277860,5,2021-05-02,"Finding Dory","Finding Dory",https://www.imdb.com/title/tt2277860,Movie,7.2,97,2016,"Animation, Comedy, Adventure, Family, Fantasy, Mystery",338111,"2016-06-17","Andrew Stanton,Angus MacLane"
tt1481363,5,2021-05-02,"Naruto Shippûden: The Movie 3: Inheritors of the Will of Fire","Gekijô-ban Naruto Shippûden: Hi no ishi wo tsugu mono",https://www.imdb.com/title/tt1481363,Movie,7.0,95,2009,"Animation, Action, Fantasy",5245,"2012-10-23","Masahiko Murata"
tt0791188,4,2021-05-02,"Naruto the Movie 2: Legend of the Stone of Gelel","Gekijô-ban Naruto: Daigekitotsu! Maboroshi no chitei iseki dattebayo!",https://www.imdb.com/title/tt0791188,Movie,6.3,97,2005,"Animation, Adventure, Comedy, Drama, Fantasy",6174,"2005-08-06","Hirotsugu Kawasaki"
tt1071815,4,2021-05-02,"Naruto the Movie 3: Guardians of the Crescent Moon Kingdom","Gekijô-ban Naruto: Daikôfun! Mikazukijima no animaru panikku dattebayo!",https://www.imdb.com/title/tt1071815,Movie,6.3,95,2006,"Animation, Action, Adventure",5748,"2008-11-08","Toshiyuki Tsuru"
tt0147746,4,2021-05-02,"Batman Beyond","Batman Beyond",https://www.imdb.com/title/tt0147746,TV Series,8.1,23,1999,"Animation, Drama, Thriller, Sci-Fi, Crime, Mystery, Adventure, Action",33642,"1999-01-10",
tt11958344,5,2021-05-02,"A Whisker Away","Nakitai watashi wa neko o kaburu",https://www.imdb.com/title/tt11958344,Movie,6.7,104,2020,"Animation, Fantasy, Romance, Adventure, Family, Drama",18508,"2020-06-18","Jun'ichi Satō,Tomotaka Shibayama"
tt3606752,6,2021-05-02,"Cars 3","Cars 3",https://www.imdb.com/title/tt3606752,Movie,6.7,102,2017,"Animation, Comedy, Family, Sport, Adventure",155564,"2017-06-16","Brian Fee"
tt1999167,6,2021-05-02,"Naruto Shippuden the Movie: Blood Prison","Gekijouban Naruto: Buraddo purizun",https://www.imdb.com/title/tt1999167,Movie,7.1,108,2011,"Animation, Action, Mystery, Thriller",6819,"2014-02-18","Masahiko Murata"
tt1453405,6,2021-05-02,"Monsters University","Monsters University",https://www.imdb.com/title/tt1453405,Movie,7.2,104,2013,"Animation, Comedy, Adventure, Family, Fantasy",429070,"2013-06-21","Dan Scanlon"
tt2267968,7,2021-05-02,"Kung Fu Panda 3","Kung Fu Panda 3",https://www.imdb.com/title/tt2267968,Movie,7.1,95,2016,"Animation, Comedy, Action, Adventure, Family, Fantasy",221947,"2016-01-29","Alessandro Carloni,Jennifer Yuh Nelson"
tt0962826,7,2021-05-02,"Black Lagoon","Black Lagoon",https://www.imdb.com/title/tt0962826,TV Series,7.9,25,2006,"Animation, Action, Crime, Adventure, Thriller, Drama",21559,"2006-04-08",
tt9335498,8,2021-05-02,"Demon Slayer: Kimetsu no Yaiba","Kimetsu no Yaiba",https://www.imdb.com/title/tt9335498,TV Series,8.5,24,2019,"Animation, Action, Fantasy, Thriller, Adventure",233223,"2021-01-22",
tt8993398,7,2021-05-02,"Rascal Does Not Dream of Bunny Girl Senpai","Seishun buta yaro wa Bunny Girl-senpai no yume wo minai",https://www.imdb.com/title/tt8993398,TV Series,8.1,24,2018,"Animation, Drama, Mystery, Romance, Fantasy, Thriller",27354,"2018-10-03",
tt1772341,8,2021-05-02,"Wreck-It Ralph","Wreck-It Ralph",https://www.imdb.com/title/tt1772341,Movie,7.7,101,2012,"Animation, Comedy, Family, Adventure, Fantasy, Sci-Fi, Sport",503399,"2012-11-02","Rich Moore"
tt1216475,7,2021-05-02,"Cars 2","Cars 2",https://www.imdb.com/title/tt1216475,Movie,6.2,106,2011,"Animation, Comedy, Adventure, Family, Sport, Crime, Sci-Fi",261706,"2011-06-24","John Lasseter,Bradford Lewis"
tt0409591,8,2021-05-02,"Naruto","Naruto",https://www.imdb.com/title/tt0409591,TV Series,8.4,24,2002,"Animation, Action, Comedy, Adventure, Fantasy",171482,"2005-09-10",
tt9679542,9,2021-05-02,"Dr. Stone","Dr.STONE",https://www.imdb.com/title/tt9679542,TV Series,8.1,24,2019,"Animation, Action, Adventure, Sci-Fi",45440,"2019-08-25",
tt2176165,9,2021-05-02,"Another","Anazâ",https://www.imdb.com/title/tt2176165,TV Mini Series,7.5,22,2012,"Animation, Horror, Drama, Mystery, Fantasy, Thriller",22672,"2012-01-10",
tt4508902,9,2021-05-02,"One Punch Man","One Punch Man: Wanpanman",https://www.imdb.com/title/tt4508902,TV Series,8.6,24,2015,"Animation, Action, Comedy, Sci-Fi, Fantasy",228465,"2015-10-05",
tt0110912,7,2021-05-02,"Pulp Fiction","Pulp Fiction",https://www.imdb.com/title/tt0110912,Movie,8.8,154,1994,"Crime, Drama",2456283,"1994-10-14","Quentin Tarantino"
tt2103188,9,2021-05-02,"Grand Theft Auto V","Grand Theft Auto V",https://www.imdb.com/title/tt2103188,Video Game,9.4,,2013,"Action, Crime, Drama",85987,"2013-09-17",
tt2190152,6,2021-05-02,"Watch Dogs","Watch Dogs",https://www.imdb.com/title/tt2190152,Video Game,7.4,,2014,"Action, Crime, Sci-Fi, Thriller, Drama, Mystery",11444,"2014-05-27","Jonathan Morin,Kun Chang"
tt0275847,7,2021-05-02,"Lilo & Stitch","Lilo & Stitch",https://www.imdb.com/title/tt0275847,Movie,7.4,85,2002,"Animation, Adventure, Comedy, Drama, Sci-Fi, Family",246207,"2002-06-21","Dean DeBlois,Chris Sanders"
tt8110330,6,2021-05-02,"Dil Bechara","Dil Bechara",https://www.imdb.com/title/tt8110330,Movie,8.3,101,2020,"Romance, Drama, Comedy",138116,"2020-07-24","Mukesh Chhabra"
tt1685401,5,2021-05-02,"Highschool of the Dead","Gakuen mokushiroku: HIGHSCHOOL OF THE DEAD",https://www.imdb.com/title/tt1685401,TV Series,7.1,24,2010,"Animation, Action, Drama, Horror, Romance, Thriller",18543,"2011-06-28",
tt9052960,8,2021-05-02,"Laal Kaptaan","Laal Kaptaan",https://www.imdb.com/title/tt9052960,Movie,7.2,155,2019,"Drama, Adventure, Action, Thriller, Western",5813,"2019-10-18","Navdeep Singh"
tt0473367,5,2021-05-02,"Jaane Tu... Ya Jaane Na","Jaane Tu... Ya Jaane Na",https://www.imdb.com/title/tt0473367,Movie,7.4,155,2008,"Comedy, Romance, Drama",29634,"2008-07-04","Abbas Tyrewala"
tt1926313,7,2021-05-02,"Pyaar Ka Punchnama","Pyaar Ka Punchnama",https://www.imdb.com/title/tt1926313,Movie,7.6,149,2011,"Comedy, Romance, Drama",23716,"2011-05-20","Luv Ranjan"
tt4430136,6,2021-05-02,"Pyaar Ka Punchnama 2","Pyaar Ka Punchnama 2",https://www.imdb.com/title/tt4430136,Movie,7.2,137,2015,"Comedy, Romance, Drama",17664,"2015-10-16","Luv Ranjan"
tt7581902,5,2021-05-02,"Sonu Ke Titu Ki Sweety","Sonu Ke Titu Ki Sweety",https://www.imdb.com/title/tt7581902,Movie,7.1,138,2018,"Romance, Comedy",27352,"2018-02-23","Luv Ranjan,Manish Rana"
tt5935704,8,2021-05-02,"Padmaavat","Padmaavat",https://www.imdb.com/title/tt5935704,Movie,7.1,163,2018,"Drama, History, War",41500,"2018-01-25","Sanjay Leela Bhansali"
tt3735246,8,2021-05-02,"Bajirao Mastani","Bajirao Mastani",https://www.imdb.com/title/tt3735246,Movie,7.3,158,2015,"Romance, Drama, History, Action, War",42807,"2015-12-18","Sanjay Leela Bhansali"
tt1839596,7,2021-05-02,"Rockstar","Rockstar",https://www.imdb.com/title/tt1839596,Movie,7.8,159,2011,"Music, Drama, Romance",55945,"2011-11-11","Imtiaz Ali"
tt0254481,8,2021-05-02,"Koi... Mil Gaya","Koi... Mil Gaya",https://www.imdb.com/title/tt0254481,Movie,7.2,171,2003,"Drama, Romance, Sci-Fi, Action, Fantasy, Comedy",31747,"2003-08-08","Rakesh Roshan"
tt1833673,4,2021-05-02,"Dhoom 3","Dhoom:3",https://www.imdb.com/title/tt1833673,Movie,5.4,172,2013,"Action, Thriller, Crime",53834,"2025-11-28","Vijay Krishna Acharya"
tt1849718,5,2021-05-02,"Agneepath","Agneepath",https://www.imdb.com/title/tt1849718,Movie,6.9,174,2012,"Action, Drama, Crime",28982,"2012-01-26","Karan Malhotra,Sushma Sunam"
tt1029231,2,2021-05-02,"Krrish 3","Krrish 3",https://www.imdb.com/title/tt1029231,Movie,5.4,152,2013,"Sci-Fi, Action, Adventure",29018,"2013-11-01","Rakesh Roshan"
tt2905838,4,2021-05-02,"Bang Bang","Bang Bang!",https://www.imdb.com/title/tt2905838,Movie,5.7,153,2014,"Musical, Action, Adventure, Comedy, Thriller, Romance",28214,"2014-10-02","Siddharth Anand"
tt1499201,6,2021-05-02,"Anjaana Anjaani","Anjaana Anjaani",https://www.imdb.com/title/tt1499201,Movie,5.8,151,2010,"Musical, Romance, Comedy, Drama",8145,"2010-10-01","Siddharth Anand"
tt10974198,6,2021-05-02,"Cautious Hero: The Hero Is Overpowered but Overly Cautious","Shinchô yûsha ~ kono yûsha ga ore TUEEE kuse ni shinchô sugiru ~",https://www.imdb.com/title/tt10974198,TV Mini Series,7.3,24,2019,"Animation, Action, Adventure, Comedy, Fantasy",5215,"2019-10-02",
tt0865556,8,2021-05-02,"The Forbidden Kingdom","The Forbidden Kingdom",https://www.imdb.com/title/tt0865556,Movie,6.5,104,2008,"Action, Adventure, Fantasy",113916,"2008-04-18","Rob Minkoff"
tt0080179,8,2021-05-02,"Drunken Master","Jui kuen",https://www.imdb.com/title/tt0080179,Movie,7.4,111,1978,"Comedy, Action",48161,"1978-10-05","Yuen Woo-Ping"
tt0078252,8,2021-05-02,"Snake in the Eagle's Shadow","Se ying diu sau",https://www.imdb.com/title/tt0078252,Movie,7.3,90,1978,"Comedy, Action",14242,"1982-11","Yuen Woo-Ping"
tt0407887,7,2021-05-02,"The Departed","The Departed",https://www.imdb.com/title/tt0407887,Movie,8.5,151,2006,"Crime, Drama, Thriller",1569774,"2006-10-06","Martin Scorsese"
tt3607198,8,2021-05-02,"Punjab 1984","Punjab 1984",https://www.imdb.com/title/tt3607198,Movie,8.3,159,2014,"Drama, Family, History",3113,"2014-06-27","Anurag Singh"
tt2883512,7,2021-05-02,"Chef","Chef",https://www.imdb.com/title/tt2883512,Movie,7.3,114,2014,"Comedy, Drama, Adventure",253099,"2014-05-30","Jon Favreau"
tt7463730,5,2021-05-02,"Junglee","Junglee",https://www.imdb.com/title/tt7463730,Movie,5.6,115,2019,"Action, Adventure",2555,"2019-03-29","Chuck Russell"
tt0144084,7,2021-05-02,"American Psycho","American Psycho",https://www.imdb.com/title/tt0144084,Movie,7.6,102,2000,"Crime, Horror, Drama",850038,"2000-04-14","Mary Harron"
tt0297241,7,2021-05-02,"Kyo Kii... Main Jhuth Nahin Bolta","Kyo Kii... Main Jhuth Nahin Bolta",https://www.imdb.com/title/tt0297241,Movie,5.5,131,2001,"Comedy, Drama, Romance, Fantasy",3017,"2001-09-21","David Dhawan"
tt0119528,7,2021-05-02,"Liar Liar","Liar Liar",https://www.imdb.com/title/tt0119528,Movie,6.9,86,1997,"Fantasy, Comedy",365283,"1997-03-21","Tom Shadyac"
tt8106534,6,2021-05-02,"6 Underground","6 Underground",https://www.imdb.com/title/tt8106534,Movie,6.1,128,2019,"Action, Thriller",212701,"2019-12-13","Michael Bay"
tt3717490,5,2021-05-02,"Power Rangers","Power Rangers",https://www.imdb.com/title/tt3717490,Movie,5.9,124,2017,"Action, Sci-Fi, Adventure, Fantasy",119822,"2017-03-24","Dean Israelite"
tt7212754,6,2021-05-02,"Ludo","Ludo",https://www.imdb.com/title/tt7212754,Movie,7.6,150,2020,"Comedy, Drama, Action",46390,"2020-11-12","Anurag Basu"
tt0367110,5,2021-05-02,"Swades","Swades: We, the People",https://www.imdb.com/title/tt0367110,Movie,8.2,189,2004,"Musical, Drama",106878,"2004-12-17","Ashutosh Gowariker"
tt1188996,7,2021-05-02,"My Name Is Khan","My Name Is Khan",https://www.imdb.com/title/tt1188996,Movie,7.9,165,2010,"Drama, Romance",123820,"2010-02-12","Karan Johar"
tt0427152,4,2021-05-02,"Dinner for Schmucks","Dinner for Schmucks",https://www.imdb.com/title/tt0427152,Movie,5.9,114,2010,"Comedy",117019,"2010-07-30","Jay Roach"
tt7180544,7,2021-05-02,"The Brawler","Mukkabaaz",https://www.imdb.com/title/tt7180544,Movie,8.0,154,2017,"Drama, Sport",9597,"2018-01-12","Anurag Kashyap,Jay Dev Banerjee"
tt1291584,8,2021-05-02,"Warrior","Warrior",https://www.imdb.com/title/tt1291584,Movie,8.1,140,2011,"Drama, Sport, Action",532025,"2011-09-09","Gavin O'Connor"
tt6470478,7,2021-05-02,"The Good Doctor","The Good Doctor",https://www.imdb.com/title/tt6470478,TV Series,8.0,45,2017,"Drama",131580,"2017-09-25",
tt1632701,8,2021-05-02,"Suits","Suits",https://www.imdb.com/title/tt1632701,TV Series,8.4,45,2011,"Drama, Comedy",546184,"2011-06-23",
tt5158314,9,2021-05-02,"Detroit: Become Human","Detroit: Become Human",https://www.imdb.com/title/tt5158314,Video Game,9.1,,2018,"Sci-Fi, Mystery, Drama, Thriller, Action, Adventure",32401,"2018-05-25","David Cage"
tt1169270,7,2021-05-02,"Don","Don",https://www.imdb.com/title/tt1169270,Movie,5.8,154,2007,"Action, Crime, Drama",1906,"2007-12-20","Raghava Lawrence"
tt8458202,6,2021-05-02,"Pihu","Pihu",https://www.imdb.com/title/tt8458202,Movie,6.7,91,2016,"Drama, Thriller, Horror",3191,"2018-11-16","Vinod Kapri"
tt6692354,7,2021-05-02,"Ittefaq","Ittefaq",https://www.imdb.com/title/tt6692354,Movie,7.2,105,2017,"Mystery, Thriller",17312,"2017-11-03","Abhay Chopra"
tt4814290,7,2021-05-02,"Te3n","Te3n",https://www.imdb.com/title/tt4814290,Movie,7.2,136,2016,"Thriller, Mystery, Drama, Crime",15173,"2016-06-10","Ribhu Dasgupta"
tt6774212,7,2021-05-02,"Aiyaary","Aiyaary",https://www.imdb.com/title/tt6774212,Movie,5.3,157,2018,"Thriller, Crime, Drama",5591,"2018-02-16","Neeraj Pandey,Feroz Khan Bollybrothers"
tt5613834,5,2021-05-02,"A Gentleman","A Gentleman",https://www.imdb.com/title/tt5613834,Movie,6.3,145,2017,"Action, Comedy",8079,"2017-08-25","Krishna D.K.,Raj Nidimoru"
tt11142762,6,2021-05-02,"Pagglait","Pagglait",https://www.imdb.com/title/tt11142762,Movie,6.9,114,2021,"Drama, Comedy",12079,"2021-03-26","Umesh Bist,Mukesh Kumar,Dantani Ravindrakumar"
tt6522546,6,2021-05-02,"Spyder","Spyder",https://www.imdb.com/title/tt6522546,Movie,6.3,155,2017,"Action, Thriller, Crime",12516,"2017-09-26","A.R. Murugadoss"
tt2872718,7,2021-05-02,"Nightcrawler","Nightcrawler",https://www.imdb.com/title/tt2872718,Movie,7.8,117,2014,"Crime, Thriller, Drama",676960,"2014-10-31","Dan Gilroy"
tt5626028,7,2021-05-02,"My Hero Academia","Boku no Hîrô Akademia",https://www.imdb.com/title/tt5626028,TV Series,8.2,24,2016,"Animation, Action, Sci-Fi, Adventure",125223,"2018-05-05",
tt6299040,6,2021-05-02,"The Ghazi Attack","The Ghazi Attack",https://www.imdb.com/title/tt6299040,Movie,7.5,116,2017,"Thriller, War, Action, Drama",16133,"2017-02-17","Sankalp Reddy"
tt7836688,8,2021-04-30,"A Place Further Than the Universe","Sora yori mo tôi basho",https://www.imdb.com/title/tt7836688,TV Mini Series,8.1,23,2018,"Animation, Comedy, Drama, Adventure",3516,"2018-01-02",
tt10309906,4,2021-04-29,"Shubh Mangal Zyada Saavdhan","Shubh Mangal Zyada Saavdhan",https://www.imdb.com/title/tt10309906,Movie,5.8,117,2020,"Comedy, Romance, Crime",11295,"2020-02-21","Hitesh Kewalya"
tt10333912,5,2021-04-29,"Gulabo Sitabo","Gulabo Sitabo",https://www.imdb.com/title/tt10333912,Movie,6.3,124,2020,"Drama, Comedy",14174,"2020-06-12","Shoojit Sircar"
tt1292703,10,2021-04-29,"Oye Lucky! Lucky Oye!","Oye Lucky! Lucky Oye!",https://www.imdb.com/title/tt1292703,Movie,7.7,125,2008,"Comedy, Crime, Drama",19766,"2008-11-28","Dibakar Banerjee"
tt0499375,8,2021-04-29,"Guru","Guru",https://www.imdb.com/title/tt0499375,Movie,7.7,166,2007,"Drama",26390,"2007-01-12","Mani Ratnam,Sehgal Raj"
tt0451850,7,2021-04-29,"Paheli","Paheli",https://www.imdb.com/title/tt0451850,Movie,6.4,140,2005,"Musical, Fantasy, Romance, Drama, Comedy",15282,"2005-06-24","Amol Palekar"
tt4434004,8,2021-04-28,"Udta Punjab","Udta Punjab",https://www.imdb.com/title/tt4434004,Movie,7.7,148,2016,"Drama, Crime",34373,"2016-06-17","Abhishek Chaubey"
tt2855648,7,2021-04-28,"Madras Cafe","Madras Cafe",https://www.imdb.com/title/tt2855648,Movie,7.6,130,2013,"Action, Drama, Thriller",26758,"2013-08-23","Shoojit Sircar"
tt12343534,9,2021-04-27,"Jujutsu Kaisen","Jujutsu Kaisen",https://www.imdb.com/title/tt12343534,TV Series,8.5,24,2020,"Animation, Action, Adventure, Fantasy, Thriller",216818,"2020-10-02",
tt0898266,9,2021-04-27,"The Big Bang Theory","The Big Bang Theory",https://www.imdb.com/title/tt0898266,TV Series,8.1,22,2007,"Comedy, Romance",942823,"2007-09-24",
tt1219289,8,2021-04-27,"Limitless","Limitless",https://www.imdb.com/title/tt1219289,Movie,7.4,105,2011,"Thriller, Sci-Fi",652377,"2011-03-18","Neil Burger"
tt0211634,6,2021-04-27,"Soldier","Soldier",https://www.imdb.com/title/tt0211634,Movie,6.3,156,1998,"Musical, Drama, Romance, Thriller, Action",3814,"1998-10-12","Abbas Alibhai Burmawalla,Mastan Alibhai Burmawalla"
tt9561862,9,2021-04-22,"Love, Death & Robots","Love, Death & Robots",https://www.imdb.com/title/tt9561862,TV Series,8.4,15,2019,"Animation, Short, Comedy, Fantasy, Horror, Sci-Fi, Action, Adventure, Drama, Mystery, Thriller",231538,"2019-03-15",
tt8228288,7,2021-04-21,"The Platform","El hoyo",https://www.imdb.com/title/tt8228288,Movie,7.0,94,2019,"Thriller, Sci-Fi, Horror, Mystery",328080,"2020-03-20","Galder Gaztelu-Urrutia"
tt1954470,8,2021-04-21,"Gangs of Wasseypur","Gangs of Wasseypur",https://www.imdb.com/title/tt1954470,Movie,8.2,321,2012,"Action, Crime, Drama, Thriller, Comedy",115217,"2012-06-22","Anurag Kashyap"
tt0434409,9,2021-04-20,"V for Vendetta","V for Vendetta",https://www.imdb.com/title/tt0434409,Movie,8.1,132,2005,"Thriller, Action, Drama, Sci-Fi",1252699,"2006-03-17","James McTeigue"
tt2080374,9,2021-04-20,"Steve Jobs","Steve Jobs",https://www.imdb.com/title/tt2080374,Movie,7.2,122,2015,"Biography, Drama",187967,"2015-10-23","Danny Boyle"
tt6206564,9,2021-04-10,"Trapped","Trapped",https://www.imdb.com/title/tt6206564,Movie,7.5,105,2016,"Thriller, Drama",15151,"2017-03-17","Vikramaditya Motwane"
tt3802576,5,2021-04-10,"Brothers","Brothers",https://www.imdb.com/title/tt3802576,Movie,6.4,156,2015,"Drama, Sport, Action",15684,"2015-08-14","Karan Malhotra"
tt5713232,7,2021-04-10,"Madaari","Madaari",https://www.imdb.com/title/tt5713232,Movie,7.6,133,2016,"Thriller, Drama",16333,"2016-07-22","Nishikant Kamat"
tt0315642,9,2021-04-10,"Wazir","Wazir",https://www.imdb.com/title/tt0315642,Movie,7.1,103,2016,"Crime, Mystery, Action, Drama, Thriller",20911,"2016-01-08","Bejoy Nambiar"
tt8914492,7,2021-04-10,"Game Over","Game Over",https://www.imdb.com/title/tt8914492,Movie,6.9,102,2019,"Thriller, Drama, Mystery, Horror",9004,"2019-06-13","Ashwin Saravanan"
tt6343314,8,2021-03-26,"Creed II","Creed II",https://www.imdb.com/title/tt6343314,Movie,7.1,130,2018,"Drama, Sport, Action",172971,"2018-11-21","Steven Caple Jr."
tt0990407,7,2021-02-27,"The Green Hornet","The Green Hornet",https://www.imdb.com/title/tt0990407,Movie,5.8,119,2011,"Action, Comedy, Crime",169392,"2011-01-14","Michel Gondry"
tt0113497,9,2021-02-27,"Jumanji","Jumanji",https://www.imdb.com/title/tt0113497,Movie,7.1,104,1995,"Comedy, Adventure, Family, Fantasy",417469,"1995-12-15","Joe Johnston"
tt0947798,9,2021-02-23,"Black Swan","Black Swan",https://www.imdb.com/title/tt0947798,Movie,8.0,108,2010,"Drama, Thriller",894735,"2010-12-17","Darren Aronofsky"
tt0421357,8,2021-02-19,"Fullmetal Alchemist","Hagane no renkinjutsushi",https://www.imdb.com/title/tt0421357,TV Series,8.5,24,2003,"Animation, Comedy, Sci-Fi, Drama, Fantasy, Action, Adventure",86775,"2004-11-06",
tt1727824,8,2021-02-13,"Bohemian Rhapsody","Bohemian Rhapsody",https://www.imdb.com/title/tt1727824,Movie,7.9,134,2018,"Biography, Drama, Music",651970,"2018-11-02","Bryan Singer"
tt0470752,10,2021-02-10,"Ex Machina","Ex Machina",https://www.imdb.com/title/tt0470752,Movie,7.7,108,2014,"Drama, Sci-Fi, Thriller",643611,"2015-04-24","Alex Garland"
tt0315008,10,2021-02-06,"Great Teacher Onizuka","GTO",https://www.imdb.com/title/tt0315008,TV Series,8.5,24,1999,"Animation, Romance, Drama, Comedy",15244,"1999-06-30",
tt10048342,9,2021-02-01,"The Queen's Gambit","The Queen's Gambit",https://www.imdb.com/title/tt10048342,TV Mini Series,8.5,60,2020,"Drama",673373,"2020-10-23",
tt5569468,7,2021-01-31,"Love Punjab","Love Punjab",https://www.imdb.com/title/tt5569468,Movie,7.6,130,2016,"Family",1082,"2016-03-11","Rajiv Dhingra"
tt5917052,8,2021-01-31,"Jindua","Jindua",https://www.imdb.com/title/tt5917052,Movie,6.2,136,2017,"Family",365,"2017-03-17","Navaniat Singh"
tt6751668,10,2021-01-23,"Parasite","Gisaengchung",https://www.imdb.com/title/tt6751668,Movie,8.5,132,2019,"Drama, Thriller",1185038,"2019-11-08","Bong Joon Ho"
tt6723592,10,2021-01-20,"Tenet","Tenet",https://www.imdb.com/title/tt6723592,Movie,7.3,150,2020,"Action, Sci-Fi, Thriller",703322,"2020-09-03","Christopher Nolan"
tt3076658,8,2021-01-19,"Creed","Creed",https://www.imdb.com/title/tt3076658,Movie,7.6,133,2015,"Drama, Sport, Action",338223,"2015-11-25","Ryan Coogler"
tt0075148,9,2021-01-19,"Rocky","Rocky",https://www.imdb.com/title/tt0075148,Movie,8.1,120,1976,"Sport, Drama",697534,"1976-12-03","John G. Avildsen"
tt0107290,8,2021-01-19,"Jurassic Park","Jurassic Park",https://www.imdb.com/title/tt0107290,Movie,8.2,127,1993,"Sci-Fi, Adventure",1192308,"1993-06-11","Steven Spielberg"
tt0079470,8,2021-01-19,"Monty Python's Life of Brian","Monty Python's Life of Brian",https://www.imdb.com/title/tt0079470,Movie,8.0,94,1979,"Comedy",435170,"1979-08-17","Terry Jones"
tt0266697,9,2021-01-17,"Kill Bill: Vol. 1","Kill Bill: Vol. 1",https://www.imdb.com/title/tt0266697,Movie,8.2,111,2003,"Action, Thriller, Crime",1318912,"2003-10-10","Quentin Tarantino"
tt0378194,9,2021-01-17,"Kill Bill: Vol. 2","Kill Bill: Vol. 2",https://www.imdb.com/title/tt0378194,Movie,8.0,137,2004,"Thriller, Crime, Action",876631,"2004-04-16","Quentin Tarantino"
tt1438298,7,2021-01-17,"Guzaarish","Guzaarish",https://www.imdb.com/title/tt1438298,Movie,7.4,126,2010,"Drama, Romance",20974,"2010-11-19","Sanjay Leela Bhansali"
tt0432637,5,2021-01-17,"Krrish","Krrish",https://www.imdb.com/title/tt0432637,Movie,6.5,154,2006,"Sci-Fi, Action",28700,"2006-06-23","Rakesh Roshan"
tt1375789,6,2021-01-17,"Race 2","Race 2",https://www.imdb.com/title/tt1375789,Movie,5.4,150,2013,"Thriller, Crime, Action",18588,"2013-01-25","Abbas Alibhai Burmawalla,Mastan Alibhai Burmawalla"
tt1017456,9,2021-01-17,"Race","Race",https://www.imdb.com/title/tt1017456,Movie,6.7,149,2008,"Thriller, Crime, Drama, Action, Mystery",17378,"2008-03-21","Abbas Alibhai Burmawalla,Mastan Alibhai Burmawalla"
tt3148502,10,2021-01-17,"Tamasha","Tamasha",https://www.imdb.com/title/tt3148502,Movie,7.4,139,2015,"Comedy, Drama, Romance",36799,"2015-11-27","Imtiaz Ali"
tt2178470,8,2021-01-17,"Yeh Jawaani Hai Deewani","Yeh Jawaani Hai Deewani",https://www.imdb.com/title/tt2178470,Movie,7.3,160,2013,"Musical, Romance, Drama, Comedy",58677,"2013-05-31","Ayan Mukerji"
tt1694542,8,2021-01-17,"Tanu Weds Manu","Tanu Weds Manu",https://www.imdb.com/title/tt1694542,Movie,6.8,113,2011,"Romance, Comedy, Drama",18117,"2011-02-25","Aanand L. Rai"
tt2140465,7,2021-01-17,"Tanu Weds Manu Returns","Tanu Weds Manu Returns",https://www.imdb.com/title/tt2140465,Movie,7.6,128,2015,"Comedy, Drama, Romance",30799,"2015-05-22","Aanand L. Rai"
tt12392504,9,2021-01-16,"Scam 1992: The Harshad Mehta Story","Scam 1992: The Harshad Mehta Story",https://www.imdb.com/title/tt12392504,TV Mini Series,9.2,60,2020,"Drama, Crime, Biography, Thriller",174299,"2020-10-09",
tt2213054,8,2021-01-16,"Kai Po Che","Kai po che!",https://www.imdb.com/title/tt2213054,Movie,7.8,120,2013,"Drama, Sport",40181,"2013-02-22","Abhishek Kapoor"
tt0068646,8,2021-01-15,"The Godfather","The Godfather",https://www.imdb.com/title/tt0068646,Movie,9.2,175,1972,"Crime, Drama",2245311,"1972-03-24","Francis Ford Coppola"
tt0460649,9,2021-01-14,"How I Met Your Mother","How I Met Your Mother",https://www.imdb.com/title/tt0460649,TV Series,8.3,22,2005,"Comedy, Romance, Drama",786916,"2005-09-19",
tt3606756,6,2021-01-13,"Incredibles 2","Incredibles 2",https://www.imdb.com/title/tt3606756,Movie,7.5,118,2018,"Animation, Action, Adventure, Family, Sci-Fi, Comedy, Thriller",375445,"2018-06-15","Brad Bird"
tt3521164,7,2021-01-13,"Moana","Moana",https://www.imdb.com/title/tt3521164,Movie,7.6,107,2016,"Animation, Musical, Adventure, Family, Comedy, Fantasy",447897,"2016-11-23","Ron Clements,John Musker,Don Hall,Chris Williams"
tt0120623,8,2021-01-13,"A Bug's Life","A Bug's Life",https://www.imdb.com/title/tt0120623,Movie,7.2,95,1998,"Animation, Adventure, Comedy, Family",340010,"1998-11-25","John Lasseter,Andrew Stanton"
tt0120855,8,2021-01-13,"Tarzan","Tarzan",https://www.imdb.com/title/tt0120855,Movie,7.3,88,1999,"Animation, Drama, Comedy, Adventure, Family",271098,"1999-06-18","Chris Buck,Kevin Lima"
tt0120812,7,2021-01-10,"Rush Hour","Rush Hour",https://www.imdb.com/title/tt0120812,Movie,7.1,98,1998,"Thriller, Crime, Comedy, Action",333157,"1998-09-18","Brett Ratner"
tt1798684,8,2021-01-07,"Southpaw","Southpaw",https://www.imdb.com/title/tt1798684,Movie,7.3,124,2015,"Drama, Sport, Action",281167,"2015-07-24","Antoine Fuqua"
tt0454921,10,2021-01-05,"The Pursuit of Happyness","The Pursuit of Happyness",https://www.imdb.com/title/tt0454921,Movie,8.0,117,2006,"Drama, Biography",627633,"2006-12-15","Gabriele Muccino"
tt10731264,5,2021-01-04,"Suraj Pe Mangal Bhari","Suraj Pe Mangal Bhari",https://www.imdb.com/title/tt10731264,Movie,6.0,141,2020,"Comedy",5601,"2020-11-15","Abhishek Sharma"
tt0291376,7,2021-01-01,"Nayak: The Real Hero","Nayak: The Real Hero",https://www.imdb.com/title/tt0291376,Movie,7.8,187,2001,"Thriller, Drama, Action",19341,"2001-09-07","Shankar Shanmugham"
tt0437238,8,2021-01-01,"Hulchul","Hulchul",https://www.imdb.com/title/tt0437238,Movie,7.1,149,2004,"Comedy, Action, Drama, Romance",11102,"2004-11-26","Priyadarshan"
tt6298000,10,2020-12-31,"The Last of Us: Part II","The Last of Us: Part II",https://www.imdb.com/title/tt6298000,Video Game,8.8,,2020,"Action, Drama, Horror",54306,"2020-06-19","Neil Druckmann,Kurt Margenau,Anthony Newman"
tt7846844,7,2020-12-29,"Enola Holmes","Enola Holmes",https://www.imdb.com/title/tt7846844,Movie,6.7,123,2020,"Drama, Mystery, Crime, Adventure",253635,"2020-09-23","Harry Bradbeer"
tt7335184,9,2020-12-28,"You","You",https://www.imdb.com/title/tt7335184,TV Series,7.6,45,2018,"Drama, Crime, Thriller, Romance",373044,"2018-09-09",
tt8723216,7,2020-12-24,"Eerie","Eerie",https://www.imdb.com/title/tt8723216,Movie,4.7,101,2018,"Horror, Thriller, Mystery",3038,"2019-03-27","Mikhail Red"
tt0299108,7,2020-12-17,"Rehnaa Hai Terre Dil Mein","Rehnaa Hai Terre Dil Mein",https://www.imdb.com/title/tt0299108,Movie,7.5,160,2001,"Musical, Romance, Comedy, Drama",10216,"2001-10-19","Gautham Vasudev Menon"
tt2582846,7,2020-12-16,"The Fault in Our Stars","The Fault in Our Stars",https://www.imdb.com/title/tt2582846,Movie,7.6,126,2014,"Drama, Romance",426823,"2014-06-06","Josh Boone"
tt1659337,8,2020-12-16,"The Perks of Being a Wallflower","The Perks of Being a Wallflower",https://www.imdb.com/title/tt1659337,Movie,7.9,103,2012,"Drama",602856,"2012-10-12","Stephen Chbosky"
tt2820466,8,2020-12-06,"Justice League: The Flashpoint Paradox","Justice League: The Flashpoint Paradox",https://www.imdb.com/title/tt2820466,Video,8.1,75,2013,"Animation, Action, Adventure, Fantasy, Sci-Fi",66101,"2013-07-30","Jay Oliva"
tt0097165,10,2020-12-06,"Dead Poets Society","Dead Poets Society",https://www.imdb.com/title/tt0097165,Movie,8.1,128,1989,"Comedy, Drama",663620,"1989-06-09","Peter Weir"
tt0137523,10,2020-12-01,"Fight Club","Fight Club",https://www.imdb.com/title/tt0137523,Movie,8.8,139,1999,"Drama, Crime, Thriller",2643966,"1999-10-15","David Fincher"
tt1675434,8,2020-11-29,"The Intouchables","Intouchables",https://www.imdb.com/title/tt1675434,Movie,8.5,112,2011,"Comedy, Drama",1037014,"2011-11-02","Olivier Nakache,Éric Toledano"
tt1306980,8,2020-11-29,"50/50","50/50",https://www.imdb.com/title/tt1306980,Movie,7.6,100,2011,"Comedy, Drama, Romance",355648,"2011-09-30","Jonathan Levine"
tt1386588,5,2020-11-26,"The Other Guys","The Other Guys",https://www.imdb.com/title/tt1386588,Movie,6.7,107,2010,"Action, Comedy, Crime, Thriller",312031,"2010-08-06","Adam McKay"
tt5657846,7,2020-11-26,"Daddy's Home 2","Daddy's Home 2",https://www.imdb.com/title/tt5657846,Movie,6.1,100,2017,"Comedy",93496,"2017-11-10","Sean Anders"
tt1878870,7,2020-11-26,"The Edge of Seventeen","The Edge of Seventeen",https://www.imdb.com/title/tt1878870,Movie,7.3,104,2016,"Comedy, Drama, Romance",152606,"2016-11-18","Kelly Fremon Craig"
tt1172049,10,2020-11-25,"Demolition","Demolition",https://www.imdb.com/title/tt1172049,Movie,7.0,101,2015,"Drama, Comedy",137719,"2016-04-08","Jean-Marc Vallée"
tt9058134,7,2020-11-19,"Kengan Ashura","Kengan Ashura",https://www.imdb.com/title/tt9058134,TV Series,7.9,,2019,"Animation, Action, Sport",9290,"2019-07-31",
tt4779682,6,2020-10-31,"The Meg","The Meg",https://www.imdb.com/title/tt4779682,Movie,5.7,113,2018,"Sci-Fi, Action, Thriller, Horror, Adventure",230816,"2018-08-10","Jon Turteltaub"
tt1485796,7,2020-10-23,"The Greatest Showman","The Greatest Showman",https://www.imdb.com/title/tt1485796,Movie,7.5,105,2017,"Musical, Drama, Biography, Romance",351422,"2017-12-20","Michael Gracey"
tt0338013,9,2020-10-23,"Eternal Sunshine of the Spotless Mind","Eternal Sunshine of the Spotless Mind",https://www.imdb.com/title/tt0338013,Movie,8.3,108,2004,"Drama, Sci-Fi, Romance",1191123,"2004-03-19","Michel Gondry"
tt1670345,8,2020-10-23,"Now You See Me","Now You See Me",https://www.imdb.com/title/tt1670345,Movie,7.2,115,2013,"Thriller, Crime, Mystery",775865,"2013-05-31","Louis Leterrier"
tt1028532,9,2020-10-23,"Hachi: A Dog's Tale","Hachi: A Dog's Tale",https://www.imdb.com/title/tt1028532,Movie,8.1,93,2009,"Drama, Family, Biography",346471,"2010-03-12","Lasse Hallström"
tt0822832,9,2020-10-23,"Marley & Me","Marley & Me",https://www.imdb.com/title/tt0822832,Movie,7.0,115,2008,"Drama, Family",176468,"2008-12-25","David Frankel"
tt2582784,2,2020-10-09,"Flower","Flower",https://www.imdb.com/title/tt2582784,Movie,6.0,90,2017,"Comedy, Drama, Romance",11818,"2018-03-16","Max Winkler"
tt2140479,9,2020-10-09,"The Accountant","The Accountant",https://www.imdb.com/title/tt2140479,Movie,7.3,128,2016,"Thriller, Action, Crime, Drama",400686,"2016-10-14","Gavin O'Connor"
tt0113568,8,2020-10-09,"Ghost in the Shell","Kôkaku kidôtai",https://www.imdb.com/title/tt0113568,Movie,7.9,83,1995,"Animation, Thriller, Mystery, Crime, Drama, Sci-Fi, Action",175856,"1996-03-29","Mamoru Oshii"
tt0094625,7,2020-10-09,"Akira","Akira",https://www.imdb.com/title/tt0094625,Movie,8.0,124,1988,"Animation, Drama, Fantasy, Action, Sci-Fi",229710,"1988-07-16","Katsuhiro Ōtomo"
tt5673782,10,2020-10-08,"Genius","Genius",https://www.imdb.com/title/tt5673782,TV Series,8.2,50,2017,"Biography, Drama, History",21224,"2017-04-25",
tt1488606,7,2020-10-02,"Triple Frontier","Triple Frontier",https://www.imdb.com/title/tt1488606,Movie,6.5,125,2019,"Action, Thriller, Adventure",162859,"2019-03-13","J.C. Chandor"
tt1389072,6,2020-10-02,"Downsizing","Downsizing",https://www.imdb.com/title/tt1389072,Movie,5.8,135,2017,"Drama, Sci-Fi, Fantasy",138527,"2017-12-22","Alexander Payne"
tt0119217,9,2020-10-02,"Good Will Hunting","Good Will Hunting",https://www.imdb.com/title/tt0119217,Movie,8.4,126,1997,"Romance, Drama",1233652,"1998-01-09","Gus Van Sant"
tt1190634,9,2020-09-21,"The Boys","The Boys",https://www.imdb.com/title/tt1190634,TV Series,8.5,60,2019,"Action, Sci-Fi, Crime, Comedy, Drama",1015806,"2019-07-26",
tt8908024,8,2020-09-19,"Surkhi Bindi","Surkhi Bindi",https://www.imdb.com/title/tt8908024,Movie,7.6,128,2019,"Drama",639,"2019-08-30","Jagdeep Sidhu,Aman Manak"
tt6226232,10,2020-09-13,"Young Sheldon","Young Sheldon",https://www.imdb.com/title/tt6226232,TV Series,7.8,30,2017,"Comedy",151128,"2017-09-25",
tt1275863,9,2020-09-06,"Love Aaj Kal","Love Aaj Kal",https://www.imdb.com/title/tt1275863,Movie,6.8,128,2009,"Drama, Comedy, Romance",18491,"2009-07-31","Imtiaz Ali"
tt1454468,8,2020-09-06,"Gravity","Gravity",https://www.imdb.com/title/tt1454468,Movie,7.7,91,2013,"Sci-Fi, Thriller, Drama",904071,"2013-10-04","Alfonso Cuarón"
tt0454876,10,2020-09-06,"Life of Pi","Life of Pi",https://www.imdb.com/title/tt0454876,Movie,7.9,127,2012,"Drama, Adventure, Fantasy",703906,"2012-11-21","Ang Lee"
tt1663202,9,2020-09-06,"The Revenant","The Revenant",https://www.imdb.com/title/tt1663202,Movie,8.0,156,2015,"Action, Drama, Western",957316,"2016-01-08","Alejandro G. Iñárritu"
tt2543164,9,2020-09-06,"Arrival","Arrival",https://www.imdb.com/title/tt2543164,Movie,7.9,116,2016,"Sci-Fi, Drama, Mystery",874206,"2016-11-11","Denis Villeneuve"
tt1798709,10,2020-09-06,"Her","Her",https://www.imdb.com/title/tt1798709,Movie,8.0,126,2013,"Romance, Sci-Fi, Drama",731328,"2014-01-10","Spike Jonze"
tt3495030,8,2020-09-06,"Dum Laga Ke Haisha","Dum Laga Ke Haisha",https://www.imdb.com/title/tt3495030,Movie,7.4,109,2015,"Drama, Comedy, Romance",22666,"2015-02-27","Sharat Katariya"
tt2317337,7,2020-09-06,"Vicky Donor","Vicky Donor",https://www.imdb.com/title/tt2317337,Movie,7.7,126,2012,"Comedy, Romance, Drama",48153,"2012-04-20","Shoojit Sircar"
tt5764096,7,2020-09-06,"Hindi Medium","Hindi Medium",https://www.imdb.com/title/tt5764096,Movie,7.9,132,2017,"Drama, Comedy",36376,"2017-05-19","Saket Chaudhary,Kumar Pawan"
tt8907986,7,2020-09-06,"Angrezi Medium","Angrezi Medium",https://www.imdb.com/title/tt8907986,Movie,7.2,145,2020,"Drama, Comedy",19133,"2020-03-13","Homi Adajania"
tt0377092,8,2020-09-06,"Mean Girls","Mean Girls",https://www.imdb.com/title/tt0377092,Movie,7.1,97,2004,"Comedy",490561,"2004-04-30","Mark Waters"
tt0808232,5,2020-08-29,"A Dog Year","A Dog Year",https://www.imdb.com/title/tt0808232,Movie,6.0,80,2009,"Comedy, Drama",4137,"2009-09-03","George LaVoo"
tt1959563,9,2020-08-29,"The Hitman's Bodyguard","The Hitman's Bodyguard",https://www.imdb.com/title/tt1959563,Movie,6.9,118,2017,"Action, Comedy, Thriller, Crime",264022,"2017-08-18","Patrick Hughes"
tt1980929,9,2020-08-23,"Begin Again","Begin Again",https://www.imdb.com/title/tt1980929,Movie,7.4,104,2013,"Drama, Music, Comedy, Romance",177586,"2014-07-11","John Carney"
tt1570728,8,2020-08-23,"Crazy, Stupid, Love.","Crazy, Stupid, Love.",https://www.imdb.com/title/tt1570728,Movie,7.4,118,2011,"Comedy, Romance, Drama",625981,"2011-07-29","Glenn Ficarra,John Requa"
tt8850698,7,2020-08-23,"Kala Shah Kala","Kala Shah Kala",https://www.imdb.com/title/tt8850698,Movie,7.3,140,2019,"Comedy",818,"2019-02-14","Amarjit Singh Saron"
tt11122316,9,2020-08-23,"Ardab Mutiyaran","Ardab Mutiyaran",https://www.imdb.com/title/tt11122316,Movie,7.3,138,2019,"Drama",751,"2019-10-18","Manav Shah"
tt2361509,10,2020-08-16,"The Intern","The Intern",https://www.imdb.com/title/tt2361509,Movie,7.1,121,2015,"Comedy, Drama",312943,"2015-09-25","Nancy Meyers"
tt1488555,6,2020-08-01,"The Change-Up","The Change-Up",https://www.imdb.com/title/tt1488555,Movie,6.3,112,2011,"Comedy, Fantasy",206616,"2011-08-05","David Dobkin"
tt0448157,9,2020-08-01,"Hancock","Hancock",https://www.imdb.com/title/tt0448157,Movie,6.4,92,2008,"Action, Comedy, Fantasy, Drama",542140,"2008-07-02","Peter Berg"
tt0356910,9,2020-08-01,"Mr. & Mrs. Smith","Mr. & Mrs. Smith",https://www.imdb.com/title/tt0356910,Movie,6.5,120,2005,"Comedy, Crime, Thriller, Action",599482,"2005-06-10","Doug Liman"
tt0343135,5,2020-07-26,"Along Came Polly","Along Came Polly",https://www.imdb.com/title/tt0343135,Movie,6.0,90,2004,"Romance, Comedy",150856,"2004-01-16","John Hamburg"
tt2283362,7,2020-07-18,"Jumanji: Welcome to the Jungle","Jumanji: Welcome to the Jungle",https://www.imdb.com/title/tt2283362,Movie,6.9,119,2017,"Adventure, Fantasy, Action, Comedy",508869,"2017-12-20","Jake Kasdan"
tt4701182,6,2020-07-18,"Bumblebee","Bumblebee",https://www.imdb.com/title/tt4701182,Movie,6.7,114,2018,"Action, Adventure, Sci-Fi",210717,"2018-12-21","Travis Knight"
tt6921996,8,2020-07-18,"Johnny English Strikes Again","Johnny English Strikes Again",https://www.imdb.com/title/tt6921996,Movie,6.2,89,2018,"Action, Adventure, Comedy",91482,"2018-10-26","David Kerr"
tt2707408,9,2020-07-18,"Narcos","Narcos",https://www.imdb.com/title/tt2707408,TV Series,8.7,50,2015,"Crime, Drama, Biography, Thriller",533271,"2015-08-28",
tt0386676,10,2020-07-18,"The Office","The Office",https://www.imdb.com/title/tt0386676,TV Series,9.0,22,2005,"Comedy",843702,"2005-03-24",
tt0974661,6,2020-07-13,"17 Again","17 Again",https://www.imdb.com/title/tt0974661,Movie,6.4,102,2009,"Comedy, Drama, Fantasy, Romance, Sport",233466,"2009-04-17","Burr Steers"
tt0482571,10,2020-07-12,"The Prestige","The Prestige",https://www.imdb.com/title/tt0482571,Movie,8.5,130,2006,"Drama, Thriller, Mystery, Sci-Fi",1613092,"2006-10-20","Christopher Nolan"
tt0405422,7,2020-07-12,"The 40-Year-Old Virgin","The 40 Year Old Virgin",https://www.imdb.com/title/tt0405422,Movie,7.1,116,2005,"Comedy, Romance",505858,"2005-08-19","Judd Apatow"
tt1618434,7,2020-07-12,"Murder Mystery","Murder Mystery",https://www.imdb.com/title/tt1618434,Movie,6.1,97,2019,"Mystery, Romance, Crime",192293,"2019-06-14","Kyle Newacheck"
tt1645170,7,2020-07-11,"The Dictator","The Dictator",https://www.imdb.com/title/tt1645170,Movie,6.5,83,2012,"Comedy",371302,"2012-05-16","Larry Charles"
tt1634122,9,2020-07-11,"Johnny English Reborn","Johnny English Reborn",https://www.imdb.com/title/tt1634122,Movie,6.3,101,2011,"Comedy, Adventure, Action",150164,"2011-10-21","Oliver Parker"
tt0274166,8,2020-07-11,"Johnny English","Johnny English",https://www.imdb.com/title/tt0274166,Movie,6.3,87,2003,"Action, Adventure, Comedy",186509,"2003-07-18","Peter Howitt"
tt0096657,10,2020-07-11,"Mr. Bean","Mr. Bean",https://www.imdb.com/title/tt0096657,TV Series,8.6,25,1990,"Family, Comedy",153077,"1992-04-02",
tt0453451,8,2020-07-11,"Mr. Bean's Holiday","Mr. Bean's Holiday",https://www.imdb.com/title/tt0453451,Movie,6.4,90,2007,"Comedy, Family",142853,"2007-08-24","Steve Bendelack"
tt0118689,9,2020-07-11,"Bean","Bean",https://www.imdb.com/title/tt0118689,Movie,6.5,89,1997,"Adventure, Family, Comedy",117082,"1997-11-07","Mel Smith"
tt1284575,7,2020-07-11,"Bad Teacher","Bad Teacher",https://www.imdb.com/title/tt1284575,Movie,5.7,92,2011,"Comedy, Romance",224160,"2011-06-24","Jake Kasdan"
tt1723121,7,2020-07-11,"We're the Millers","We're the Millers",https://www.imdb.com/title/tt1723121,Movie,7.0,110,2013,"Comedy, Crime",528540,"2013-08-07","Rawson Marshall Thurber"
tt2170439,7,2020-07-11,"Horrible Bosses 2","Horrible Bosses 2",https://www.imdb.com/title/tt2170439,Movie,6.3,108,2014,"Comedy, Crime",194674,"2014-11-26","Sean Anders"
tt1499658,8,2020-07-11,"Horrible Bosses","Horrible Bosses",https://www.imdb.com/title/tt1499658,Movie,6.9,98,2011,"Comedy, Crime",490219,"2011-07-08","Seth Gordon"
tt1231583,5,2020-07-11,"Due Date","Due Date",https://www.imdb.com/title/tt1231583,Movie,6.5,95,2010,"Comedy, Drama",374011,"2010-11-05","Todd Phillips"
tt1637725,7,2020-07-11,"Ted","Ted",https://www.imdb.com/title/tt1637725,Movie,6.9,106,2012,"Comedy",715646,"2012-06-29","Seth MacFarlane"
tt10233448,10,2020-07-11,"Vinland Saga","Vinland Saga",https://www.imdb.com/title/tt10233448,TV Series,8.9,24,2019,"Animation, Action, Adventure, History, Drama",146805,"2019-07-06",
tt9683478,7,2020-07-11,"The Half of It","The Half of It",https://www.imdb.com/title/tt9683478,Movie,6.9,104,2020,"Comedy, Drama",47858,"2020-05-01","Alice Wu"
tt7189558,9,2020-07-06,"Vekh Baraatan Challiyan","Vekh Baraatan Challiyan",https://www.imdb.com/title/tt7189558,Movie,7.1,122,2017,"Comedy, Drama",649,"2017-08-04","Ksshitij Chaudhary"
tt8749962,7,2020-07-06,"Ashke","Ashke",https://www.imdb.com/title/tt8749962,Movie,7.2,122,2018,"Drama, Romance",1935,"2018-07-27","Amberdeep Singh"
tt9390254,8,2020-07-06,"Baby Dolls","Guddiyan Patole",https://www.imdb.com/title/tt9390254,Movie,7.0,127,2019,"Comedy, Drama",958,"2019-03-08","Vijay Kumar Arora"
tt8665634,6,2020-07-06,"Qismat","Qismat",https://www.imdb.com/title/tt8665634,Movie,8.1,137,2018,"Drama, Romance",3826,"2018-09-21","Jagdeep Sidhu,Sagar"
tt11173106,10,2020-07-06,"Sufna","Sufna",https://www.imdb.com/title/tt11173106,Movie,8.0,144,2020,"Romance",2474,"2020-02-14","Jagdeep Sidhu"
tt6705612,9,2020-07-06,"Manje Bistre","Manje Bistre",https://www.imdb.com/title/tt6705612,Movie,6.6,137,2017,"Comedy, Drama",1217,"2017-04-14","Baljit Singh Deo"
tt5929890,6,2020-07-06,"Bambukat","Bambukat",https://www.imdb.com/title/tt5929890,Movie,7.6,118,2016,"Drama, Comedy",1155,"2016-07-29","Pankaj Batra"
tt4846952,10,2020-07-06,"Angrej","Angrej",https://www.imdb.com/title/tt4846952,Movie,8.5,130,2015,"Romance",4077,"2015-07-31","Simerjit Singh"
tt2673882,8,2020-07-06,"Jatt & Juliet 2","Jatt & Juliet 2",https://www.imdb.com/title/tt2673882,Movie,7.3,140,2013,"Comedy, Romance",2413,"2013-06-28","Anurag Singh"
tt2014260,9,2020-07-06,"Jihne Mera Dil Luteya","Jihne Mera Dil Luteya",https://www.imdb.com/title/tt2014260,Movie,7.4,135,2011,"Comedy, Drama",1229,"2011-07-29","Mandeep Kumar"
tt2245544,8,2020-07-06,"Carry on Jatta","Carry on Jatta",https://www.imdb.com/title/tt2245544,Movie,8.3,143,2012,"Comedy",3978,"2012-07-27","Smeep Kang"
tt2196254,9,2020-07-06,"Jatt & Juliet","Jatt & Juliet",https://www.imdb.com/title/tt2196254,Movie,7.5,140,2012,"Comedy, Romance",3137,"2012-06-29","Anurag Singh"
tt6476532,7,2020-07-06,"Sargi","Sargi",https://www.imdb.com/title/tt6476532,Movie,5.8,124,2017,"Drama",271,"2017-02-24","Neeru Bajwa"
tt9522300,9,2020-07-05,"Kaguya-sama: Love Is War","Kaguya-sama wa kokurasetai ~ Tensai tachi no ren'ai zunô sen ~",https://www.imdb.com/title/tt9522300,TV Series,8.5,24,2019,"Animation, Comedy, Romance, Drama",30823,"2019-01-12",
tt0347618,6,2020-06-28,"The Cat Returns","Neko no ongaeshi",https://www.imdb.com/title/tt0347618,Movie,7.1,75,2002,"Animation, Comedy, Romance, Family, Adventure, Fantasy",73236,"2005-07-13","Hiroyuki Morita"
tt6900448,7,2020-06-26,"Mirai","Mirai no Mirai",https://www.imdb.com/title/tt6900448,Movie,7.0,98,2018,"Animation, Drama, Family, Fantasy, Adventure",19983,"2018-07-20","Mamoru Hosoda"
tt0167404,9,2020-06-24,"The Sixth Sense","The Sixth Sense",https://www.imdb.com/title/tt0167404,Movie,8.2,107,1999,"Mystery, Drama, Thriller",1154712,"1999-08-06","M. Night Shyamalan"
tt8426854,9,2020-06-21,"Jalebi","Jalebi",https://www.imdb.com/title/tt8426854,Movie,6.1,112,2018,"Drama, Romance",3501,"2018-10-12","Pushpdeep Bhardwaj,Lal Mohan"
tt11046300,7,2020-06-21,"Ujda Chaman","Ujda Chaman",https://www.imdb.com/title/tt11046300,Movie,6.9,120,2019,"Comedy",5933,"2019-11-01","Abhishek Pathak"
tt9420648,6,2020-06-21,"Bala","Bala",https://www.imdb.com/title/tt9420648,Movie,7.3,133,2019,"Comedy",18266,"2019-11-07","Amar Kaushik"
tt0081505,6,2020-06-21,"The Shining","The Shining",https://www.imdb.com/title/tt0081505,Movie,8.4,146,1980,"Drama, Horror",1237346,"1980-06-13","Stanley Kubrick"
tt7349950,7,2020-06-21,"It: Chapter Two","It: Chapter Two",https://www.imdb.com/title/tt7349950,Movie,6.5,169,2019,"Horror, Drama, Fantasy",360199,"2019-09-06","Andy Muschietti"
tt1560220,8,2020-06-20,"Zombieland: Double Tap","Zombieland: Double Tap",https://www.imdb.com/title/tt1560220,Movie,6.6,99,2019,"Action, Comedy, Horror",228314,"2019-10-18","Ruben Fleischer"
tt0290002,7,2020-06-20,"Meet the Fockers","Meet the Fockers",https://www.imdb.com/title/tt0290002,Movie,6.4,115,2004,"Comedy, Romance",302936,"2004-12-22","Jay Roach"
tt0212338,7,2020-06-20,"Meet the Parents","Meet the Parents",https://www.imdb.com/title/tt0212338,Movie,7.0,108,2000,"Romance, Comedy",380909,"2000-10-06","Jay Roach"
tt6644200,9,2020-06-20,"A Quiet Place","A Quiet Place",https://www.imdb.com/title/tt6644200,Movie,7.5,90,2018,"Drama, Horror, Sci-Fi",665747,"2018-04-06","John Krasinski"
tt1259521,9,2020-06-20,"The Cabin in the Woods","The Cabin in the Woods",https://www.imdb.com/title/tt1259521,Movie,7.0,95,2011,"Horror, Mystery, Thriller",493883,"2012-04-13","Drew Goddard"
tt1130884,10,2020-06-15,"Shutter Island","Shutter Island",https://www.imdb.com/title/tt1130884,Movie,8.2,138,2010,"Thriller, Mystery",1671537,"2010-02-19","Martin Scorsese"
tt8946378,9,2020-06-15,"Knives Out","Knives Out",https://www.imdb.com/title/tt8946378,Movie,7.9,130,2019,"Crime, Mystery, Thriller, Drama, Comedy",886023,"2019-11-27","Rian Johnson"
tt3398268,9,2020-06-15,"When Marnie Was There","Omoide no Mânî",https://www.imdb.com/title/tt3398268,Movie,7.6,103,2014,"Animation, Drama, Family, Mystery",55970,"2015-08-07","Hiromasa Yonebayashi"
tt5785170,7,2020-06-15,"Toilet: A Love Story","Toilet - Ek Prem Katha",https://www.imdb.com/title/tt5785170,Movie,7.2,155,2017,"Comedy, Drama, Romance",26187,"2017-08-11","Shree Narayan Singh"
tt2077833,8,2020-06-15,"Rowdy Rathore","Rowdy Rathore",https://www.imdb.com/title/tt2077833,Movie,5.9,140,2012,"Action, Comedy, Crime",27219,"2012-06-01","Prabhu Deva"
tt2424988,7,2020-06-15,"Gabbar Is Back","Gabbar Is Back",https://www.imdb.com/title/tt2424988,Movie,7.0,128,2015,"Action, Drama, Crime",29779,"2015-05-01","Radha Krishna Jagarlamudi"
tt2556308,8,2020-06-15,"Holiday","Holiday",https://www.imdb.com/title/tt2556308,Movie,7.2,160,2014,"Action, Thriller, Crime",32151,"2014-06-06","A.R. Murugadoss"
tt4387040,8,2020-06-15,"Airlift","Airlift",https://www.imdb.com/title/tt4387040,Movie,7.9,130,2016,"Drama, History",61724,"2016-01-22","Raja Menon"
tt7363076,7,2020-06-15,"Raid","Raid",https://www.imdb.com/title/tt7363076,Movie,7.4,122,2018,"Drama, Thriller, Crime",24009,"2018-03-16","Raj Kumar Gupta"
tt6826438,7,2020-06-15,"Parmanu: The Story of Pokhran","Parmanu: The Story of Pokhran",https://www.imdb.com/title/tt6826438,Movie,7.6,129,2018,"Drama, History, Thriller",26803,"2018-05-25","Abhishek Sharma"
tt7098658,9,2020-06-15,"Raazi","Raazi",https://www.imdb.com/title/tt7098658,Movie,7.7,138,2018,"Thriller, Action, Drama",37636,"2018-05-11","Meghna Gulzar"
tt6967980,8,2020-06-15,"Seeking True Love","Bareilly Ki Barfi",https://www.imdb.com/title/tt6967980,Movie,7.5,116,2017,"Comedy, Romance",28786,"2017-08-18","Ashwiny Iyer Tiwari"
tt6452574,6,2020-06-15,"Sanju","Sanju",https://www.imdb.com/title/tt6452574,Movie,7.6,155,2018,"Biography, Drama, Comedy",67964,"2018-06-29","Rajkumar Hirani"
tt9052870,7,2020-06-15,"Chhichhore","Chhichhore",https://www.imdb.com/title/tt9052870,Movie,8.3,143,2019,"Drama, Comedy, Romance",73858,"2019-09-06","Nitesh Tiwari"
tt3860916,7,2020-06-09,"Cargo","Cargo",https://www.imdb.com/title/tt3860916,Movie,6.3,105,2017,"Drama, Thriller, Sci-Fi, Horror",52933,"2018-05-18","Ben Howling,Yolanda Ramke"
tt11043632,8,2020-06-09,"Beastars","Beastars",https://www.imdb.com/title/tt11043632,TV Series,7.6,23,2019,"Animation, Drama, Fantasy, Mystery, Thriller, Crime, Romance",16488,"2020-03-13",
tt0456144,9,2020-05-31,"Lage Raho Munna Bhai","Lage Raho Munna Bhai",https://www.imdb.com/title/tt0456144,Movie,8.0,144,2006,"Comedy, Drama, Romance",53776,"2006-09-01","Rajkumar Hirani"
tt4555426,8,2020-05-31,"Darkest Hour","Darkest Hour",https://www.imdb.com/title/tt4555426,Movie,7.4,125,2017,"Drama, War, Biography, History",244923,"2017-12-22","Joe Wright"
tt5013056,7,2020-05-31,"Dunkirk","Dunkirk",https://www.imdb.com/title/tt5013056,Movie,7.8,106,2017,"War, Drama, Action, History, Thriller",821104,"2017-07-21","Christopher Nolan"
tt0096283,9,2020-05-31,"My Neighbor Totoro","Tonari no Totoro",https://www.imdb.com/title/tt0096283,Movie,8.1,86,1988,"Animation, Family, Comedy, Adventure, Fantasy",437090,"1990-07-13","Hayao Miyazaki"
tt5571734,7,2020-05-31,"Pink","Pink",https://www.imdb.com/title/tt5571734,Movie,8.0,136,2016,"Drama, Thriller, Crime",52535,"2016-09-16","Aniruddha Roy Chowdhury"
tt0347473,7,2020-05-31,"Main Hoon Na","Main Hoon Na",https://www.imdb.com/title/tt0347473,Movie,7.1,182,2004,"Musical, Action, Comedy, Drama, Romance, Thriller",45279,"2004-04-30","Farah Khan"
tt7984734,6,2020-05-31,"The Lighthouse","The Lighthouse",https://www.imdb.com/title/tt7984734,Movie,7.4,109,2019,"Drama, Fantasy, Mystery, Thriller, Horror",307057,"2019-11-01","Robert Eggers"
tt3837246,10,2020-05-17,"Assassination Classroom","Ansatsu kyôshitsu",https://www.imdb.com/title/tt3837246,TV Series,7.9,23,2013,"Animation, Action, Comedy, Sci-Fi, Fantasy",29536,"2015-02-18",
tt7865090,9,2020-05-02,"Darling in the Franxx","Darling in the Franxx",https://www.imdb.com/title/tt7865090,TV Series,7.3,24,2018,"Animation, Action, Sci-Fi, Romance, Drama",21221,"2019-08-02",
tt0434665,9,2020-05-02,"Bleach","Bleach",https://www.imdb.com/title/tt0434665,TV Series,8.3,24,2004,"Animation, Adventure, Fantasy, Action",94606,"2006-09-09",
tt0461936,9,2020-04-05,"Don","Don",https://www.imdb.com/title/tt0461936,Movie,7.2,171,2006,"Action, Crime, Thriller",44857,"2006-10-20","Farhan Akhtar"
tt0347304,9,2020-04-05,"Kal Ho Naa Ho","Kal Ho Naa Ho",https://www.imdb.com/title/tt0347304,Movie,7.9,186,2003,"Musical, Drama, Romance, Comedy",82269,"2003-11-28","Nikkhil Advani"
tt1093370,9,2020-03-18,"Jab We Met","Jab We Met",https://www.imdb.com/title/tt1093370,Movie,7.9,138,2007,"Comedy, Romance, Drama",65978,"2007-10-26","Imtiaz Ali"
tt0292490,9,2020-03-18,"Dil Chahta Hai","Dil Chahta Hai",https://www.imdb.com/title/tt0292490,Movie,8.0,183,2001,"Comedy, Romance, Drama",80264,"2001-08-10","Farhan Akhtar"
tt3799232,5,2020-03-18,"The Kissing Booth","The Kissing Booth",https://www.imdb.com/title/tt3799232,Movie,5.9,105,2018,"Comedy, Romance",105433,"2018-05-11","Vince Marcello"
tt6472976,9,2020-03-18,"Five Feet Apart","Five Feet Apart",https://www.imdb.com/title/tt6472976,Movie,7.2,116,2019,"Drama, Romance",98376,"2019-03-15","Justin Baldoni"
tt8629748,7,2020-03-07,"Spenser Confidential","Spenser Confidential",https://www.imdb.com/title/tt8629748,Movie,6.2,111,2020,"Drama, Thriller, Mystery, Action, Comedy, Crime",107242,"2020-03-06","Peter Berg"
tt0343818,10,2020-02-24,"I, Robot","I, Robot",https://www.imdb.com/title/tt0343818,Movie,7.1,115,2004,"Action, Mystery, Sci-Fi, Thriller",618811,"2004-07-16","Alex Proyas"
tt0991346,6,2020-02-24,"Bhoothnath","Bhoothnath",https://www.imdb.com/title/tt0991346,Movie,6.5,150,2008,"Comedy, Drama, Fantasy, Family, Horror",13359,"2008-05-09","Vivek Sharma"
tt8902990,9,2020-02-24,"The Sky Is Pink","The Sky Is Pink",https://www.imdb.com/title/tt8902990,Movie,7.6,143,2019,"Drama, Romance",10840,"2019-10-11","Shonali Bose"
tt2984660,9,2020-02-23,"Outlast","Outlast",https://www.imdb.com/title/tt2984660,Video Game,8.2,,2013,"Horror, Mystery, Thriller",7278,"2013-09-04",
tt0476805,8,2020-02-23,"Malamaal Weekly","Malamaal Weekly",https://www.imdb.com/title/tt0476805,Movie,7.1,137,2006,"Comedy, Drama, Romance",9356,"2006-03-10","Priyadarshan"
tt0464160,8,2020-02-23,"Chup Chup Ke","Chup Chup Ke",https://www.imdb.com/title/tt0464160,Movie,7.1,164,2006,"Comedy, Drama, Romance",16053,"2006-06-09","Priyadarshan,Kookie Gulati"
tt0845448,9,2020-02-23,"Dhamaal","Dhamaal",https://www.imdb.com/title/tt0845448,Movie,7.6,136,2007,"Comedy, Adventure, Action",23148,"2007-09-07","Indra Kumar"
tt2621000,8,2020-02-23,"Jolly LLB","Jolly LLB",https://www.imdb.com/title/tt2621000,Movie,7.5,135,2013,"Comedy, Drama, Crime",25531,"2013-03-15","Subhash Kapoor"
tt5982852,7,2020-02-23,"Jolly LLB 2","Jolly LLB 2",https://www.imdb.com/title/tt5982852,Movie,7.2,137,2017,"Comedy, Drama, Crime",31173,"2017-02-10","Subhash Kapoor"
tt5165344,7,2020-02-23,"Rustom","Rustom",https://www.imdb.com/title/tt5165344,Movie,7.0,148,2016,"Thriller, Crime, Drama",31648,"2016-08-12","Tinu Suresh Desai"
tt7218518,8,2020-02-23,"Pad Man","Pad Man",https://www.imdb.com/title/tt7218518,Movie,7.8,140,2018,"Drama, Comedy",32961,"2018-02-09","R Balki"
tt6264938,8,2020-02-23,"Kesari","Kesari",https://www.imdb.com/title/tt6264938,Movie,7.4,150,2019,"Action, Drama, History, War, Thriller",26476,"2019-03-21","Anurag Singh"
tt8869978,9,2020-02-23,"Batla House","Batla House",https://www.imdb.com/title/tt8869978,Movie,7.2,146,2019,"Action, Thriller, Crime, Drama, History",13353,"2019-08-15","Nikkhil Advani"
tt8550208,9,2020-02-23,"Romeo Akbar Walter","Romeo Akbar Walter",https://www.imdb.com/title/tt8550208,Movie,6.7,141,2019,"Thriller, Action, Drama",6689,"2019-04-05","Robbie Grewal"
tt8202612,5,2020-02-23,"Satyameva Jayate","Satyameva Jayate",https://www.imdb.com/title/tt8202612,Movie,5.7,140,2018,"Action, Thriller, Drama, Crime",8417,"2018-08-15","Milap Zaveri"
tt3410408,9,2020-02-23,"Rocky Handsome","Rocky Handsome",https://www.imdb.com/title/tt3410408,Movie,6.8,127,2016,"Action, Thriller, Drama, Crime",10116,"2016-03-25","Nishikant Kamat"
tt1992138,8,2020-02-23,"Force","Force",https://www.imdb.com/title/tt1992138,Movie,6.5,137,2011,"Action, Thriller, Crime, Drama, Romance",9336,"2011-09-30","Nishikant Kamat"
tt2301155,7,2020-02-23,"Shootout at Wadala","Shootout at Wadala",https://www.imdb.com/title/tt2301155,Movie,6.1,155,2013,"Action, Crime, Biography, Drama",8653,"2013-05-03","Sanjay Gupta"
tt2873282,8,2020-02-19,"Red Sparrow","Red Sparrow",https://www.imdb.com/title/tt2873282,Movie,6.6,140,2018,"Thriller, Drama, Action",219045,"2018-03-02","Francis Lawrence"
tt5838588,10,2020-02-19,"God of War","God of War",https://www.imdb.com/title/tt5838588,Video Game,9.5,,2018,"Action, Adventure, Fantasy, Drama",47731,"2018-04-20","Cory Barlog"
tt3468818,9,2020-02-19,"The Last of Us: Left Behind","The Last of Us: Left Behind",https://www.imdb.com/title/tt3468818,Video Game,8.8,,2014,"Action, Adventure, Drama, Horror, Sci-Fi, Thriller",15186,"2014-02-14","Kevin Joelson,Satoshi Komuro,Bruce Straley"
tt1349460,10,2020-02-19,"Uncharted 2: Among Thieves","Uncharted 2: Among Thieves",https://www.imdb.com/title/tt1349460,Video Game,9.3,,2009,"Adventure, Action, Fantasy, Mystery, Thriller, Horror",31924,"2009-10-13","Amy Hennig,Bruce Straley"
tt1800763,8,2020-02-19,"Uncharted 3: Drake's Deception","Uncharted 3: Drake's Deception",https://www.imdb.com/title/tt1800763,Video Game,8.9,,2011,"Action, Adventure, Thriller",28008,"2011-11-01","Amy Hennig,Justin Richmond"
tt1000777,8,2020-02-19,"Uncharted: Drake's Fortune","Uncharted: Drake's Fortune",https://www.imdb.com/title/tt1000777,Video Game,8.4,,2007,"Action, Adventure, Fantasy, Mystery, Thriller",25842,"2007-11-16","Amy Hennig"
tt6304452,9,2020-02-19,"Uncharted: The Lost Legacy","Uncharted: The Lost Legacy",https://www.imdb.com/title/tt6304452,Video Game,8.4,,2017,"Action, Adventure, Thriller",11628,"2017-08-22","Shaun Escayg,Kurt Margenau"
tt3334704,10,2020-02-19,"Uncharted 4: A Thief's End","Uncharted 4: A Thief's End",https://www.imdb.com/title/tt3334704,Video Game,9.4,,2016,"Adventure, Action, Drama, Thriller, Romance",44414,"2016-05-10","Neil Druckmann,Bruce Straley"
tt7679452,8,2020-02-19,"Horizon Zero Dawn: The Frozen Wilds","Horizon Zero Dawn: The Frozen Wilds",https://www.imdb.com/title/tt7679452,Video Game,8.6,,2017,"Action, Adventure, Sci-Fi",2806,"2017-11-07","Mathijs de Jonge"
tt4044024,9,2020-02-19,"Horizon Zero Dawn","Horizon Zero Dawn",https://www.imdb.com/title/tt4044024,Video Game,8.9,,2017,"Action, Adventure, Sci-Fi",22050,"2017-02-28","Mathijs de Jonge"
tt2948356,8,2020-02-19,"Zootopia","Zootopia",https://www.imdb.com/title/tt2948356,Movie,8.0,108,2016,"Animation, Crime, Action, Mystery, Adventure, Family, Comedy",645747,"2016-03-04","Byron Howard,Rich Moore,Jared Bush"
tt0892769,9,2020-02-19,"How to Train Your Dragon","How to Train Your Dragon",https://www.imdb.com/title/tt0892769,Movie,8.1,98,2010,"Animation, Adventure, Fantasy, Family, Action",904323,"2010-03-26","Dean DeBlois,Chris Sanders"
tt2096673,9,2020-02-19,"Inside Out","Inside Out",https://www.imdb.com/title/tt2096673,Movie,8.1,95,2015,"Animation, Comedy, Family, Adventure, Drama, Fantasy",927374,"2015-06-19","Pete Docter,Ronnie Del Carmen"
tt2380307,9,2020-02-19,"Coco","Coco",https://www.imdb.com/title/tt2380307,Movie,8.4,105,2017,"Animation, Family, Adventure, Fantasy, Mystery, Music, Drama",720649,"2017-11-22","Lee Unkrich,Adrian Molina"
tt2364582,8,2020-02-06,"Agents of S.H.I.E.L.D.","Agents of S.H.I.E.L.D.",https://www.imdb.com/title/tt2364582,TV Series,7.5,45,2013,"Action, Sci-Fi, Thriller, Adventure",236408,"2013-09-24",
tt3322310,8,2020-02-06,"Iron Fist","Iron Fist",https://www.imdb.com/title/tt3322310,TV Series,6.4,60,2017,"Action, Sci-Fi, Adventure, Crime, Fantasy",150435,"2017-03-17",
tt3322312,9,2020-02-06,"Daredevil","Daredevil",https://www.imdb.com/title/tt3322312,TV Series,8.6,60,2015,"Action, Crime, Drama, Thriller, Sci-Fi",538311,"2015-04-10",
tt5675620,9,2020-02-06,"The Punisher","The Punisher",https://www.imdb.com/title/tt5675620,TV Series,8.4,60,2017,"Action, Crime, Thriller, Drama",310139,"2017-11-17",
tt1980209,8,2020-02-05,"Pain & Gain","Pain & Gain",https://www.imdb.com/title/tt1980209,Movie,6.4,129,2013,"Drama, Comedy, Crime, Biography, Mystery, Action",242440,"2013-04-26","Michael Bay"
tt8983180,8,2020-02-05,"Made in China","Made in China",https://www.imdb.com/title/tt8983180,Movie,6.3,128,2019,"Drama, Comedy",5302,"2019-10-25","Mikhil Musale"
tt10289938,8,2020-02-05,"The Forgotten Army - Azaadi ke liye","The Forgotten Army - Azaadi ke liye",https://www.imdb.com/title/tt10289938,TV Mini Series,7.9,39,2020,"History, Drama, War",6473,"2020-01-24",
tt0395699,9,2020-02-05,"The Pacifier","The Pacifier",https://www.imdb.com/title/tt0395699,Movie,5.6,95,2005,"Comedy, Action, Family, Drama",107677,"2005-03-04","Adam Shankman"
tt5074352,10,2020-02-04,"Dangal","Dangal",https://www.imdb.com/title/tt5074352,Movie,8.3,161,2016,"Biography, Sport, Drama, Action",246518,"2016-12-21","Nitesh Tiwari"
tt8176578,9,2020-02-03,"Flavors of Youth","Si shi qing chun",https://www.imdb.com/title/tt8176578,Movie,6.6,74,2018,"Animation, Drama, Romance",9764,"2018-08-04","Haoling Li,Yoshitaka Takeuchi,Xiaoxing Yi"
tt5005684,7,2020-02-02,"The New Classmate","Nil Battey Sannata",https://www.imdb.com/title/tt5005684,Movie,8.2,100,2015,"Drama, Family",9866,"2016-04-22","Ashwiny Iyer Tiwari"
tt0420332,7,2020-02-02,"Veer Zaara","Veer-Zaara",https://www.imdb.com/title/tt0420332,Movie,7.8,192,2004,"Musical, Drama, Romance, Family",67104,"2025-11-01","Yash Chopra"
tt2181931,7,2020-02-02,"English Vinglish","English Vinglish",https://www.imdb.com/title/tt2181931,Movie,7.8,134,2012,"Drama, Comedy, Family",45331,"2012-10-05","Gauri Shinde"
tt7469726,8,2020-02-02,"Shaadi Mein Zaroor Aana","Shaadi Mein Zaroor Aana",https://www.imdb.com/title/tt7469726,Movie,7.5,137,2017,"Drama, Romance, Comedy",20107,"2017-11-10","Ratnaa Sinha"
tt0495034,9,2020-02-02,"Golmaal: Fun Unlimited","Golmaal: Fun Unlimited",https://www.imdb.com/title/tt0495034,Movie,7.5,150,2006,"Comedy, Action, Drama",21874,"2006-07-14","Rohit Shetty"
tt0093578,8,2020-02-02,"Mr. India","Mr. India",https://www.imdb.com/title/tt0093578,Movie,7.7,179,1987,"Musical, Sci-Fi, Action, Family, Comedy, Drama, Adventure",20623,"1987-05-25","Shekhar Kapur"
tt1907761,9,2020-02-02,"Stanley Ka Dabba","Stanley Ka Dabba",https://www.imdb.com/title/tt1907761,Movie,7.8,96,2011,"Family, Comedy, Drama",8112,"2011-05-13","Amole Gupte,Mukesh Kumar"
tt1841542,7,2020-02-02,"Children's Party","Chillar Party",https://www.imdb.com/title/tt1841542,Movie,7.5,135,2011,"Family, Comedy, Drama",9458,"2011-07-08","Vikas Bahl,Nitesh Tiwari"
tt8595766,9,2020-02-02,"Yeh Meri Family","Yeh Meri Family",https://www.imdb.com/title/tt8595766,TV Series,8.9,30,2018,"Musical, Family, Comedy, Drama, Romance",27830,"2018-07-12",
tt8809646,8,2020-02-02,"College Romance","College Romance",https://www.imdb.com/title/tt8809646,TV Series,8.2,30,2018,"Comedy, Drama, Romance",29913,"2019-10-01",
tt7927936,9,2020-02-02,"Flames","Flames",https://www.imdb.com/title/tt7927936,TV Series,8.8,30,2018,"Comedy, Drama, Romance",34260,"2018-02-04",
tt6005644,9,2020-02-02,"TVF Tripling","TVF Tripling",https://www.imdb.com/title/tt6005644,TV Series,8.5,30,2016,"Drama, Comedy",21404,"2016-08-28",
tt9432978,9,2020-02-02,"Kota Factory","Kota Factory",https://www.imdb.com/title/tt9432978,TV Series,9.0,40,2019,"Drama, Comedy",93067,"2019-04-16",
tt9544034,9,2020-02-02,"The Family Man","The Family Man",https://www.imdb.com/title/tt9544034,TV Series,8.7,45,2019,"Action, Comedy, Drama, Thriller, Crime",113479,"2019-09-19",
tt6077448,8,2020-02-02,"Sacred Games","Sacred Games",https://www.imdb.com/title/tt6077448,TV Series,8.5,,2018,"Drama, Crime, Action, Thriller, Mystery",98579,"2018-07-06",
tt6473300,8,2020-02-02,"Mirzapur","Mirzapur",https://www.imdb.com/title/tt6473300,TV Series,8.4,60,2018,"Crime, Thriller, Action, Drama",94324,"2018-11-15",
tt0495212,9,2020-02-02,"Hellsing Ultimate","Hellsing Ultimate",https://www.imdb.com/title/tt0495212,TV Mini Series,8.2,50,2006,"Animation, Horror, Action, Fantasy",31384,"2006-12-05",
tt0381348,8,2020-02-02,"The Place Promised in Our Early Days","Kumo no mukô, yakusoku no basho",https://www.imdb.com/title/tt0381348,Movie,6.8,90,2004,"Animation, Drama, Sci-Fi, Romance",16291,"2004-11-20","Makoto Shinkai"
tt2061702,8,2020-02-02,"To the Forest of Firefly Lights","Hotarubi no mori e",https://www.imdb.com/title/tt2061702,Movie,7.8,45,2011,"Animation, Drama, Fantasy",25700,"2011-09-17","Takahiro Ômori"
tt5897304,10,2020-02-02,"Mob Psycho 100","Mob Psycho 100",https://www.imdb.com/title/tt5897304,TV Series,8.5,24,2016,"Animation, Action, Horror, Comedy, Fantasy, Drama, Sci-Fi",69954,"2018-10-27",
tt6660498,9,2020-02-02,"Devilman: Crybaby","Devilman: Crybaby",https://www.imdb.com/title/tt6660498,TV Mini Series,7.6,25,2018,"Animation, Action, Horror, Fantasy, Drama",36716,"2018-01-05",
tt1146325,8,2020-02-01,"Singh Is King","Singh Is Kinng",https://www.imdb.com/title/tt1146325,Movie,5.8,135,2008,"Action, Comedy, Romance, Crime, Drama",18101,"2008-08-08","Anees Bazmee"
tt1455811,7,2020-02-01,"Khatta Meetha","Khatta Meetha",https://www.imdb.com/title/tt1455811,Movie,6.2,157,2010,"Comedy, Crime, Drama",16072,"2010-07-23","Priyadarshan"
tt0805184,9,2020-02-01,"Bhagam Bhag","Bhagam Bhag",https://www.imdb.com/title/tt0805184,Movie,6.8,157,2006,"Comedy, Thriller, Drama, Mystery",17906,"2006-12-22","Priyadarshan"
tt2015381,9,2020-02-01,"Guardians of the Galaxy","Guardians of the Galaxy",https://www.imdb.com/title/tt2015381,Movie,8.0,121,2014,"Sci-Fi, Action, Adventure, Comedy",1375869,"2014-08-01","James Gunn"
tt1211837,10,2020-02-01,"Doctor Strange","Doctor Strange",https://www.imdb.com/title/tt1211837,Movie,7.5,115,2016,"Fantasy, Adventure, Action, Sci-Fi",890502,"2016-11-04","Scott Derrickson"
tt1228705,8,2020-02-01,"Iron Man 2","Iron Man 2",https://www.imdb.com/title/tt1228705,Movie,6.9,124,2010,"Action, Sci-Fi",949435,"2010-05-07","Jon Favreau"
tt1981115,7,2020-02-01,"Thor: The Dark World","Thor: The Dark World",https://www.imdb.com/title/tt1981115,Movie,6.7,112,2013,"Action, Adventure, Fantasy, Sci-Fi",786044,"2013-11-08","Alan Taylor"
tt0800369,9,2020-02-01,"Thor","Thor",https://www.imdb.com/title/tt0800369,Movie,7.0,115,2011,"Action, Fantasy",976337,"2011-05-06","Kenneth Branagh"
tt3896198,8,2020-02-01,"Guardians of the Galaxy: Vol. 2","Guardians of the Galaxy Vol. 2",https://www.imdb.com/title/tt3896198,Movie,7.6,136,2017,"Action, Sci-Fi, Adventure, Comedy, Fantasy, Music",839355,"2017-05-05","James Gunn"
tt0458339,7,2020-02-01,"Captain America: The First Avenger","Captain America: The First Avenger",https://www.imdb.com/title/tt0458339,Movie,6.9,124,2011,"Action, Adventure, Sci-Fi",979011,"2011-07-22","Joe Johnston"
tt0371746,9,2020-02-01,"Iron Man","Iron Man",https://www.imdb.com/title/tt0371746,Movie,7.9,126,2008,"Action, Sci-Fi, Adventure",1239700,"2008-05-02","Jon Favreau"
tt0478970,9,2020-02-01,"Ant-Man","Ant-Man",https://www.imdb.com/title/tt0478970,Movie,7.2,117,2015,"Action, Sci-Fi, Comedy",788848,"2015-07-17","Peyton Reed"
tt1843866,8,2020-02-01,"Captain America: The Winter Soldier","Captain America: The Winter Soldier",https://www.imdb.com/title/tt1843866,Movie,7.7,136,2014,"Action, Adventure, Sci-Fi, Thriller",982246,"2014-04-04","Anthony Russo,Joe Russo"
tt2395427,9,2020-02-01,"Avengers: Age of Ultron","Avengers: Age of Ultron",https://www.imdb.com/title/tt2395427,Movie,7.3,141,2015,"Action, Adventure, Sci-Fi",1013021,"2015-05-01","Joss Whedon"
tt0848228,8,2020-02-01,"The Avengers","The Avengers",https://www.imdb.com/title/tt0848228,Movie,8.0,143,2012,"Action, Sci-Fi",1572655,"2012-05-04","Joss Whedon"
tt4154756,10,2020-02-01,"Avengers: Infinity War","Avengers: Infinity War",https://www.imdb.com/title/tt4154756,Movie,8.4,149,2018,"Action, Sci-Fi, Adventure",1395673,"2018-04-27","Anthony Russo,Joe Russo"
tt4154796,10,2020-02-01,"Avengers: Endgame","Avengers: Endgame",https://www.imdb.com/title/tt4154796,Movie,8.4,181,2019,"Action, Sci-Fi, Adventure",1471356,"2019-04-26","Anthony Russo,Joe Russo"
tt0846694,9,2020-02-01,"God of War II","God of War II",https://www.imdb.com/title/tt0846694,Video Game,9.1,,2007,"Action, Adventure, Fantasy",12589,"2007-03-13","Cory Barlog"
tt0416779,8,2020-02-01,"God of War","God of War",https://www.imdb.com/title/tt0416779,Video Game,9.0,,2005,"Adventure, Action, Fantasy",14014,"2005-03-22","David Jaffe,Greg Tiernan"
tt0480249,9,2020-02-01,"I Am Legend","I Am Legend",https://www.imdb.com/title/tt0480249,Movie,7.2,101,2007,"Drama, Sci-Fi, Thriller, Horror",884710,"2007-12-14","Francis Lawrence"
tt2209764,9,2020-02-01,"Transcendence","Transcendence",https://www.imdb.com/title/tt2209764,Movie,6.2,119,2014,"Drama, Sci-Fi, Thriller",248119,"2014-04-18","Wally Pfister"
tt3110958,9,2020-02-01,"Now You See Me 2","Now You See Me 2",https://www.imdb.com/title/tt3110958,Movie,6.4,129,2016,"Comedy, Thriller, Action, Adventure, Mystery, Crime",364389,"2016-06-10","Jon M. Chu"
tt1355644,9,2020-02-01,"Passengers","Passengers",https://www.imdb.com/title/tt1355644,Movie,7.0,116,2016,"Sci-Fi, Drama, Thriller, Romance",502733,"2016-12-21","Morten Tyldum"
tt1219827,6,2020-02-01,"Ghost in the Shell","Ghost in the Shell",https://www.imdb.com/title/tt1219827,Movie,6.3,107,2017,"Action, Drama, Sci-Fi, Thriller, Crime, Mystery",240885,"2017-03-31","Rupert Sanders"
tt2872732,10,2020-02-01,"Lucy","Lucy",https://www.imdb.com/title/tt2872732,Movie,6.4,89,2014,"Action, Sci-Fi, Thriller",583753,"2014-07-25","Luc Besson"
tt0298130,7,2020-01-31,"The Ring","The Ring",https://www.imdb.com/title/tt0298130,Movie,7.1,115,2002,"Mystery, Horror",405172,"2002-10-18","Gore Verbinski"
tt2752772,3,2020-01-31,"Sinister 2","Sinister 2",https://www.imdb.com/title/tt2752772,Movie,5.3,97,2015,"Horror, Mystery, Thriller",68092,"2015-08-21","Ciarán Foy"
tt1922777,5,2020-01-31,"Sinister","Sinister",https://www.imdb.com/title/tt1922777,Movie,6.8,110,2012,"Horror, Mystery, Thriller",320499,"2012-10-12","Scott Derrickson"
tt1217209,10,2020-01-31,"Brave","Brave",https://www.imdb.com/title/tt1217209,Movie,7.1,93,2012,"Animation, Adventure, Fantasy, Family, Comedy, Drama, Mystery, Action",483590,"2012-06-22","Mark Andrews,Brenda Chapman,Steve Purcell"
tt2293640,9,2020-01-31,"Minions","Minions",https://www.imdb.com/title/tt2293640,Movie,6.4,91,2015,"Animation, Comedy, Family, Adventure, Sci-Fi, Crime",288488,"2015-07-10","Kyle Balda,Pierre Coffin"
tt2245084,9,2020-01-31,"Big Hero 6","Big Hero 6",https://www.imdb.com/title/tt2245084,Movie,7.8,102,2014,"Animation, Action, Family, Sci-Fi, Adventure, Comedy, Crime, Drama",559379,"2014-11-07","Don Hall,Chris Williams"
tt1323594,8,2020-01-31,"Despicable Me","Despicable Me",https://www.imdb.com/title/tt1323594,Movie,7.6,95,2010,"Animation, Family, Comedy, Sci-Fi, Crime, Adventure",638469,"2010-07-09","Pierre Coffin,Chris Renaud"
tt0317219,9,2020-01-31,"Cars","Cars",https://www.imdb.com/title/tt0317219,Movie,7.3,116,2006,"Animation, Family, Sport, Comedy, Adventure",544679,"2006-06-09","John Lasseter,Joe Ranft"
tt0382932,9,2020-01-31,"Ratatouille","Ratatouille",https://www.imdb.com/title/tt0382932,Movie,8.1,111,2007,"Animation, Comedy, Family, Fantasy, Adventure",958959,"2007-06-29","Brad Bird,Jan Pinkava"
tt0317705,7,2020-01-31,"The Incredibles","The Incredibles",https://www.imdb.com/title/tt0317705,Movie,8.0,115,2004,"Animation, Action, Adventure, Family",911786,"2004-11-05","Brad Bird"
tt0120363,9,2020-01-31,"Toy Story 2","Toy Story 2",https://www.imdb.com/title/tt0120363,Movie,7.9,92,1999,"Animation, Adventure, Comedy, Family, Fantasy",680506,"1999-11-24","John Lasseter,Ash Brannon,Lee Unkrich"
tt0114709,9,2020-01-31,"Toy Story","Toy Story",https://www.imdb.com/title/tt0114709,Movie,8.3,81,1995,"Animation, Adventure, Comedy, Family, Fantasy",1192000,"1995-11-22","John Lasseter"
tt1825683,9,2020-01-31,"Black Panther","Black Panther",https://www.imdb.com/title/tt1825683,Movie,7.3,134,2018,"Action, Adventure, Sci-Fi",919716,"2018-02-16","Ryan Coogler"
tt3498820,9,2020-01-31,"Captain America: Civil War","Captain America: Civil War",https://www.imdb.com/title/tt3498820,Movie,7.8,147,2016,"Action, Sci-Fi",940398,"2016-05-06","Anthony Russo,Joe Russo"
tt3501632,9,2020-01-31,"Thor: Ragnarok","Thor: Ragnarok",https://www.imdb.com/title/tt3501632,Movie,7.9,130,2017,"Action, Sci-Fi, Adventure, Comedy, Fantasy",905807,"2017-11-03","Taika Waititi"
tt4154664,6,2020-01-31,"Captain Marvel","Captain Marvel",https://www.imdb.com/title/tt4154664,Movie,6.7,123,2019,"Action, Adventure, Sci-Fi",667206,"2019-03-08","Anna Boden,Ryan Fleck"
tt2250912,8,2020-01-31,"Spider-Man: Homecoming","Spider-Man: Homecoming",https://www.imdb.com/title/tt2250912,Movie,7.4,133,2017,"Action, Sci-Fi, Adventure",821401,"2017-07-07","Jon Watts"
tt6320628,8,2020-01-31,"Spider-Man: Far from Home","Spider-Man: Far from Home",https://www.imdb.com/title/tt6320628,Movie,7.3,129,2019,"Action, Adventure, Sci-Fi, Comedy, Fantasy",661315,"2019-07-02","Jon Watts"
tt5180504,9,2020-01-31,"The Witcher","The Witcher",https://www.imdb.com/title/tt5180504,TV Series,7.8,60,2019,"Adventure, Fantasy, Mystery, Action, Drama",623089,"2019-12-20",
tt4361050,8,2020-01-31,"Ouija: Origin of Evil","Ouija: Origin of Evil",https://www.imdb.com/title/tt4361050,Movie,6.2,99,2016,"Horror, Thriller, Mystery, Drama",83102,"2016-10-21","Mike Flanagan"
tt3322940,7,2020-01-31,"Annabelle","Annabelle",https://www.imdb.com/title/tt3322940,Movie,5.5,99,2014,"Horror, Mystery, Thriller",198057,"2014-10-03","John R. Leonetti"
tt5140878,9,2020-01-31,"Annabelle: Creation","Annabelle: Creation",https://www.imdb.com/title/tt5140878,Movie,6.5,109,2017,"Horror, Thriller, Mystery",171958,"2017-08-11","David F. Sandberg"
tt1457767,7,2020-01-31,"The Conjuring","The Conjuring",https://www.imdb.com/title/tt1457767,Movie,7.5,112,2013,"Horror, Mystery, Thriller",629619,"2013-07-19","James Wan"
tt3065204,6,2020-01-31,"The Conjuring 2","The Conjuring 2",https://www.imdb.com/title/tt3065204,Movie,7.3,134,2016,"Horror, Mystery, Thriller",347202,"2016-06-10","James Wan"
tt1560985,9,2020-01-31,"The Devil Inside","The Devil Inside",https://www.imdb.com/title/tt1560985,Movie,4.2,83,2012,"Horror",38559,"2012-01-06","William Brent Bell"
tt3289956,10,2020-01-31,"The Autopsy of Jane Doe","The Autopsy of Jane Doe",https://www.imdb.com/title/tt3289956,Movie,6.8,86,2016,"Horror, Mystery, Thriller",167568,"2016-12-21","André Øvredal"
tt2140553,10,2020-01-27,"The Last of Us","The Last of Us",https://www.imdb.com/title/tt2140553,Video Game,9.7,,2013,"Action, Horror, Drama",91876,"2013-06-14","Neil Druckmann,Bruce Straley"
tt1992386,7,2020-01-27,"Black Lagoon: Roberta's Blood Trail","Black Lagoon: Roberta's Blood Trail",https://www.imdb.com/title/tt1992386,TV Mini Series,7.6,34,2010,"Animation, Action, Drama, Thriller, Adventure, Crime",4402,"2010-06-26",
tt0816711,9,2020-01-25,"World War Z","World War Z",https://www.imdb.com/title/tt0816711,Movie,7.0,116,2013,"Action, Adventure, Horror, Sci-Fi",790836,"2013-06-21","Marc Forster"
tt1351685,6,2020-01-25,"Jack the Giant Slayer","Jack the Giant Slayer",https://www.imdb.com/title/tt1351685,Movie,6.3,114,2013,"Adventure, Fantasy, Action",156294,"2013-03-01","Bryan Singer"
tt1588173,9,2020-01-25,"Warm Bodies","Warm Bodies",https://www.imdb.com/title/tt1588173,Movie,6.8,98,2013,"Horror, Comedy, Romance, Action, Sci-Fi, Thriller",256439,"2013-02-01","Jonathan Levine"
tt1362058,9,2020-01-25,"Cockneys vs Zombies","Cockneys vs Zombies",https://www.imdb.com/title/tt1362058,Movie,5.9,88,2012,"Comedy, Horror, Action, Thriller",21337,"2013-08-02","Matthias Hoene"
tt1727776,8,2020-01-25,"Scouts Guide to the Zombie Apocalypse","Scouts Guide to the Zombie Apocalypse",https://www.imdb.com/title/tt1727776,Movie,6.3,93,2015,"Comedy, Horror, Action, Sci-Fi",61524,"2015-10-30","Christopher Landon"
tt1374989,8,2020-01-25,"Pride and Prejudice and Zombies","Pride and Prejudice and Zombies",https://www.imdb.com/title/tt1374989,Movie,5.8,108,2016,"Horror, Action, Romance, Comedy, Fantasy",64871,"2016-02-05","Burr Steers"
tt3053228,5,2020-01-25,"Day of the Dead: Bloodline","Day of the Dead: Bloodline",https://www.imdb.com/title/tt3053228,Movie,3.5,90,2017,"Horror, Action, Drama, Sci-Fi, Thriller",12945,"2018-01-05","Hèctor Hernández Vicens"
tt1911658,10,2020-01-25,"Penguins of Madagascar","Penguins of Madagascar",https://www.imdb.com/title/tt1911658,Movie,6.7,92,2014,"Animation, Adventure, Comedy, Family, Sci-Fi, Action, Crime",117456,"2014-11-26","Eric Darnell,Simon J. Smith"
tt6095472,7,2020-01-25,"The Angry Birds Movie 2","The Angry Birds Movie 2",https://www.imdb.com/title/tt6095472,Movie,6.4,97,2019,"Animation, Comedy, Adventure, Family, Action",43856,"2019-08-14","Thurop Van Orman,John Rice"
tt1985949,6,2020-01-25,"The Angry Birds Movie","The Angry Birds Movie",https://www.imdb.com/title/tt1985949,Movie,6.3,97,2016,"Animation, Comedy, Family, Adventure, Action",120204,"2016-05-20","Clay Kaytis,Fergal Reilly"
tt2338151,9,2020-01-24,"PK","PK",https://www.imdb.com/title/tt2338151,Movie,8.1,153,2014,"Musical, Comedy, Sci-Fi, Drama",225079,"2014-12-19","Rajkumar Hirani"
tt1821480,9,2020-01-24,"Kahaani","Kahaani",https://www.imdb.com/title/tt1821480,Movie,8.1,122,2012,"Thriller, Mystery",70327,"2012-03-09","Sujoy Ghosh"
tt1562872,9,2020-01-24,"Zindagi Na Milegi Dobara","Zindagi Na Milegi Dobara",https://www.imdb.com/title/tt1562872,Movie,8.2,155,2011,"Musical, Drama, Comedy, Romance, Adventure",96916,"2011-07-15","Zoya Akhtar"
tt2283748,9,2020-01-24,"OMG: Oh My God!","OMG: Oh My God!",https://www.imdb.com/title/tt2283748,Movie,8.1,125,2012,"Comedy, Drama, Fantasy",71714,"2017-03-17","Umesh Shukla"
tt8239946,8,2020-01-24,"Tumbbad","Tumbbad",https://www.imdb.com/title/tt8239946,Movie,8.2,108,2018,"Thriller, Drama, Horror, Fantasy",76683,"2018-10-12","Rahi Anil Barve,Anand Gandhi,Adesh Prasad"
tt0109117,10,2020-01-24,"Andaz Apna Apna","Andaz Apna Apna",https://www.imdb.com/title/tt0109117,Movie,8.0,160,1994,"Romance, Action, Comedy",58148,"1994-11-04","Rajkumar Santoshi"
tt3322420,7,2020-01-24,"Queen","Queen",https://www.imdb.com/title/tt3322420,Movie,8.1,146,2013,"Drama, Comedy, Adventure",71640,"2014-03-07","Vikas Bahl"
tt0871510,9,2020-01-24,"Chak De! India","Chak De! India",https://www.imdb.com/title/tt0871510,Movie,8.1,153,2007,"Drama, Family, Sport",92439,"2025-11-01","Shimit Amin"
tt0995031,10,2020-01-24,"Bhool Bhulaiyaa","Bhool Bhulaiyaa",https://www.imdb.com/title/tt0995031,Movie,7.5,159,2007,"Horror, Mystery, Thriller, Comedy",39218,"2007-10-12","Priyadarshan"
tt2377938,9,2020-01-24,"Special 26","Special Chabbis",https://www.imdb.com/title/tt2377938,Movie,8.0,144,2013,"Crime, Thriller, Drama, History",62772,"2013-02-08","Neeraj Pandey"
tt3848892,9,2020-01-24,"Baby","Baby",https://www.imdb.com/title/tt3848892,Movie,7.9,159,2015,"Action, Thriller",63522,"2015-01-23","Neeraj Pandey"
tt0419058,10,2020-01-24,"Phir Hera Pheri","Phir Hera Pheri",https://www.imdb.com/title/tt0419058,Movie,7.4,153,2006,"Comedy, Crime",32606,"2006-06-09","Neeraj Vora"
tt0242519,9,2020-01-24,"Hera Pheri","Hera Pheri",https://www.imdb.com/title/tt0242519,Movie,8.2,156,2000,"Crime, Action, Drama, Comedy",81493,"2000-03-31","Priyadarshan"
tt1280558,9,2020-01-24,"A Wednesday","A Wednesday",https://www.imdb.com/title/tt1280558,Movie,8.1,104,2008,"Drama, Thriller, Crime, Mystery, Action",86396,"2008-09-05","Neeraj Pandey"
tt0374887,10,2020-01-24,"Munna Bhai M.B.B.S.","Munna Bhai M.B.B.S.",https://www.imdb.com/title/tt0374887,Movie,8.2,156,2003,"Drama, Comedy",99194,"2003-12-19","Rajkumar Hirani"
tt2356180,10,2020-01-24,"Bhaag Milkha Bhaag","Bhaag Milkha Bhaag",https://www.imdb.com/title/tt2356180,Movie,8.2,186,2013,"Biography, Drama, Sport",79637,"2013-07-12","Rakeysh Omprakash Mehra"
tt0405508,10,2020-01-24,"Rang De Basanti","Rang De Basanti",https://www.imdb.com/title/tt0405508,Movie,8.1,167,2006,"Drama, Comedy, Crime",127112,"2006-01-26","Rakeysh Omprakash Mehra"
tt1187043,9,2020-01-24,"3 Idiots","3 Idiots",https://www.imdb.com/title/tt1187043,Movie,8.4,170,2009,"Drama, Comedy",487219,"2009-12-25","Rajkumar Hirani"
tt0986264,9,2020-01-24,"Like Stars on Earth","Taare Zameen Par",https://www.imdb.com/title/tt0986264,Movie,8.3,162,2007,"Drama, Family",234908,"2007-12-21","Aamir Khan"
tt0181852,9,2020-01-24,"Terminator 3: Rise of the Machines","Terminator 3: Rise of the Machines",https://www.imdb.com/title/tt0181852,Movie,6.3,109,2003,"Sci-Fi, Action",439330,"2003-07-02","Jonathan Mostow"
tt0088247,7,2020-01-24,"The Terminator","The Terminator",https://www.imdb.com/title/tt0088247,Movie,8.1,107,1984,"Action, Adventure, Sci-Fi",1013149,"1984-10-26","James Cameron"
tt0103064,9,2020-01-24,"Terminator 2: Judgment Day","Terminator 2: Judgment Day",https://www.imdb.com/title/tt0103064,Movie,8.6,137,1991,"Adventure, Sci-Fi, Action",1293977,"1991-07-03","James Cameron"
tt0468569,9,2020-01-24,"The Dark Knight","The Dark Knight",https://www.imdb.com/title/tt0468569,Movie,9.1,152,2008,"Crime, Thriller",3206984,"2008-07-18","Christopher Nolan"
tt3659388,10,2020-01-24,"The Martian","The Martian",https://www.imdb.com/title/tt3659388,Movie,8.0,144,2015,"Sci-Fi, Adventure, Drama",1024034,"2015-10-02","Ridley Scott"
tt0095327,9,2020-01-24,"Grave of the Fireflies","Hotaru no haka",https://www.imdb.com/title/tt0095327,Movie,8.5,88,1988,"Animation, Drama, War",392656,"1989-07-26","Isao Takahata"
tt2140203,9,2020-01-24,"Wolf Children","Ôkami kodomo no Ame to Yuki",https://www.imdb.com/title/tt2140203,Movie,8.1,117,2012,"Animation, Fantasy, Drama, Family",55493,"2012-07-21","Mamoru Hosoda"
tt8108202,8,2020-01-24,"Stree","Stree",https://www.imdb.com/title/tt8108202,Movie,7.5,128,2018,"Horror, Comedy",48260,"2018-08-31","Amar Kaushik"
tt8983202,5,2020-01-24,"Kabir Singh","Kabir Singh",https://www.imdb.com/title/tt8983202,Movie,7.0,173,2019,"Drama, Romance",46060,"2019-06-20","Sandeep Reddy Vanga"
tt8108198,8,2020-01-24,"Andhadhun","Andhadhun",https://www.imdb.com/title/tt8108198,Movie,8.2,139,2018,"Thriller, Crime, Mystery, Comedy",117596,"2018-10-05","Sriram Raghavan"
tt8291224,10,2020-01-24,"Uri: The Surgical Strike","Uri: The Surgical Strike",https://www.imdb.com/title/tt8291224,Movie,8.2,138,2019,"Action, War, History, Drama",84951,"2019-01-11","Aditya Dhar"
tt8130968,8,2020-01-24,"Badla","Badla",https://www.imdb.com/title/tt8130968,Movie,7.8,118,2019,"Thriller, Mystery, Crime, Drama",35120,"2019-03-08","Sujoy Ghosh"
tt2395469,7,2020-01-24,"Gully Boy","Gully Boy",https://www.imdb.com/title/tt2395469,Movie,7.9,154,2019,"Drama, Music, Romance",47767,"2019-02-14","Zoya Akhtar"
tt7485048,8,2020-01-24,"Super 30","Super 30",https://www.imdb.com/title/tt7485048,Movie,7.9,154,2019,"Biography, Drama",42636,"2019-07-12","Vikas Bahl"
tt10324144,9,2020-01-24,"Article 15","Article 15",https://www.imdb.com/title/tt10324144,Movie,8.1,130,2019,"Crime, Drama, Mystery, Thriller",41747,"2019-06-28","Anubhav Sinha"
tt1738419,9,2020-01-23,"Bakuman.","Bakuman.",https://www.imdb.com/title/tt1738419,TV Series,8.0,24,2010,"Animation, Comedy, Drama, Romance",3177,"2010-10-02",
tt1156398,10,2020-01-22,"Zombieland","Zombieland",https://www.imdb.com/title/tt1156398,Movie,7.5,88,2009,"Comedy, Action, Horror",672045,"2009-10-02","Ruben Fleischer"
tt0109830,8,2020-01-22,"Forrest Gump","Forrest Gump",https://www.imdb.com/title/tt0109830,Movie,8.8,142,1994,"Romance, Drama",2521174,"1994-07-06","Robert Zemeckis"
tt1469304,7,2020-01-16,"Baywatch","Baywatch",https://www.imdb.com/title/tt1469304,Movie,5.5,116,2017,"Comedy, Action, Crime",220612,"2017-05-25","Seth Gordon"
tt4742876,9,2020-01-16,"TVF Pitchers","TVF Pitchers",https://www.imdb.com/title/tt4742876,TV Series,9.0,40,2015,"Drama, Comedy",80003,"2015-06-17",
tt1475582,10,2020-01-16,"Sherlock","Sherlock",https://www.imdb.com/title/tt1475582,TV Series,9.0,90,2010,"Crime, Mystery, Drama, Thriller",1095799,"2010-10-24",
tt2395695,10,2020-01-16,"Cosmos: A Spacetime Odyssey","Cosmos: A Spacetime Odyssey",https://www.imdb.com/title/tt2395695,TV Mini Series,9.2,45,2014,"Documentary, Family",140719,"2014-03-09",
tt7366338,10,2020-01-16,"Chernobyl","Chernobyl",https://www.imdb.com/title/tt7366338,TV Mini Series,9.3,60,2019,"Drama, History, Thriller",1055353,"2019-05-06",
tt7286456,8,2020-01-16,"Joker","Joker",https://www.imdb.com/title/tt7286456,Movie,8.3,122,2019,"Drama",1714522,"2019-10-04","Todd Phillips"
tt5638642,8,2020-01-16,"The Ritual","The Ritual",https://www.imdb.com/title/tt5638642,Movie,6.4,94,2017,"Horror, Mystery, Thriller",146767,"2018-02-09","David Bruckner"
tt2560140,10,2020-01-16,"Attack on Titan","Shingeki no kyojin",https://www.imdb.com/title/tt2560140,TV Series,9.1,24,2013,"Animation, Fantasy, Horror, Adventure, Drama, Action",736450,"2013-09-28",
tt0877057,10,2020-01-16,"Death Note","Death Note: Desu nôto",https://www.imdb.com/title/tt0877057,TV Series,8.9,24,2006,"Animation, Mystery, Crime, Thriller, Fantasy, Drama",493218,"2007-10-20",
tt0198781,9,2020-01-16,"Monsters, Inc.","Monsters, Inc.",https://www.imdb.com/title/tt0198781,Movie,8.1,92,2001,"Animation, Adventure, Comedy, Family, Fantasy",1085969,"2001-11-02","Pete Docter,David Silverman,Lee Unkrich"
tt0266543,9,2020-01-16,"Finding Nemo","Finding Nemo",https://www.imdb.com/title/tt0266543,Movie,8.2,100,2003,"Animation, Family, Comedy, Adventure",1219692,"2003-05-30","Andrew Stanton,Lee Unkrich"
tt4618398,9,2020-01-16,"Boruto: Naruto the Movie","Boruto Naruto za Mûbî",https://www.imdb.com/title/tt4618398,Movie,7.7,95,2015,"Animation, Action, Adventure, Comedy, Fantasy",13817,"2017-03-28","Hiroyuki Yamashita,Toshiyuki Tsuru"
tt2290828,6,2020-01-16,"Road to Ninja - Naruto the Movie","Rôdo tu Ninja Naruto za Mûbî",https://www.imdb.com/title/tt2290828,Movie,7.6,109,2012,"Animation, Action, Adventure, Fantasy, Comedy",9675,"2014-08-29","Hayato Date"
tt1049413,9,2020-01-16,"Up","Up",https://www.imdb.com/title/tt1049413,Movie,8.3,96,2009,"Animation, Family, Adventure, Comedy, Drama",1249430,"2009-05-29","Pete Docter,Bob Peterson"
tt1703048,7,2020-01-16,"Naruto Shippûden: The Lost Tower","Gekijouban Naruto Shippuuden: Za rosuto tawâ",https://www.imdb.com/title/tt1703048,Movie,6.8,85,2010,"Animation, Action, Adventure, Fantasy",5306,"2013-09-17","Masahiko Murata"
tt0758746,7,2020-01-07,"Friday the 13th","Friday the 13th",https://www.imdb.com/title/tt0758746,Movie,5.5,97,2009,"Horror, Thriller, Mystery",127609,"2009-02-13","Marcus Nispel"
tt0088509,7,2020-01-05,"Dragon Ball","Dragon Ball: Doragon bôru",https://www.imdb.com/title/tt0088509,TV Series,8.5,25,1986,"Animation, Action, Comedy, Adventure, Fantasy",76778,"1986-02-26",
tt1634208,8,2020-01-05,"Maid Sama!","Kaichou wa meido-sama!",https://www.imdb.com/title/tt1634208,TV Series,7.9,24,2010,"Animation, Comedy, Romance",11139,"2010-04-02",
tt3895150,10,2020-01-05,"Your Lie in April","Shigatsu wa kimi no uso",https://www.imdb.com/title/tt3895150,TV Series,8.6,23,2014,"Animation, Drama, Music, Romance, Comedy",52960,"2014-10-09",
tt2861424,10,2020-01-05,"Rick and Morty","Rick and Morty",https://www.imdb.com/title/tt2861424,TV Series,9.0,23,2013,"Animation, Adventure, Comedy, Sci-Fi",706590,"2013-12-02",
tt0233298,9,2020-01-05,"Batman Beyond: Return of the Joker","Batman Beyond: Return of the Joker",https://www.imdb.com/title/tt0233298,Video,7.7,76,2000,"Animation, Thriller, Crime, Sci-Fi, Action",32514,"2000-12-12","Curt Geda"
tt0241527,9,2020-01-05,"Harry Potter and the Sorcerer's Stone","Harry Potter and the Sorcerer's Stone",https://www.imdb.com/title/tt0241527,Movie,7.7,152,2001,"Family, Adventure, Fantasy",960583,"2001-11-16","Chris Columbus"
tt0304141,8,2020-01-05,"Harry Potter and the Prisoner of Azkaban","Harry Potter and the Prisoner of Azkaban",https://www.imdb.com/title/tt0304141,Movie,7.9,142,2004,"Mystery, Family, Adventure, Fantasy",774245,"2004-06-04","Alfonso Cuarón"
tt0295297,10,2020-01-05,"Harry Potter and the Chamber of Secrets","Harry Potter and the Chamber of Secrets",https://www.imdb.com/title/tt0295297,Movie,7.5,161,2002,"Mystery, Family, Adventure, Fantasy",773182,"2002-11-15","Chris Columbus"
tt0367594,7,2020-01-05,"Charlie and the Chocolate Factory","Charlie and the Chocolate Factory",https://www.imdb.com/title/tt0367594,Movie,6.7,115,2005,"Musical, Adventure, Comedy, Family, Fantasy",575838,"2005-07-15","Tim Burton"
tt0477347,9,2020-01-05,"Night at the Museum","Night at the Museum",https://www.imdb.com/title/tt0477347,Movie,6.5,108,2006,"Comedy, Family, Fantasy, Adventure",414385,"2006-12-22","Shawn Levy"
tt0121220,10,2020-01-05,"Dragon Ball Z","Dragon Ball Z: Doragon bôru zetto",https://www.imdb.com/title/tt0121220,TV Series,8.8,24,1989,"Animation, Adventure, Drama, Sci-Fi, Comedy, Fantasy, Action",104584,"1996-09-30",
tt0214341,10,2020-01-05,"Dragon Ball Z","Dragon Ball Z",https://www.imdb.com/title/tt0214341,TV Series,8.8,24,1996,"Animation, Adventure, Thriller, Sci-Fi, Action, Fantasy",179308,"1996-09-13",
tt0280249,7,2020-01-05,"Dragon Ball","Dragon Ball",https://www.imdb.com/title/tt0280249,TV Series,8.5,24,1995,"Animation, Action, Adventure, Fantasy, Thriller, Sci-Fi",76715,"2001-08-20",
tt4644488,8,2020-01-05,"Dragon Ball Super","Dragon Ball Super: Doragon bôru cho",https://www.imdb.com/title/tt4644488,TV Series,8.3,24,2015,"Animation, Action, Comedy, Adventure, Fantasy, Sci-Fi, Family",46604,"2017-01-07",
tt7961060,9,2020-01-05,"Dragon Ball Super: Broly","Doragon Bôru Sûpâ Burorî",https://www.imdb.com/title/tt7961060,Movie,7.7,100,2018,"Animation, Action, Fantasy, Adventure, Family, Sci-Fi",37693,"2019-01-16","Tatsuya Nagamine"
tt6214928,10,2020-01-05,"1922","1922",https://www.imdb.com/title/tt6214928,Movie,6.2,102,2017,"Crime, Drama, Mystery, Thriller, Horror",79252,"2017-10-20","Zak Hilditch"
tt0910970,9,2020-01-05,"WALL·E","WALL·E",https://www.imdb.com/title/tt0910970,Movie,8.4,98,2008,"Animation, Sci-Fi, Adventure, Family",1334873,"2008-06-27","Andrew Stanton"
tt6763664,9,2020-01-05,"The Haunting of Hill House","The Haunting of Hill House",https://www.imdb.com/title/tt6763664,TV Mini Series,8.5,60,2018,"Horror, Drama, Thriller, Mystery",333689,"2018-10-12",
tt0264464,10,2020-01-05,"Catch Me If You Can","Catch Me If You Can",https://www.imdb.com/title/tt0264464,Movie,8.1,141,2002,"Drama, Biography, Crime",1256556,"2002-12-25","Steven Spielberg"
tt5323662,10,2020-01-05,"A Silent Voice: The Movie","Koe no katachi",https://www.imdb.com/title/tt5323662,Movie,8.2,130,2016,"Animation, Drama",147478,"2016-09-17","Naoko Yamada"
tt2591814,9,2020-01-05,"The Garden of Words","Kotonoha no niwa",https://www.imdb.com/title/tt2591814,Movie,7.4,46,2013,"Animation, Romance, Drama",61167,"2013-05-31","Makoto Shinkai"
tt5311514,10,2020-01-05,"Your Name.","Kimi no na wa.",https://www.imdb.com/title/tt5311514,Movie,8.4,106,2016,"Animation, Drama, Romance, Fantasy",400595,"2017-04-07","Makoto Shinkai"
tt9426210,8,2020-01-05,"Weathering with You","Tenki no ko",https://www.imdb.com/title/tt9426210,Movie,7.5,112,2019,"Animation, Fantasy, Romance, Drama",71673,"2020-01-17","Makoto Shinkai"
tt0994314,10,2020-01-05,"Code Geass: Lelouch of the Rebellion","Kôdo Giasu: Hangyaku no Rurûshu",https://www.imdb.com/title/tt0994314,TV Series,8.7,24,2006,"Animation, Sci-Fi, Action, Drama, Thriller, Fantasy",107464,"2008",
tt1160524,8,2020-01-05,"Naruto Shippuden: The Movie - Bonds","Gekijô ban Naruto: Shippûden - Kizuna",https://www.imdb.com/title/tt1160524,Movie,6.8,98,2008,"Animation, Action, Fantasy",6328,"2011-10-25","Hajime Kamegaki"
tt0476680,8,2020-01-05,"Naruto the Movie: Ninja Clash in the Land of Snow","Gekijô-ban Naruto: Daikatsugeki! Yukihime ninpôchô dattebayo!!",https://www.imdb.com/title/tt0476680,Movie,6.6,82,2004,"Animation, Action, Adventure",9544,"2007-06-06","Tensai Okamura"
tt3717532,8,2020-01-05,"The Last: Naruto the Movie","Za Rasuto Naruto za Mûbî",https://www.imdb.com/title/tt3717532,Movie,7.6,112,2014,"Animation, Action, Adventure, Drama, Romance",21055,"2015-10-06","Tsuneo Kobayashi"
tt0988824,10,2020-01-05,"Naruto: Shippuden","Naruto: Shippûden",https://www.imdb.com/title/tt0988824,TV Series,8.7,24,2007,"Animation, Action, Adventure, Fantasy, Drama, Comedy",227672,"2009-10-28",
tt0268978,10,2019-12-29,"A Beautiful Mind","A Beautiful Mind",https://www.imdb.com/title/tt0268978,Movie,8.2,135,2001,"Biography, Mystery, Drama",1060182,"2002-01-04","Ron Howard"
tt2084970,10,2019-12-29,"The Imitation Game","The Imitation Game",https://www.imdb.com/title/tt2084970,Movie,8.0,114,2014,"Drama, Biography, Thriller, War",882641,"2014-12-25","Morten Tyldum"
tt0787524,10,2019-12-29,"The Man Who Knew Infinity","The Man Who Knew Infinity",https://www.imdb.com/title/tt0787524,Movie,7.2,108,2015,"Drama, Biography",67322,"2016-04-29","Matt Brown"
tt4481414,10,2019-12-29,"Gifted","Gifted",https://www.imdb.com/title/tt4481414,Movie,7.6,101,2017,"Drama",160953,"2017-04-12","Marc Webb"
tt3748172,9,2019-12-29,"Gerald's Game","Gerald's Game",https://www.imdb.com/title/tt3748172,Movie,6.5,103,2017,"Thriller, Horror, Drama",143326,"2017-09-29","Mike Flanagan"
tt4786282,9,2019-12-29,"Lights Out","Lights Out",https://www.imdb.com/title/tt4786282,Movie,6.3,81,2016,"Horror, Mystery",153653,"2016-07-22","David F. Sandberg"
tt5022702,9,2019-12-29,"Hush","Hush",https://www.imdb.com/title/tt5022702,Movie,6.6,82,2016,"Thriller, Horror",171156,"2016-04-08","Mike Flanagan"
tt4160708,8,2019-12-29,"Don't Breathe","Don't Breathe",https://www.imdb.com/title/tt4160708,Movie,7.1,88,2016,"Thriller, Crime, Horror",333693,"2016-08-26","Fede Alvarez"
tt9495224,9,2019-12-29,"Black Mirror: Bandersnatch","Black Mirror: Bandersnatch",https://www.imdb.com/title/tt9495224,Movie,7.1,90,2018,"Drama, Thriller, Mystery, Sci-Fi, Fantasy",143678,"2018-12-28","David Slade"
tt2737304,9,2019-12-29,"Bird Box","Bird Box",https://www.imdb.com/title/tt2737304,Movie,6.6,124,2018,"Horror, Mystery, Sci-Fi",425447,"2018-12-21","Susanne Bier"
tt3401882,8,2019-12-29,"Fist Fight","Fist Fight",https://www.imdb.com/title/tt3401882,Movie,5.6,91,2017,"Comedy",49065,"2017-02-17","Richie Keen"
tt2004420,7,2019-12-29,"Neighbors","Neighbors",https://www.imdb.com/title/tt2004420,Movie,6.3,97,2014,"Comedy",347535,"2014-05-09","Nicholas Stoller"
tt1232829,8,2019-12-29,"21 Jump Street","21 Jump Street",https://www.imdb.com/title/tt1232829,Movie,7.2,109,2012,"Action, Comedy, Crime",652474,"2012-03-16","Phil Lord,Christopher Miller"
tt2294449,8,2019-12-29,"22 Jump Street","22 Jump Street",https://www.imdb.com/title/tt2294449,Movie,7.0,112,2014,"Comedy, Action, Crime, Mystery",444017,"2014-06-13","Phil Lord,Christopher Miller"
tt2869728,7,2019-12-29,"Ride Along 2","Ride Along 2",https://www.imdb.com/title/tt2869728,Movie,5.9,102,2016,"Comedy, Action, Crime",67886,"2016-01-15","Tim Story"
tt1408253,8,2019-12-29,"Ride Along","Ride Along",https://www.imdb.com/title/tt1408253,Movie,6.1,99,2014,"Action, Comedy, Crime",130173,"2014-01-17","Tim Story"
tt1489889,8,2019-12-29,"Central Intelligence","Central Intelligence",https://www.imdb.com/title/tt1489889,Movie,6.3,107,2016,"Comedy, Crime, Action",241223,"2016-06-17","Rawson Marshall Thurber"
tt2226597,8,2019-12-29,"The Mountain Between Us","The Mountain Between Us",https://www.imdb.com/title/tt2226597,Movie,6.4,112,2017,"Drama, Thriller",88721,"2017-10-06","Hany Abu-Assad"
tt0110357,9,2019-12-29,"The Lion King","The Lion King",https://www.imdb.com/title/tt0110357,Movie,8.5,88,1994,"Animation, Musical, Drama, Adventure, Family",1271303,"1994-06-24","Roger Allers,Rob Minkoff"
tt0816692,8,2019-12-29,"Interstellar","Interstellar",https://www.imdb.com/title/tt0816692,Movie,8.7,169,2014,"Sci-Fi, Adventure, Drama",2583027,"2014-11-07","Christopher Nolan"
tt0245429,8,2019-12-29,"Spirited Away","Sen to Chihiro no kamikakushi",https://www.imdb.com/title/tt0245429,Movie,8.6,124,2001,"Animation, Family, Adventure, Fantasy",979019,"2003-03-28","Hayao Miyazaki"
tt0114369,9,2019-12-29,"Seven","Se7en",https://www.imdb.com/title/tt0114369,Movie,8.6,127,1995,"Mystery, Drama, Crime, Thriller",2046074,"1995-09-22","David Fincher"
tt1375666,8,2019-12-29,"Inception","Inception",https://www.imdb.com/title/tt1375666,Movie,8.8,148,2010,"Sci-Fi, Thriller, Adventure",2851217,"2010-07-16","Christopher Nolan"
tt0111161,10,2019-12-29,"The Shawshank Redemption","The Shawshank Redemption",https://www.imdb.com/title/tt0111161,Movie,9.3,142,1994,"Drama",3220994,"1994-10-14","Frank Darabont"
tt1250777,7,2019-12-29,"Kick-Ass","Kick-Ass",https://www.imdb.com/title/tt1250777,Movie,7.6,117,2010,"Comedy, Action, Crime",623263,"2010-04-16","Matthew Vaughn"
tt0365748,8,2019-12-29,"Shaun of the Dead","Shaun of the Dead",https://www.imdb.com/title/tt0365748,Movie,7.8,99,2004,"Comedy, Horror",642890,"2004-09-24","Edgar Wright"
tt4574334,7,2019-12-29,"Stranger Things","Stranger Things",https://www.imdb.com/title/tt4574334,TV Series,8.6,60,2016,"Drama, Horror, Thriller, Sci-Fi, Mystery, Fantasy",1726112,"2016-07-15",
tt3107288,7,2019-12-29,"The Flash","The Flash",https://www.imdb.com/title/tt3107288,TV Series,7.5,43,2014,"Action, Adventure, Drama, Sci-Fi",387561,"2014-10-07",
tt2193021,8,2019-12-29,"Arrow","Arrow",https://www.imdb.com/title/tt2193021,TV Series,7.5,42,2012,"Action, Drama, Mystery, Adventure, Sci-Fi, Crime",462320,"2012-10-10",
tt7752126,9,2019-12-29,"Brightburn","Brightburn",https://www.imdb.com/title/tt7752126,Movie,6.1,90,2019,"Horror, Sci-Fi, Drama, Mystery, Fantasy",122333,"2019-05-24","David Yarovesky"
tt2798920,10,2019-12-29,"Annihilation","Annihilation",https://www.imdb.com/title/tt2798920,Movie,6.8,115,2018,"Sci-Fi, Thriller, Drama, Mystery, Adventure, Horror",396982,"2018-02-23","Alex Garland"
tt4972582,8,2019-12-29,"Split","Split",https://www.imdb.com/title/tt4972582,Movie,7.3,117,2016,"Thriller, Horror",627621,"2017-01-20","M. Night Shyamalan"
tt1396484,7,2019-12-29,"It","It",https://www.imdb.com/title/tt1396484,Movie,7.3,135,2017,"Horror",705111,"2017-09-08","Andy Muschietti"
