Position,Const,Created,Modified,Description,Title,Original Title,URL,Title Type,IMDb Rating,Runtime (mins),Year,Genres,Num Votes,Release Date,Directors,Your Rating,Date Rated
1,tt1844624,2019-12-29,2019-12-29,,"American Horror Story","American Horror Story",https://www.imdb.com/title/tt1844624/,TV Series,7.9,60,2011,"Drama, Horror, Sci-Fi, Thriller",363271,2011-10-05,,,
2,tt6548228,2019-12-29,2019-12-29,,"Castle Rock","Castle Rock",https://www.imdb.com/title/tt6548228/,TV Series,7.5,60,2018,"Drama, Fantasy, Horror, Mystery, Sci-Fi, Thriller",58422,2018-07-25,,,
3,tt6324278,2019-12-29,2019-12-29,,"Abominable","Abominable",https://www.imdb.com/title/tt6324278/,Movie,7.0,97,2019,"Animation, Adventure, Comedy, Family, Fantasy",47209,2019-09-27,"Jill Culton, Todd Wilderman",,
4,tt2261227,2019-12-29,2019-12-29,,"Altered Carbon","Altered Carbon",https://www.imdb.com/title/tt2261227/,TV Series,7.9,60,2018,"Action, Adventure, Drama, Sci-Fi",203553,2018-02-02,,,
5,tt0149460,2019-12-29,2019-12-29,,"Futurama","Futurama",https://www.imdb.com/title/tt0149460/,TV Series,8.5,22,1999,"Animation, Adventure, Comedy, Sci-Fi",279651,1999-03-28,,,
6,tt1179933,2019-12-29,2019-12-29,,"10 Cloverfield Lane","10 Cloverfield Lane",https://www.imdb.com/title/tt1179933/,Movie,7.2,103,2016,"Drama, Horror, Sci-Fi, Thriller",387672,2016-03-11,"Dan Trachtenberg",,
7,tt3741834,2019-12-29,2019-12-29,,"Lion","Lion",https://www.imdb.com/title/tt3741834/,Movie,8.0,118,2016,"Biography, Drama",268110,2017-01-06,"Garth Davis",,
8,tt2069441,2020-01-05,2020-01-05,,"The Future Diary","Mirai nikki",https://www.imdb.com/title/tt2069441/,TV Series,7.4,25,2011,"Animation, Action, Comedy, Drama, Horror, Mystery, Romance, Thriller",23926,2017-05-11,,,
9,tt0480489,2020-01-05,2020-01-05,,"Elfen Lied","Erufen rîto",https://www.imdb.com/title/tt0480489/,TV Series,7.8,24,2004,"Animation, Action, Drama, Horror, Mystery, Sci-Fi, Thriller",41931,2004-07-24,,,
10,tt3225270,2020-01-05,2020-01-05,,"Noragami","Noragami",https://www.imdb.com/title/tt3225270/,TV Series,7.8,24,2014,"Animation, Action, Adventure, Comedy, Fantasy",23313,2014-01-05,,,
11,tt1639109,2020-01-05,2020-01-05,,"Angel Beats!","Angel Beats!",https://www.imdb.com/title/tt1639109/,TV Series,7.6,25,2010,"Animation, Action, Comedy, Drama, Fantasy",18310,2010-04-02,,,
12,tt3431758,2020-01-05,2020-01-05,,"No Game, No Life","No Game, No Life",https://www.imdb.com/title/tt3431758/,TV Series,7.5,,2014,"Animation, Adventure, Comedy, Fantasy",22475,2014-04-09,,,
13,tt4574736,2020-01-05,2020-01-05,,"Charlotte","Charlotte",https://www.imdb.com/title/tt4574736/,TV Mini Series,7.5,24,2015,"Animation, Comedy, Drama, Fantasy",12063,2015-07-05,,,
14,tt5491994,2020-01-16,2020-01-16,,"Planet Earth II","Planet Earth II",https://www.imdb.com/title/tt5491994/,TV Mini Series,9.4,50,2016,"Documentary, Family",176236,2017-02-18,,,
15,tt0185906,2020-01-16,2020-01-16,,"Band of Brothers","Band of Brothers",https://www.imdb.com/title/tt0185906/,TV Mini Series,9.4,60,2001,"Action, Drama, History, War",600705,2001-09-09,,,
16,tt0071075,2020-01-16,2020-01-16,,"The World at War","The World at War",https://www.imdb.com/title/tt0071075/,TV Series,9.2,52,1973,"Documentary, History, War",38084,1973-10-31,,,
17,tt1877514,2020-01-16,2020-01-16,,"The Vietnam War","The Vietnam War",https://www.imdb.com/title/tt1877514/,TV Mini Series,9.1,100,2017,"Documentary, History, War",37153,2017-09-17,,,
18,tt2356777,2020-01-16,2020-01-16,,"True Detective","True Detective",https://www.imdb.com/title/tt2356777/,TV Series,8.8,60,2014,"Crime, Drama, Mystery, Thriller",764312,2014-01-12,,,
19,tt2802850,2020-01-16,2020-01-16,,"Fargo","Fargo",https://www.imdb.com/title/tt2802850/,TV Series,8.8,60,2014,"Crime, Drama, Thriller",472751,2014-04-15,,,
20,tt3718778,2020-01-16,2020-01-16,,"Over the Garden Wall","Over the Garden Wall",https://www.imdb.com/title/tt3718778/,TV Mini Series,8.7,11,2014,"Animation, Short, Adventure, Comedy, Drama, Family, Fantasy, Horror, Music, Mystery",91219,2014-11-03,,,
21,tt0066763,2020-01-24,2020-01-24,,"Anand","Anand",https://www.imdb.com/title/tt0066763/,Movie,8.1,122,1971,"Drama, Musical",37761,1971-03-12,"Hrishikesh Mukherjee",,
22,tt0400234,2020-01-24,2020-01-24,,"Black Friday","Black Friday",https://www.imdb.com/title/tt0400234/,Movie,8.4,143,2004,"Action, Crime, Drama, History",26356,2007-02-09,"Anurag Kashyap",,
23,tt6148156,2020-01-24,2020-01-24,,"Vikram Vedha","Vikram Vedha",https://www.imdb.com/title/tt6148156/,Movie,8.2,147,2017,"Action, Crime, Drama, Mystery, Thriller",55853,2017-07-21,"Gayatri, Pushkar",,
24,tt8354112,2020-01-25,2020-01-25,,"Mosul","Mosul",https://www.imdb.com/title/tt8354112/,Movie,7.5,86,2019,"Documentary, War",7262,2019-05-14,"Daniel Gabriel",,
25,tt2321549,2020-01-31,2020-01-31,,"The Babadook","The Babadook",https://www.imdb.com/title/tt2321549/,Movie,6.8,94,2014,"Drama, Horror, Mystery",271890,2014-11-28,"Jennifer Kent",,
26,tt8332922,2020-02-01,2020-02-01,,"A Quiet Place Part II","A Quiet Place Part II",https://www.imdb.com/title/tt8332922/,Movie,7.2,97,2020,"Drama, Horror, Sci-Fi, Thriller",327045,2021-05-28,"John Krasinski",,
27,tt6439020,2020-02-01,2020-02-01,,"The Personal History of David Copperfield","The Personal History of David Copperfield",https://www.imdb.com/title/tt6439020/,Movie,6.4,119,2019,"Comedy, Drama",24114,2020-08-28,"Armando Iannucci",,
28,tt10530900,2020-02-02,2020-02-02,,"Gullak","Gullak",https://www.imdb.com/title/tt10530900/,TV Series,9.1,24,2019,"Comedy, Drama, Family",31588,2019-06-27,,,
29,tt0475784,2020-05-02,2020-05-02,,"Westworld","Westworld",https://www.imdb.com/title/tt0475784/,TV Series,8.4,60,2016,"Drama, Mystery, Sci-Fi",559892,2016-10-02,,,
30,tt9054364,2020-05-02,2020-05-02,,"That Time I Got Reincarnated as a Slime","Tensei Shitara Suraimu Datta Ken",https://www.imdb.com/title/tt9054364/,TV Series,8.0,25,2018,"Animation, Action, Adventure, Comedy, Fantasy",26302,2018-09-30,,,
31,tt9584920,2020-05-02,2020-05-02,,"The Quintessential Quintuplets","Go-Toubun no Hanayome",https://www.imdb.com/title/tt9584920/,TV Series,7.7,24,2019,"Animation, Comedy, Drama, Romance",12075,2019-01-11,,,
32,tt2122656,2020-05-02,2020-05-02,,"Guilty Crown","Guilty Crown",https://www.imdb.com/title/tt2122656/,TV Series,6.9,23,2011,"Animation, Action, Crime, Drama, Romance, Sci-Fi, Thriller",6575,2011-10-13,,,
33,tt9817980,2020-05-02,2020-05-02,,"Domestic Girlfriend","Domestic na Kanojo",https://www.imdb.com/title/tt9817980/,TV Series,6.7,25,2019,"Animation, Drama, Romance",5994,2019-01-12,,,
34,tt8690728,2020-05-02,2020-05-02,,"Goblin Slayer","Goblin Slayer",https://www.imdb.com/title/tt8690728/,TV Series,7.3,30,2018,"Animation, Action, Adventure, Fantasy, Horror",13488,2018-10-06,,,
35,tt7078180,2020-05-02,2020-05-02,,"Violet Evergarden","Violet Evergarden",https://www.imdb.com/title/tt7078180/,TV Mini Series,8.4,24,2018,"Animation, Drama, Fantasy, Romance, Sci-Fi",42487,2020-08-22,,,
36,tt1913273,2020-05-31,2020-05-31,,"Anohana: The Flower We Saw That Day","Ano hi mita hana no namae o bokutachi wa mada shiranai.",https://www.imdb.com/title/tt1913273/,TV Mini Series,8.1,23,2011,"Animation, Adventure, Drama, Fantasy, Mystery, Romance",18818,2011-04-14,,,
37,tt8788458,2020-05-31,2020-05-31,,"The Promised Neverland","Yakusoku no Neverland",https://www.imdb.com/title/tt8788458/,TV Series,8.1,23,2019,"Animation, Action, Adventure, Drama, Fantasy, Horror, Mystery, Sci-Fi, Thriller",59574,2019-04-14,,,
38,tt2388715,2020-05-31,2020-05-31,,"Oculus","Oculus",https://www.imdb.com/title/tt2388715/,Movie,6.6,104,2013,"Horror, Mystery, Thriller",150832,2014-04-11,"Mike Flanagan",,
39,tt9529546,2020-05-31,2020-05-31,,"The Rising of the Shield Hero","Tate no Yuusha no Nariagari",https://www.imdb.com/title/tt9529546/,TV Series,7.6,24,2019,"Animation, Action, Adventure, Comedy, Drama, Fantasy, Romance",24170,2019-01-09,,,
40,tt7386590,2020-05-31,2020-05-31,,"Cross Road","Cross Road",https://www.imdb.com/title/tt7386590/,Short,6.8,2,2014,"Animation, Short",1544,2014,"Makoto Shinkai",,
41,tt6217306,2020-05-31,2020-05-31,,"Apostle","Apostle",https://www.imdb.com/title/tt6217306/,Movie,6.3,130,2018,"Drama, Fantasy, Horror, Mystery, Thriller",66915,2018-10-12,"Gareth Evans",,
42,tt1279024,2020-05-31,2020-05-31,,"Toradora!","Toradora!",https://www.imdb.com/title/tt1279024/,TV Series,7.9,24,2008,"Animation, Comedy, Drama, Romance",23721,2008-09-30,,,
43,tt0370754,2020-05-31,2020-05-31,,"Voices of a Distant Star","Hoshi no koe",https://www.imdb.com/title/tt0370754/,Short,7.0,25,2002,"Animation, Short, Drama, Romance, Sci-Fi",10223,2002-02-02,"Makoto Shinkai",,
44,tt1985192,2020-06-20,2020-06-20,,"Rotting Hill","Rotting Hill",https://www.imdb.com/title/tt1985192/,Short,6.1,5,2012,"Short, Comedy, Horror, Romance",130,2012-10-06,"James Cunningham",,
45,tt5109784,2020-06-24,2020-06-24,,"Mother!","Mother!",https://www.imdb.com/title/tt5109784/,Movie,6.6,121,2017,"Drama, Horror, Mystery",269919,2017-09-15,"Darren Aronofsky",,
46,tt4954522,2020-06-25,2020-06-25,,"Raw","Grave",https://www.imdb.com/title/tt4954522/,Movie,6.9,99,2016,"Drama, Horror",97256,2017-03-15,"Julia Ducournau",,
47,tt3235888,2020-06-25,2020-06-25,,"It Follows","It Follows",https://www.imdb.com/title/tt3235888/,Movie,6.8,100,2014,"Horror, Mystery, Thriller",302444,2015-03-13,"David Robert Mitchell",,
48,tt4263482,2020-06-25,2020-06-25,,"The Witch","The VVitch: A New-England Folktale",https://www.imdb.com/title/tt4263482/,Movie,7.0,92,2015,"Drama, Fantasy, Horror, Mystery, Thriller",357225,2016-02-19,"Robert Eggers",,
49,tt0482606,2020-06-25,2020-06-25,,"The Strangers","The Strangers",https://www.imdb.com/title/tt0482606/,Movie,6.1,86,2008,"Horror, Mystery, Thriller",158460,2008-05-30,"Bryan Bertino",,
50,tt1127180,2020-06-25,2020-06-25,,"Drag Me to Hell","Drag Me to Hell",https://www.imdb.com/title/tt1127180/,Movie,6.6,99,2009,"Horror",232488,2009-05-29,"Sam Raimi",,
51,tt6335734,2020-06-26,2020-06-26,,"The Night Is Short, Walk on Girl","Yoru wa Mijikashi Aruke yo Otome",https://www.imdb.com/title/tt6335734/,Movie,7.5,92,2017,"Animation, Adventure, Comedy, Family, Fantasy, Romance",7486,2017-04-07,"Masaaki Yuasa",,
52,tt8076344,2020-06-26,2020-06-26,,"Penguin Highway","Pengin haiwei",https://www.imdb.com/title/tt8076344/,Movie,7.1,117,2018,"Animation, Adventure, Family, Fantasy, Mystery",4689,2019-04-12,"Hiroyasu Ishida",,
53,tt7339826,2020-06-26,2020-06-26,,"Maquia: When the Promised Flower Blooms","Sayonara no asa ni yakusoku no hana o kazarô",https://www.imdb.com/title/tt7339826/,Movie,7.4,115,2018,"Animation, Adventure, Drama, Fantasy, Romance",11136,2018-02-24,"Mari Okada, Toshiya Shinohara",,
54,tt1853614,2020-06-26,2020-06-26,,"A Letter to Momo","Momo e no tegami",https://www.imdb.com/title/tt1853614/,Movie,7.2,120,2011,"Animation, Adventure, Comedy, Drama, Family, Fantasy",8865,2012-04-21,"Hiroyuki Okiura",,
55,tt4489416,2020-06-26,2020-06-26,,"The Anthem of the Heart","Kokoro ga sakebitagatterunda.",https://www.imdb.com/title/tt4489416/,Movie,7.3,119,2015,"Animation, Drama, Fantasy, Music",7108,2015-09-19,"Tatsuyuki Nagai",,
56,tt7236034,2020-06-26,2020-06-26,,"I Want to Eat Your Pancreas","Kimi no suizô o tabetai",https://www.imdb.com/title/tt7236034/,Movie,8.1,109,2018,"Animation, Drama, Romance",37510,2018-09-01,"Shin'ichirô Ushijima",,
57,tt9850064,2020-06-26,2020-06-26,,"Children of the Sea","Kaijû no kodomo",https://www.imdb.com/title/tt9850064/,Movie,6.5,111,2019,"Animation, Adventure, Fantasy, Sci-Fi",4463,2019-12-05,"Ayumu Watanabe",,
58,tt9193612,2020-06-26,2020-06-26,,"Ride Your Wave","Kimi to, nami ni noretara",https://www.imdb.com/title/tt9193612/,Movie,6.9,95,2019,"Animation, Comedy, Drama, Family, Fantasy, Romance",5467,2020-02-19,"Masaaki Yuasa",,
59,tt1474276,2020-06-26,2020-06-26,,"Summer Wars","Samâ wôzu",https://www.imdb.com/title/tt1474276/,Movie,7.4,114,2009,"Animation, Action, Adventure, Comedy, Drama, Romance, Sci-Fi",34388,2009-08-01,"Mamoru Hosoda",,
60,tt1679681,2020-06-26,2020-06-26,,"Welcome to the Space Show","Uchû shô e yôkoso",https://www.imdb.com/title/tt1679681/,Movie,6.7,136,2010,"Animation, Adventure, Drama, Family, Fantasy, Sci-Fi",1183,2010-06-26,"Kôji Masunari",,
61,tt3238202,2020-06-26,2020-06-26,,"Rain Town","Rain Town",https://www.imdb.com/title/tt3238202/,Video,6.9,10,2011,"Animation, Short, Adventure, Drama, Family, Sci-Fi",544,2011-03-06,"Hiroyasu Ishida",,
62,tt0113824,2020-06-28,2020-06-28,,"Whisper of the Heart","Mimi o sumaseba",https://www.imdb.com/title/tt0113824/,Movie,7.8,111,1995,"Animation, Drama, Family, Romance",84317,1996-12-13,"Yoshifumi Kondō",,
63,tt1568921,2020-06-28,2020-06-28,,"The Secret World of Arrietty","Karigurashi no Arietti",https://www.imdb.com/title/tt1568921/,Movie,7.6,94,2010,"Animation, Adventure, Drama, Family, Fantasy",118502,2012-02-17,"Hiromasa Yonebayashi",,
64,tt1798188,2020-06-28,2020-06-28,,"From Up on Poppy Hill","Kokuriko-zaka kara",https://www.imdb.com/title/tt1798188/,Movie,7.4,90,2011,"Animation, Comedy, Drama, Family, History, Romance",60118,2011-07-16,"Gorō Miyazaki",,
65,tt0876563,2020-06-28,2020-06-28,,"Ponyo","Gake no ue no Ponyo",https://www.imdb.com/title/tt0876563/,Movie,7.6,101,2008,"Animation, Adventure, Comedy, Family, Fantasy",187947,2009-08-14,"Hayao Miyazaki",,
66,tt0097814,2020-06-28,2020-06-28,,"Kiki's Delivery Service","Majo no takkyûbin",https://www.imdb.com/title/tt0097814/,Movie,7.8,103,1989,"Animation, Family, Fantasy",190709,1990-12-20,"Hayao Miyazaki",,
67,tt6882872,2020-07-06,2020-07-06,,"Lahoriye","Lahoriye",https://www.imdb.com/title/tt6882872/,Movie,7.8,137,2017,"Drama",2225,2017-05-12,"Amberdeep Singh",,
68,tt8221676,2020-07-06,2020-07-06,,"Vadhayiyaan Ji Vadhayiyaan","Vadhayiyaan Ji Vadhayiyaan",https://www.imdb.com/title/tt8221676/,Movie,6.9,122,2018,"Comedy",648,2018-07-13,"Smeep Kang",,
69,tt6452332,2020-07-18,2020-07-18,,"Lu Over the Wall","Yoake tsugeru Rû no uta",https://www.imdb.com/title/tt6452332/,Movie,6.8,112,2017,"Animation, Adventure, Comedy, Family, Fantasy, Music",3023,2017-05-19,"Masaaki Yuasa",,
70,tt4448662,2020-07-18,2020-07-18,,"Mr Bean: Funeral","Funeral",https://www.imdb.com/title/tt4448662/,TV Short,7.7,9,2015,"Short, Comedy",2281,2015-03-13,,,
71,tt4622512,2020-08-29,2020-08-29,,"Battle of the Sexes","Battle of the Sexes",https://www.imdb.com/title/tt4622512/,Movie,6.7,121,2017,"Biography, Comedy, Drama, History, Sport",64073,2017-09-29,"Jonathan Dayton, Valerie Faris",,
72,tt1279935,2020-08-29,2020-08-29,,"Date Night","Date Night",https://www.imdb.com/title/tt1279935/,Movie,6.3,88,2010,"Comedy, Crime, Romance, Thriller",180503,2010-04-09,"Shawn Levy",,
73,tt1698641,2020-08-29,2020-08-29,,"Alexander and the Terrible, Horrible, No Good, Very Bad Day","Alexander and the Terrible, Horrible, No Good, Very Bad Day",https://www.imdb.com/title/tt1698641/,Movie,6.2,81,2014,"Comedy, Drama, Family, Fantasy",49201,2014-10-10,"Miguel Arteta",,
74,tt3530726,2020-09-21,2020-09-21,,"The Astronaut Wives Club","The Astronaut Wives Club",https://www.imdb.com/title/tt3530726/,TV Series,7.3,42,2015,"Drama",3614,2015-06-18,,,
75,tt1856010,2020-09-21,2020-09-21,,"House of Cards","House of Cards",https://www.imdb.com/title/tt1856010/,TV Series,8.6,50,2013,"Drama, Thriller",561816,2013-02-01,,,
76,tt4181172,2020-09-29,2020-09-29,,"Shooter","Shooter",https://www.imdb.com/title/tt4181172/,TV Series,7.5,60,2016,"Action, Drama",45509,2016-11-15,,,
77,tt1231587,2020-09-29,2020-09-29,,"Hot Tub Time Machine","Hot Tub Time Machine",https://www.imdb.com/title/tt1231587/,Movie,6.4,99,2010,"Comedy, Sci-Fi",199541,2010-03-26,"Steve Pink",,
78,tt3793788,2020-09-29,2020-09-29,,"The Escort","The Escort",https://www.imdb.com/title/tt3793788/,Movie,6.0,88,2015,"Comedy, Drama, Romance",15017,2016-07-28,"Will Slocombe",,
79,tt0799922,2020-09-29,2020-09-29,,"Wizards of Waverly Place","Wizards of Waverly Place",https://www.imdb.com/title/tt0799922/,TV Series,7.0,25,2007,"Adventure, Comedy, Family, Fantasy",42661,2007-10-12,,,
80,tt0426371,2020-09-29,2020-09-29,,"The Suite Life of Zack & Cody","The Suite Life of Zack & Cody",https://www.imdb.com/title/tt0426371/,TV Series,6.7,30,2005,"Comedy, Family",43333,2005-03-18,,,
81,tt0105958,2020-09-29,2020-09-29,,"Boy Meets World","Boy Meets World",https://www.imdb.com/title/tt0105958/,TV Series,8.1,23,1993,"Comedy, Drama",50240,1993-09-24,,,
82,tt0112123,2020-09-29,2020-09-29,,"Pinky and the Brain","Pinky and the Brain",https://www.imdb.com/title/tt0112123/,TV Series,7.8,30,1995,"Animation, Adventure, Comedy, Family, Fantasy, Sci-Fi",35378,1995-09-09,,,
83,tt0193676,2020-09-29,2020-09-29,,"Freaks and Geeks","Freaks and Geeks",https://www.imdb.com/title/tt0193676/,TV Series,8.7,45,1999,"Comedy, Drama",165290,1999-09-25,,,
84,tt0115231,2020-09-29,2020-09-29,,"Kenan & Kel","Kenan & Kel",https://www.imdb.com/title/tt0115231/,TV Series,7.8,30,1996,"Comedy, Family",17946,1996-08-17,,,
85,tt0118421,2020-09-29,2020-09-29,,"Oz","Oz",https://www.imdb.com/title/tt0118421/,TV Series,8.7,60,1997,"Crime, Drama, Thriller",117376,1997-07-12,,,
86,tt0187636,2020-09-29,2020-09-29,,"Farscape","Farscape",https://www.imdb.com/title/tt0187636/,TV Series,8.2,50,1999,"Action, Adventure, Drama, Sci-Fi",43095,1999-03-19,,,
87,tt0111880,2020-09-29,2020-09-29,,"American Gothic","American Gothic",https://www.imdb.com/title/tt0111880/,TV Series,8.1,60,1995,"Drama, Horror, Thriller",5291,1995-09-22,,,
88,tt0115200,2020-09-29,2020-09-29,,"Hey Arnold!","Hey Arnold!",https://www.imdb.com/title/tt0115200/,TV Series,7.6,15,1996,"Animation, Comedy, Family",39618,1996-10-07,,,
89,tt0159206,2020-09-29,2020-09-29,,"Sex and the City","Sex and the City",https://www.imdb.com/title/tt0159206/,TV Series,7.4,30,1998,"Comedy, Drama, Romance",161672,1998-06-06,,,
90,tt1442462,2020-09-29,2020-09-29,,"The Good Wife","The Good Wife",https://www.imdb.com/title/tt1442462/,TV Series,8.3,43,2009,"Crime, Drama, Mystery",89730,2009-09-22,,,
91,tt5435008,2020-09-29,2020-09-29,,"Gilmore Girls: A Year in the Life","Gilmore Girls: A Year in the Life",https://www.imdb.com/title/tt5435008/,TV Mini Series,7.4,93,2016,"Comedy, Drama",50636,2016-11-25,,,
92,tt1578873,2020-09-29,2020-09-29,,"Pretty Little Liars","Pretty Little Liars",https://www.imdb.com/title/tt1578873/,TV Series,7.3,44,2010,"Drama, Mystery, Romance, Thriller",189653,2010-06-08,,,
93,tt4094300,2020-09-29,2020-09-29,,"Crazy Ex-Girlfriend","Crazy Ex-Girlfriend",https://www.imdb.com/title/tt4094300/,TV Series,7.9,42,2015,"Comedy, Musical",24307,2015-10-12,,,
94,tt3673794,2020-09-29,2020-09-29,,"Kingdom","Kingdom",https://www.imdb.com/title/tt3673794/,TV Series,8.5,43,2014,"Drama, Sport",21440,2014-10-08,,,
95,tt9815454,2020-09-29,2020-09-29,,"Unorthodox","Unorthodox",https://www.imdb.com/title/tt9815454/,TV Mini Series,8.0,50,2020,"Drama",99520,2020-03-26,,,
96,tt4524056,2020-09-29,2020-09-29,,"Locked Up","Vis a vis",https://www.imdb.com/title/tt4524056/,TV Series,7.8,45,2015,"Crime, Drama, Thriller",30747,2019-05-31,,,
97,tt9059350,2020-09-29,2020-09-29,,"Warrior Nun","Warrior Nun",https://www.imdb.com/title/tt9059350/,TV Series,7.0,,2020,"Action, Drama, Fantasy",59569,2020-07-02,,,
98,tt2428170,2020-09-29,2020-09-29,,"Creep","Creep",https://www.imdb.com/title/tt2428170/,Movie,6.3,77,2014,"Horror, Thriller",86365,2015-06-23,"Patrick Brice",,
99,tt8064302,2020-09-29,2020-09-29,,"Dead to Me","Dead to Me",https://www.imdb.com/title/tt8064302/,TV Series,7.9,30,2019,"Comedy, Crime, Drama",111047,2019-05-03,,,
100,tt5649144,2020-09-29,2020-09-29,,"The Florida Project","The Florida Project",https://www.imdb.com/title/tt5649144/,Movie,7.6,111,2017,"Drama",148478,2017-11-10,"Sean Baker",,
101,tt11904786,2020-09-29,2020-09-29,,"Love on the Spectrum Australia","Love on the Spectrum",https://www.imdb.com/title/tt11904786/,TV Series,8.5,45,2019,"Documentary, Reality-TV, Romance",8670,2020-07-22,,,
102,tt4062536,2020-09-29,2020-09-29,,"Green Room","Green Room",https://www.imdb.com/title/tt4062536/,Movie,6.9,95,2015,"Horror, Thriller",154955,2016-05-13,"Jeremy Saulnier",,
103,tt7909970,2020-09-29,2020-09-29,,"Unbelievable","Unbelievable",https://www.imdb.com/title/tt7909970/,TV Mini Series,8.3,48,2019,"Crime, Drama",138461,2019-09-13,,,
104,tt0101889,2020-10-02,2020-10-02,,"The Fisher King","The Fisher King",https://www.imdb.com/title/tt0101889/,Movie,7.5,137,1991,"Comedy, Drama, Fantasy",97289,1991-09-27,"Terry Gilliam",,
105,tt0093105,2020-10-02,2020-10-02,,"Good Morning, Vietnam","Good Morning, Vietnam",https://www.imdb.com/title/tt0093105/,Movie,7.3,121,1987,"Biography, Comedy, Drama, War",166830,1988-01-15,"Barry Levinson",,
106,tt0107614,2020-10-02,2020-10-02,,"Mrs. Doubtfire","Mrs. Doubtfire",https://www.imdb.com/title/tt0107614/,Movie,7.1,125,1993,"Comedy, Drama, Family",318776,1993-11-24,"Chris Columbus",,
107,tt0134119,2020-10-02,2020-10-02,,"The Talented Mr. Ripley","The Talented Mr. Ripley",https://www.imdb.com/title/tt0134119/,Movie,7.4,139,1999,"Crime, Drama, Thriller",274489,1999-12-25,"Anthony Minghella",,
108,tt2177771,2020-10-02,2020-10-02,,"The Monuments Men","The Monuments Men",https://www.imdb.com/title/tt2177771/,Movie,6.1,118,2014,"Biography, Comedy, Drama, War",149149,2014-02-07,"George Clooney",,
109,tt1797404,2020-10-02,2020-10-02,,"House of Lies","House of Lies",https://www.imdb.com/title/tt1797404/,TV Series,7.4,30,2012,"Comedy, Drama",27724,2012-01-08,,,
110,tt1535108,2020-10-02,2020-10-02,,"Elysium","Elysium",https://www.imdb.com/title/tt1535108/,Movie,6.6,109,2013,"Action, Drama, Sci-Fi, Thriller",493786,2013-08-09,"Neill Blomkamp",,
111,tt1024648,2020-10-02,2020-10-02,,"Argo","Argo",https://www.imdb.com/title/tt1024648/,Movie,7.7,120,2012,"Biography, Drama, History, Thriller",670752,2012-10-12,"Ben Affleck",,
112,tt8544498,2020-10-02,2020-10-02,,"The Way Back","The Way Back",https://www.imdb.com/title/tt8544498/,Movie,6.7,108,2020,"Drama, Sport",57158,2020-03-06,"Gavin O'Connor",,
113,tt0376541,2020-10-08,2020-10-08,,"Closer","Closer",https://www.imdb.com/title/tt0376541/,Movie,7.1,104,2004,"Drama, Romance",252013,2004-12-03,"Mike Nichols",,
114,tt5104604,2020-10-08,2020-10-08,,"Isle of Dogs","Isle of Dogs",https://www.imdb.com/title/tt5104604/,Movie,7.8,101,2018,"Animation, Adventure, Comedy, Drama, Fantasy, Sci-Fi",213497,2018-04-13,"Wes Anderson",,
115,tt1278469,2020-10-08,2020-10-08,,"Temple Grandin","Temple Grandin",https://www.imdb.com/title/tt1278469/,TV Movie,8.2,107,2010,"Biography, Drama",37149,2010-02-06,"Mick Jackson",,
116,tt0476209,2020-10-08,2020-10-08,,"Einstein's Big Idea","E=mc²",https://www.imdb.com/title/tt0476209/,TV Movie,7.8,120,2005,"Documentary, Biography, Drama, History",682,2005-10-11,"Gary Johnstone",,
117,tt0062622,2020-10-08,2020-10-08,,"2001: A Space Odyssey","2001: A Space Odyssey",https://www.imdb.com/title/tt0062622/,Movie,8.3,149,1968,"Adventure, Sci-Fi",789302,1968-05-12,"Stanley Kubrick",,
118,tt1186830,2020-10-08,2020-10-08,,"Agora","Agora",https://www.imdb.com/title/tt1186830/,Movie,7.1,127,2009,"Adventure, Biography, Drama, History, Romance",76838,2009-10-09,"Alejandro Amenábar",,
119,tt2137109,2020-10-08,2020-10-08,,"Masters of Sex","Masters of Sex",https://www.imdb.com/title/tt2137109/,TV Series,7.9,60,2013,"Drama, Romance",40383,2013-09-29,,,
120,tt0085230,2020-10-08,2020-10-08,,"Berget på månens baksida","Berget på månens baksida",https://www.imdb.com/title/tt0085230/,Movie,6.4,96,1983,"Drama",50,1983-10-22,"Lennart Hjulström",,
121,tt0116635,2020-10-08,2020-10-08,,"Infinity","Infinity",https://www.imdb.com/title/tt0116635/,Movie,6.2,119,1996,"Biography, Drama",2120,1996-10-04,"Matthew Broderick",,
122,tt0125425,2020-10-08,2020-10-08,,"N Is a Number: A Portrait of Paul Erdös","N Is a Number: A Portrait of Paul Erdös",https://www.imdb.com/title/tt0125425/,Movie,7.5,57,1993,"Documentary, Biography",267,,"George Paul Csicsery",,
123,tt0851578,2020-10-09,2020-10-09,,"Paprika","Paprika",https://www.imdb.com/title/tt0851578/,Movie,7.7,90,2006,"Animation, Drama, Fantasy, Mystery, Sci-Fi, Thriller",114890,2007-06-22,"Satoshi Kon",,
124,tt1312171,2020-10-23,2020-10-23,,"The Umbrella Academy","The Umbrella Academy",https://www.imdb.com/title/tt1312171/,TV Series,7.8,60,2019,"Action, Adventure, Comedy, Drama, Fantasy, Sci-Fi",316821,2019-02-15,,,
125,tt8385474,2020-10-23,2020-10-23,,"A Dog's Journey","A Dog's Journey",https://www.imdb.com/title/tt8385474/,Movie,7.5,109,2019,"Adventure, Comedy, Drama, Family, Fantasy",33453,2019-05-17,"Gail Mancuso",,
126,tt1684226,2020-10-23,2020-10-23,,"The Normal Heart","The Normal Heart",https://www.imdb.com/title/tt1684226/,TV Movie,7.9,132,2014,"Biography, Drama, History, Romance",40008,2014-05-25,"Ryan Murphy",,
127,tt5478478,2020-10-23,2020-10-23,,"Hostiles","Hostiles",https://www.imdb.com/title/tt5478478/,Movie,7.2,134,2017,"Drama, Western",108369,2018-01-26,"Scott Cooper",,
128,tt1800241,2020-10-23,2020-10-23,,"American Hustle","American Hustle",https://www.imdb.com/title/tt1800241/,Movie,7.2,138,2013,"Crime, Drama",520865,2013-12-20,"David O. Russell",,
129,tt1410063,2020-10-23,2020-10-23,,"The Flowers of War","Jin ling shi san chai",https://www.imdb.com/title/tt1410063/,Movie,7.5,146,2011,"Drama, History, Romance, War",58647,2011-12-16,"Yimou Zhang",,
130,tt0361862,2020-10-23,2020-10-23,,"The Machinist","The Machinist",https://www.imdb.com/title/tt0361862/,Movie,7.6,101,2004,"Drama, Thriller",444700,2004-12-03,"Brad Anderson",,
131,tt5116302,2020-10-23,2020-10-23,,"Togo","Togo",https://www.imdb.com/title/tt5116302/,Movie,7.9,113,2019,"Adventure, Biography, Drama, Family, History",62871,2019-12-20,"Ericson Core",,
132,tt4846340,2020-10-27,2020-10-27,,"Hidden Figures","Hidden Figures",https://www.imdb.com/title/tt4846340/,Movie,7.8,127,2016,"Biography, Drama, History",292500,2017-01-06,"Theodore Melfi",,
133,tt6566718,2020-10-29,2020-10-29,,"Need to Know","Need to Know",https://www.imdb.com/title/tt6566718/,Movie,,,,"Thriller",0,,,,
134,tt0455275,2020-10-29,2020-10-29,,"Prison Break","Prison Break",https://www.imdb.com/title/tt0455275/,TV Series,8.3,44,2005,"Action, Crime, Drama, Mystery, Thriller",676116,2005-08-29,,,
135,tt1796960,2020-10-29,2020-10-29,,"Homeland","Homeland",https://www.imdb.com/title/tt1796960/,TV Series,8.3,60,2011,"Crime, Drama, Mystery, Thriller",386944,2011-10-02,,,
136,tt0248654,2020-10-30,2020-10-30,,"Six Feet Under","Six Feet Under",https://www.imdb.com/title/tt0248654/,TV Series,8.7,60,2001,"Comedy, Drama",169770,2001-06-03,,,
137,tt4955642,2020-10-30,2020-10-30,,"The Good Place","The Good Place",https://www.imdb.com/title/tt4955642/,TV Series,8.2,22,2016,"Comedy, Drama, Fantasy, Mystery, Romance",223581,2016-09-19,,,
138,tt5348176,2020-10-30,2020-10-30,,"Barry","Barry",https://www.imdb.com/title/tt5348176/,TV Series,8.3,30,2018,"Action, Comedy, Crime, Drama",144798,2018-03-25,,,
139,tt0496424,2020-10-30,2020-10-30,,"30 Rock","30 Rock",https://www.imdb.com/title/tt0496424/,TV Series,8.3,22,2006,"Comedy",139416,2006-09-10,,,
140,tt0407362,2020-10-30,2020-10-30,,"Battlestar Galactica","Battlestar Galactica",https://www.imdb.com/title/tt0407362/,TV Series,8.7,45,2004,"Action, Adventure, Drama, Sci-Fi",187894,2005-01-14,,,
141,tt0106179,2020-10-30,2020-10-30,,"The X-Files","The X Files",https://www.imdb.com/title/tt0106179/,TV Series,8.6,45,1993,"Adventure, Crime, Drama, Mystery, Sci-Fi, Thriller",275130,1993-09-10,,,
142,tt10970552,2020-10-30,2020-10-30,,"The Haunting of Bly Manor","The Haunting of Bly Manor",https://www.imdb.com/title/tt10970552/,TV Mini Series,7.4,60,2020,"Drama, Horror, Mystery, Thriller",146269,2020-10-09,,,
143,tt7423538,2020-10-30,2020-10-30,,"Ratched","Ratched",https://www.imdb.com/title/tt7423538/,TV Series,7.2,60,2020,"Crime, Drama, History, Horror, Mystery, Thriller",80161,2020-09-18,,,
144,tt5171438,2020-10-30,2020-10-30,,"Star Trek: Discovery","Star Trek: Discovery",https://www.imdb.com/title/tt5171438/,TV Series,6.9,60,2017,"Action, Adventure, Drama, Sci-Fi",146653,2017-09-24,,,
145,tt2661044,2020-10-30,2020-10-30,,"The 100","The 100",https://www.imdb.com/title/tt2661044/,TV Series,7.5,43,2014,"Action, Drama, Mystery, Sci-Fi",306563,2014-03-19,,,
146,tt3743822,2020-10-30,2020-10-30,,"Fear the Walking Dead","Fear the Walking Dead",https://www.imdb.com/title/tt3743822/,TV Series,6.7,44,2015,"Drama, Horror, Sci-Fi, Thriller",154749,2015-08-23,,,
147,tt5555260,2020-10-30,2020-10-30,,"This Is Us","This Is Us",https://www.imdb.com/title/tt5555260/,TV Series,8.7,45,2016,"Comedy, Drama, Romance",175761,2016-09-20,,,
148,tt5753856,2020-10-30,2020-10-30,,"Dark","Dark",https://www.imdb.com/title/tt5753856/,TV Series,8.7,60,2017,"Crime, Drama, Mystery, Sci-Fi, Thriller",556598,2017-12-01,,,
149,tt2149175,2020-10-30,2020-10-30,,"The Americans","The Americans",https://www.imdb.com/title/tt2149175/,TV Series,8.4,44,2013,"Crime, Drama, Mystery, Thriller",125505,2013-01-30,,,
150,tt6932244,2020-10-30,2020-10-30,,"Hanna","Hanna",https://www.imdb.com/title/tt6932244/,TV Series,7.6,60,2019,"Action, Crime, Drama, Romance",46175,2019-03-29,,,
151,tt5687612,2020-10-30,2020-10-30,,"Fleabag","Fleabag",https://www.imdb.com/title/tt5687612/,TV Series,8.7,30,2016,"Comedy, Drama",250676,2016-09-16,,,
152,tt2016670,2020-10-30,2020-10-30,,"Shiki","Shiki",https://www.imdb.com/title/tt2016670/,TV Series,7.6,24,2010,"Animation, Drama, Horror, Mystery, Thriller",4817,2010-06-27,,,
153,tt0845738,2020-10-30,2020-10-30,,"When They Cry","Higurashi no naku koro ni",https://www.imdb.com/title/tt0845738/,TV Series,7.8,24,2006,"Animation, Drama, Horror, Mystery, Thriller",7555,2006-04-05,,,
154,tt12367868,2020-10-30,2020-10-30,,"Higurashi: When They Cry - GOU","Higurashi no naku koro ni: Gou",https://www.imdb.com/title/tt12367868/,TV Series,6.9,,2020,"Animation, Drama, Horror, Mystery, Thriller",1115,2020-10-01,,,
155,tt3127798,2020-10-30,2020-10-30,,"Corpse Party: Tortured Souls","Corpse Party: Tortured Souls",https://www.imdb.com/title/tt3127798/,TV Mini Series,6.3,29,2013,"Animation, Horror, Mystery, Thriller",3007,2013-07-24,,,
156,tt7541106,2020-10-30,2020-10-30,,"1BR","1BR",https://www.imdb.com/title/tt7541106/,Movie,5.8,90,2019,"Drama, Horror, Thriller",17260,2020-04-24,"David Marmor",,
157,tt0118615,2020-10-30,2020-10-30,,"Anaconda","Anaconda",https://www.imdb.com/title/tt0118615/,Movie,5.0,89,1997,"Action, Adventure, Horror, Thriller",126600,1997-04-11,"Luis Llosa",,
158,tt3286052,2020-10-30,2020-10-30,,"The Blackcoat's Daughter","February",https://www.imdb.com/title/tt3286052/,Movie,5.9,93,2015,"Horror, Mystery, Thriller",32718,2017-02-16,"Osgood Perkins",,
159,tt3280262,2020-10-30,2020-10-30,,"Cult of Chucky","Cult of Chucky",https://www.imdb.com/title/tt3280262/,Movie,5.3,91,2017,"Horror, Thriller",34577,2017-10-03,"Don Mancini",,
160,tt4547056,2020-10-30,2020-10-30,,"The Girl with All the Gifts","The Girl with All the Gifts",https://www.imdb.com/title/tt4547056/,Movie,6.6,111,2016,"Action, Adventure, Drama, Horror, Sci-Fi, Thriller",69549,2017-01-26,"Colm McCarthy",,
161,tt6402190,2020-10-30,2020-10-30,,"Masamune-kun's Revenge","Masamune-kun No Revenge",https://www.imdb.com/title/tt6402190/,TV Series,6.5,24,2017,"Animation, Comedy, Drama, Romance",5363,2023-07-03,,,
162,tt1512235,2020-10-31,2020-10-31,,"Super","Super",https://www.imdb.com/title/tt1512235/,Movie,6.7,96,2010,"Action, Comedy, Crime",87625,2011-06-10,"James Gunn",,
163,tt8115460,2020-11-01,2020-11-01,,"Pearson","Pearson",https://www.imdb.com/title/tt8115460/,TV Series,6.8,42,2019,"Drama",3331,2019-07-17,,,
164,tt3428912,2020-11-02,2020-11-02,,"Happy Valley","Happy Valley",https://www.imdb.com/title/tt3428912/,TV Series,8.5,60,2014,"Crime, Drama, Thriller",74373,2014-04-29,,,
165,tt0962740,2020-11-07,2020-11-07,,"Hell Girl","Jigoku shôjo",https://www.imdb.com/title/tt0962740/,TV Series,7.4,,2005,"Animation, Drama, Fantasy, Horror, Mystery",2258,2005-10-04,,,
166,tt0388473,2020-11-07,2020-11-07,,"Tokyo Godfathers","Tôkyô goddofâzâzu",https://www.imdb.com/title/tt0388473/,Movie,7.8,92,2003,"Animation, Adventure, Comedy, Drama",55591,2003-11-08,"Satoshi Kon, Shōgo Furuya",,
167,tt9458304,2020-11-07,2020-11-07,,"Dororo","Dororo",https://www.imdb.com/title/tt9458304/,TV Series,8.2,30,2019,"Animation, Action, Adventure, Fantasy, Horror",30473,2019-01-06,,,
168,tt1483013,2020-11-07,2020-11-07,,"Oblivion","Oblivion",https://www.imdb.com/title/tt1483013/,Movie,7.0,124,2013,"Action, Adventure, Sci-Fi",589140,2013-04-19,"Joseph Kosinski",,
169,tt12411074,2020-11-07,2020-11-07,,"Paranormal","Paranormal",https://www.imdb.com/title/tt12411074/,TV Series,7.9,45,2020,"Drama, Fantasy, Horror, Mystery, Thriller",76016,2020-11-05,,,
170,tt9170108,2020-11-07,2020-11-07,,"Raised by Wolves","Raised by Wolves",https://www.imdb.com/title/tt9170108/,TV Series,7.4,55,2020,"Drama, Fantasy, Sci-Fi, Thriller",93348,2020-09-03,,,
171,tt0107688,2020-11-07,2020-11-07,,"The Nightmare Before Christmas","Tim Burton's the Nightmare Before Christmas",https://www.imdb.com/title/tt0107688/,Movie,7.9,76,1993,"Animation, Adventure, Family, Fantasy, Musical",413985,1993-10-29,"Henry Selick",,
172,tt12457334,2020-11-07,2020-11-07,,"Wandering Witch: The Journey of Elaina","Majo no Tabitabi",https://www.imdb.com/title/tt12457334/,TV Mini Series,7.0,24,2020,"Animation, Adventure, Comedy, Fantasy",1776,2020-10-02,,,
173,tt12287748,2020-11-07,2020-11-07,,"Yashahime: Princess Half-Demon","Hanyô no Yashahime",https://www.imdb.com/title/tt12287748/,TV Series,7.0,,2020,"Animation, Action, Adventure, Comedy, Drama, Family, Fantasy",1476,2021-06-27,,,
174,tt0290223,2020-11-07,2020-11-07,,"Inuyasha","Inuyasha",https://www.imdb.com/title/tt0290223/,TV Series,7.9,22,2000,"Animation, Action, Adventure, Comedy, Drama, Fantasy, Romance",20086,2002-08-31,,,
175,tt11858104,2020-11-07,2020-11-07,,"Dragon Quest: The Adventure of Dai","Dragon Quest: Dai no Daibouken",https://www.imdb.com/title/tt11858104/,TV Series,7.9,24,2020,"Animation, Action, Adventure, Fantasy",1565,2020-10-03,,,
176,tt12831098,2020-11-07,2020-11-07,,"Moriarty the Patriot","Yuukoku no Moriarty",https://www.imdb.com/title/tt12831098/,TV Series,8.0,23,2020,"Animation, Crime, Mystery, Thriller",5989,2020-10-11,,,
177,tt12227418,2020-11-07,2020-11-07,,"The God of High School","The God of High School",https://www.imdb.com/title/tt12227418/,TV Series,7.2,24,2020,"Animation, Action, Adventure, Fantasy, Sport",9974,2020-07-01,,,
178,tt12311976,2020-11-07,2020-11-07,,"TONIKAWA: Over the Moon for You","Tonikaku Kawaii",https://www.imdb.com/title/tt12311976/,TV Series,7.7,23,2020,"Animation, Comedy, Fantasy, Romance",6587,2020-10-03,,,
179,tt3874528,2020-11-07,2020-11-07,,"The Irregular at Magic High School","Mahouka koukou no rettousei",https://www.imdb.com/title/tt3874528/,TV Series,7.0,22,2014,"Animation, Action, Drama, Fantasy, Romance, Sci-Fi",4968,2014-04-11,,,
180,tt6580380,2020-11-07,2020-11-07,,"The Irregular at Magic High School: The Girl Who Calls the Stars","Gekijouban Mahouka koukou no rettousei: Hoshi o yobu shoujo",https://www.imdb.com/title/tt6580380/,Movie,6.7,90,2017,"Animation, Action, Fantasy, Romance, Sci-Fi",951,2017-07-28,"Risako Yoshida",,
181,tt12011442,2020-11-07,2020-11-07,,"Burn the Witch","Burn the Witch",https://www.imdb.com/title/tt12011442/,TV Mini Series,6.7,63,2020,"Animation, Fantasy",1863,2020-10-01,,,
182,tt8225204,2020-11-07,2020-11-07,,"Golden Kamuy","Gôruden Kamui",https://www.imdb.com/title/tt8225204/,TV Series,8.1,24,2018,"Animation, Action, Adventure, Comedy, History, Western",3887,2018-04-09,,,
183,tt4728568,2020-11-07,2020-11-07,,"Is It Wrong to Try to Pick Up Girls in a Dungeon?","Dungeon ni Deai wo Motomeru no wa Machigatteiru Darou ka",https://www.imdb.com/title/tt4728568/,TV Series,7.4,24,2015,"Animation, Action, Adventure, Comedy, Fantasy, Romance",13929,2015-04-03,,,
184,tt4869896,2020-11-07,2020-11-07,,"Overlord","Ôbârôdo",https://www.imdb.com/title/tt4869896/,TV Series,7.6,30,2015,"Animation, Action, Adventure, Fantasy, Sci-Fi",19873,2015-07-07,,,
185,tt0106965,2020-11-11,2020-11-11,,"Free Willy","Free Willy",https://www.imdb.com/title/tt0106965/,Movie,6.1,112,1993,"Adventure, Drama, Family",89984,1993-07-16,"Simon Wincer",,
186,tt0814314,2020-11-13,2020-11-13,,"Seven Pounds","Seven Pounds",https://www.imdb.com/title/tt0814314/,Movie,7.6,123,2008,"Drama, Mystery, Thriller",327079,2008-12-19,"Gabriele Muccino",,
187,tt4192782,2020-11-14,2020-11-14,,"Glitch","Glitch",https://www.imdb.com/title/tt4192782/,TV Series,7.2,45,2015,"Drama, Horror, Sci-Fi, Thriller",23463,2016-10-15,,,
188,tt3498072,2020-11-14,2020-11-14,,"The Kawai Complex Guide to Manors and Hostel Behavior","Bokura wa minna kawaisou",https://www.imdb.com/title/tt3498072/,TV Series,7.2,24,2014,"Animation, Comedy, Drama, Romance",918,2014-04-03,,,
189,tt2250034,2020-11-14,2020-11-14,,"Kokoro Connect","Kokoro Connect",https://www.imdb.com/title/tt2250034/,TV Mini Series,7.4,,2012,"Animation, Comedy, Drama, Mystery, Romance",3166,2012-07-07,,,
190,tt6517102,2020-11-19,2020-11-19,,"Castlevania","Castlevania",https://www.imdb.com/title/tt6517102/,TV Series,8.3,23,2017,"Animation, Action, Adventure, Drama, Fantasy, Horror",95895,2017-07-07,,,
191,tt0829482,2020-11-26,2020-11-26,,"Superbad","Superbad",https://www.imdb.com/title/tt0829482/,Movie,7.6,113,2007,"Comedy",700637,2007-08-17,"Greg Mottola",,
192,tt1065073,2020-11-26,2020-11-26,,"Boyhood","Boyhood",https://www.imdb.com/title/tt1065073/,Movie,7.9,165,2014,"Comedy, Drama",383085,2014-08-15,"Richard Linklater",,
193,tt4925292,2020-11-26,2020-11-26,,"Lady Bird","Lady Bird",https://www.imdb.com/title/tt4925292/,Movie,7.4,94,2017,"Comedy, Drama",366963,2017-12-01,"Greta Gerwig",,
194,tt0106677,2020-11-26,2020-11-26,,"Dazed and Confused","Dazed and Confused",https://www.imdb.com/title/tt0106677/,Movie,7.6,103,1993,"Comedy",218087,1993-09-24,"Richard Linklater",,
195,tt0092005,2020-11-26,2020-11-26,,"Stand by Me","Stand by Me",https://www.imdb.com/title/tt0092005/,Movie,8.1,89,1986,"Adventure, Drama",492072,1986-08-22,"Rob Reiner",,
196,tt0467406,2020-11-26,2020-11-26,,"Juno","Juno",https://www.imdb.com/title/tt0467406/,Movie,7.4,96,2007,"Comedy, Drama",574293,2007-12-25,"Jason Reitman",,
197,tt1727388,2020-11-26,2020-11-26,,"The Way Way Back","The Way, Way Back",https://www.imdb.com/title/tt1727388/,Movie,7.4,103,2013,"Comedy, Drama",164672,2013-07-26,"Nat Faxon, Jim Rash",,
198,tt0108037,2020-11-26,2020-11-26,,"The Sandlot","The Sandlot",https://www.imdb.com/title/tt0108037/,Movie,7.8,101,1993,"Comedy, Drama, Family, Sport",116913,1993-04-07,"David Mickey Evans",,
199,tt0116695,2020-11-26,2020-11-26,,"Jerry Maguire","Jerry Maguire",https://www.imdb.com/title/tt0116695/,Movie,7.3,139,1996,"Comedy, Drama, Romance, Sport",314522,1996-12-13,"Cameron Crowe",,
200,tt2531344,2020-11-26,2020-11-26,,"Blockers","Blockers",https://www.imdb.com/title/tt2531344/,Movie,6.2,102,2018,"Comedy, Drama",92444,2018-04-06,"Kay Cannon",,
201,tt2561572,2020-11-26,2020-11-26,,"Get Hard","Get Hard",https://www.imdb.com/title/tt2561572/,Movie,6.0,100,2015,"Comedy, Crime, Drama",156443,2015-03-27,"Etan Cohen",,
202,tt11639414,2020-12-02,2020-12-02,,"The Midnight Gospel","The Midnight Gospel",https://www.imdb.com/title/tt11639414/,TV Series,8.2,23,2020,"Animation, Adventure, Comedy, Fantasy, Sci-Fi",30224,2020-04-20,,,
203,tt11079148,2020-12-06,2020-12-06,,"Justice League Dark: Apokolips War","Justice League Dark: Apokolips War",https://www.imdb.com/title/tt11079148/,Video,7.7,90,2020,"Animation, Action, Adventure, Crime, Drama, Fantasy, Horror, Mystery, Sci-Fi, Thriller",30342,2020-05-05,"Matt Peters, Christina Sotta",,
204,tt8752440,2020-12-06,2020-12-06,,"Batman: Hush","Batman: Hush",https://www.imdb.com/title/tt8752440/,Video,6.9,81,2019,"Animation, Action, Adventure, Crime, Drama, Mystery, Romance, Sci-Fi, Thriller",26178,2019-07-20,"Justin Copeland",,
205,tt2027128,2020-12-06,2020-12-06,,"Justice League: Doom","Justice League: Doom",https://www.imdb.com/title/tt2027128/,Video,7.4,75,2012,"Animation, Action, Fantasy, Sci-Fi, Thriller",39666,2012-02-28,"Lauren Montgomery",,
206,tt1673430,2020-12-06,2020-12-06,,"Superman/Batman: Apocalypse","Superman/Batman: Apocalypse",https://www.imdb.com/title/tt1673430/,Video,7.0,78,2010,"Animation, Action, Adventure, Sci-Fi",30688,2010-09-28,"Lauren Montgomery",,
207,tt1494772,2020-12-06,2020-12-06,,"Justice League: Crisis on Two Earths","Justice League: Crisis on Two Earths",https://www.imdb.com/title/tt1494772/,Video,7.2,75,2010,"Animation, Action, Fantasy, Sci-Fi",31209,2010-02-23,"Sam Liu, Lauren Montgomery",,
208,tt0332280,2020-12-16,2020-12-16,,"The Notebook","The Notebook",https://www.imdb.com/title/tt0332280/,Movie,7.8,123,2004,"Drama, Romance",698200,2004-06-25,"Nick Cassavetes",,
209,tt0107311,2021-01-01,2021-01-01,,"Khalnayak","Khal Nayak",https://www.imdb.com/title/tt0107311/,Movie,7.1,190,1993,"Action, Adventure, Crime, Drama, Thriller",4289,1993-06-15,"Subhash Ghai",,
210,tt0096252,2021-01-01,2021-01-01,,"Tezaab","Tezaab",https://www.imdb.com/title/tt0096252/,Movie,6.9,173,1988,"Action, Crime, Drama, Romance",2800,1988-11-11,"N. Chandra",,
211,tt0106655,2021-01-01,2021-01-01,,"Damini","Damini",https://www.imdb.com/title/tt0106655/,Movie,7.8,175,1993,"Crime, Drama",4481,1993-04-30,"Rajkumar Santoshi",,
212,tt0220832,2021-01-01,2021-01-01,,"Vaastav: The Reality","Vaastav: The Reality",https://www.imdb.com/title/tt0220832/,Movie,8.0,145,1999,"Action, Crime, Drama, Thriller",16118,1999-10-07,"Mahesh Manjrekar",,
213,tt0296574,2021-01-01,2021-01-01,,"Company","Company",https://www.imdb.com/title/tt0296574/,Movie,7.9,142,2002,"Action, Crime, Drama, Thriller",17316,2002-04-15,"Ram Gopal Varma, Sehgal Raj",,
214,tt0195231,2021-01-01,2021-01-01,,"Satya","Satya",https://www.imdb.com/title/tt0195231/,Movie,8.2,170,1998,"Action, Crime, Drama, Thriller",18646,1998-07-03,"Ram Gopal Varma",,
215,tt0488414,2021-01-01,2021-01-01,,"Omkara","Omkara",https://www.imdb.com/title/tt0488414/,Movie,8.0,155,2006,"Action, Crime, Drama, Thriller",24101,2006-07-28,"Vishal Bhardwaj",,
216,tt0995035,2021-01-01,2021-01-01,,"Dhol","Dhol",https://www.imdb.com/title/tt0995035/,Movie,6.7,145,2007,"Comedy, Crime, Mystery, Thriller",9445,2007-09-14,"Priyadarshan, Aman Ullah",,
217,tt0381849,2021-01-05,2021-01-05,,"3:10 to Yuma","3:10 to Yuma",https://www.imdb.com/title/tt0381849/,Movie,7.6,122,2007,"Action, Crime, Drama, Western",352813,2007-09-07,"James Mangold",,
218,tt0311113,2021-01-05,2021-01-05,,"Master and Commander: The Far Side of the World","Master and Commander: The Far Side of the World",https://www.imdb.com/title/tt0311113/,Movie,7.5,138,2003,"Action, Adventure, Drama, War",258236,2003-11-14,"Peter Weir",,
219,tt1458175,2021-01-05,2021-01-05,,"The Next Three Days","The Next Three Days",https://www.imdb.com/title/tt1458175/,Movie,7.3,133,2010,"Action, Crime, Drama, Romance, Thriller",216185,2010-11-19,"Paul Haggis",,
220,tt0132477,2021-01-05,2021-01-05,,"October Sky","October Sky",https://www.imdb.com/title/tt0132477/,Movie,7.8,108,1999,"Biography, Drama, Family",112719,1999-02-19,"Joe Johnston",,
221,tt0412080,2021-01-05,2021-01-05,,"The World's Fastest Indian","The World's Fastest Indian",https://www.imdb.com/title/tt0412080/,Movie,7.7,127,2005,"Biography, Drama, Sport",64413,2006-03-24,"Roger Donaldson",,
222,tt0113161,2021-01-06,2021-01-06,,"Get Shorty","Get Shorty",https://www.imdb.com/title/tt0113161/,Movie,6.9,105,1995,"Comedy, Crime, Thriller",96794,1995-10-20,"Barry Sonnenfeld",,
223,tt2788432,2021-01-06,2021-01-06,,"American Crime Story","American Crime Story",https://www.imdb.com/title/tt2788432/,TV Series,8.4,42,2016,"Biography, Crime, Drama, History",102864,2016-02-02,,,
224,tt0080339,2021-01-06,2021-01-06,,"Airplane!","Airplane!",https://www.imdb.com/title/tt0080339/,Movie,7.7,88,1980,"Comedy",291101,1980-07-02,"Jim Abrahams, David Zucker, Jerry Zucker",,
225,tt0379370,2021-01-08,2021-01-08,,"Maqbool","Maqbool",https://www.imdb.com/title/tt0379370/,Movie,8.0,132,2003,"Crime, Drama, Thriller",16162,2004-01-30,"Vishal Bhardwaj",,
226,tt0121164,2021-01-08,2021-01-08,,"Corpse Bride","Corpse Bride",https://www.imdb.com/title/tt0121164/,Movie,7.4,77,2005,"Animation, Comedy, Drama, Family, Fantasy, Musical, Romance",330782,2005-09-23,"Tim Burton, Mike Johnson",,
227,tt2340841,2021-01-08,2021-01-08,,"Hyouka","Hyouka",https://www.imdb.com/title/tt2340841/,TV Series,7.7,24,2012,"Animation, Comedy, Drama, Mystery",7898,2018-05-24,,,
228,tt12331342,2021-01-08,2021-01-08,,"Akudama Drive","Akudama Drive",https://www.imdb.com/title/tt12331342/,TV Mini Series,7.2,23,2020,"Animation, Action, Crime, Mystery, Sci-Fi",4012,2020-10-08,,,
229,tt3532216,2021-01-08,2021-01-08,,"American Made","American Made",https://www.imdb.com/title/tt3532216/,Movie,7.2,115,2017,"Action, Comedy, Crime, Drama, Thriller",235146,2017-09-29,"Doug Liman",,
230,tt0907657,2021-01-08,2021-01-08,,"Once","Once",https://www.imdb.com/title/tt0907657/,Movie,7.8,86,2006,"Drama, Music, Musical, Romance",126155,2007-06-15,"John Carney",,
231,tt0220757,2021-01-12,2021-01-12,,"Shool","Shool",https://www.imdb.com/title/tt0220757/,Movie,7.7,138,1999,"Action, Crime, Drama, Thriller",4439,1999-11-05,"Eeshwar Nivas",,
232,tt3544112,2021-01-12,2021-01-12,,"Sing Street","Sing Street",https://www.imdb.com/title/tt3544112/,Movie,7.9,106,2016,"Comedy, Drama, Music, Musical, Romance",108581,2016-03-17,"John Carney",,
233,tt1261047,2021-01-12,2021-01-12,,"Gulaal","Gulaal",https://www.imdb.com/title/tt1261047/,Movie,8.0,140,2009,"Crime, Drama, Thriller",17443,2009-03-13,"Anurag Kashyap",,
234,tt0347332,2021-01-12,2021-01-12,,"Khakee","Khakee",https://www.imdb.com/title/tt0347332/,Movie,7.4,174,2004,"Action, Crime, Drama, Thriller",17590,2004-01-23,"Rajkumar Santoshi",,
235,tt0140352,2021-01-12,2021-01-12,,"The Insider","The Insider",https://www.imdb.com/title/tt0140352/,Movie,7.8,157,1999,"Biography, Drama, History, Thriller",192674,1999-11-05,"Michael Mann",,
236,tt13061914,2021-01-12,2021-01-12,,"Locked Down","Locked Down",https://www.imdb.com/title/tt13061914/,Movie,5.3,118,2021,"Comedy, Crime, Romance",14269,2021-01-14,"Doug Liman",,
237,tt0117951,2021-01-15,2021-01-15,,"Trainspotting","Trainspotting",https://www.imdb.com/title/tt0117951/,Movie,8.1,93,1996,"Crime, Drama",772121,1996-08-09,"Danny Boyle",,
238,tt12805346,2021-01-16,2021-01-16,,"Aashram","Aashram",https://www.imdb.com/title/tt12805346/,TV Series,6.6,45,2020,"Crime, Drama, Mystery, Thriller",59075,2020-08-28,,,
239,tt5979920,2021-01-16,2021-01-16,,"Wrong Side Raju","Wrong Side Raju",https://www.imdb.com/title/tt5979920/,Movie,7.7,140,2016,"Drama, Thriller",1177,2016-09-16,"Mikhil Musale",,
240,tt0495032,2021-01-17,2021-01-17,,"Gangster","Gangster",https://www.imdb.com/title/tt0495032/,Movie,7.2,123,2006,"Action, Crime, Drama, Romance, Thriller",9067,2006-04-28,"Anurag Basu",,
241,tt0479742,2021-01-17,2021-01-17,,"Reservoir Wolves","Reservoir Wolves",https://www.imdb.com/title/tt0479742/,Short,3.4,10,2001,"Short, Crime",91,2001-11,"Ramon Woolfe",,
242,tt11034066,2021-01-18,2021-01-18,,"Welcome to Demon-School, Iruma-kun","Mairimashita! Iruma-kun",https://www.imdb.com/title/tt11034066/,TV Series,7.6,24,2019,"Animation, Comedy, Drama, Fantasy",3843,2019-10-05,,,
243,tt8438524,2021-01-18,2021-01-18,,"How NOT to Summon a Demon Lord","Isekai Mao to Shokan Shojo no Dorei Majutsu",https://www.imdb.com/title/tt8438524/,TV Series,6.9,24,2018,"Animation, Action, Adventure, Comedy, Fantasy, Romance",6024,2018-07-05,,,
244,tt0071853,2021-01-19,2021-01-19,,"Monty Python and the Holy Grail","Monty Python and the Holy Grail",https://www.imdb.com/title/tt0071853/,Movie,8.1,91,1975,"Adventure, Comedy, Fantasy",606080,1975-07-18,"Terry Gilliam, Terry Jones",,
245,tt0085959,2021-01-19,2021-01-19,,"Monty Python's the Meaning of Life","The Meaning of Life",https://www.imdb.com/title/tt0085959/,Movie,7.5,107,1983,"Comedy, Musical",130577,1983-03-31,"Terry Jones",,
246,tt6998518,2021-01-19,2021-01-19,,"Mandy","Mandy",https://www.imdb.com/title/tt6998518/,Movie,6.5,121,2018,"Action, Fantasy, Horror",99324,2018-09-14,"Panos Cosmatos",,
247,tt1588170,2021-01-19,2021-01-19,,"I Saw the Devil","Angmareul boatda",https://www.imdb.com/title/tt1588170/,Movie,7.8,144,2010,"Action, Thriller",167747,2010-08-12,"Kim Jee-woon",,
248,tt0217505,2021-01-21,2021-01-21,,"Gangs of New York","Gangs of New York",https://www.imdb.com/title/tt0217505/,Movie,7.5,167,2002,"Crime, Drama",508825,2002-12-20,"Martin Scorsese",,
249,tt0443272,2021-01-21,2021-01-21,,"Lincoln","Lincoln",https://www.imdb.com/title/tt0443272/,Movie,7.3,150,2012,"Biography, Drama, History, War",286429,2012-11-16,"Steven Spielberg",,
250,tt0091328,2021-01-23,2021-01-23,,"Karma","Karma",https://www.imdb.com/title/tt0091328/,Movie,7.2,193,1986,"Action, Adventure, Drama, Thriller",2672,1986-08-08,"Subhash Ghai",,
251,tt1182345,2021-02-10,2021-02-10,,"Moon","Moon",https://www.imdb.com/title/tt1182345/,Movie,7.8,97,2009,"Drama, Mystery, Sci-Fi",397463,2009-07-10,"Duncan Jones",,
252,tt5839706,2021-02-18,2021-02-18,,"91 Days","91 Days",https://www.imdb.com/title/tt5839706/,TV Mini Series,7.6,24,2016,"Animation, Crime, Drama, History, Thriller",7439,2016-07-08,,,
253,tt3550748,2021-02-28,2021-02-28,,"Innocent Crush","Gashi",https://www.imdb.com/title/tt3550748/,Movie,6.0,117,2014,"Crime, Drama, Romance, Thriller",1375,2014-04-10,"Kim Tae-gyun",,
254,tt8075192,2021-02-28,2021-02-28,,"Shoplifters","Manbiki kazoku",https://www.imdb.com/title/tt8075192/,Movie,7.9,121,2018,"Crime, Drama, Thriller",96182,2018-11-23,"Hirokazu Koreeda",,
255,tt0100234,2021-02-28,2021-02-28,,"Close-Up","Nema-ye nazdik",https://www.imdb.com/title/tt0100234/,Movie,8.2,98,1990,"Biography, Crime, Drama",27209,1991-10-30,"Abbas Kiarostami",,
256,tt0120735,2021-03-21,2021-03-21,,"Lock, Stock and Two Smoking Barrels","Lock, Stock and Two Smoking Barrels",https://www.imdb.com/title/tt0120735/,Movie,8.1,107,1998,"Comedy, Crime",652282,1998-08-28,"Guy Ritchie",,
257,tt0479884,2021-03-21,2021-03-21,,"Crank","Crank",https://www.imdb.com/title/tt0479884/,Movie,6.9,88,2006,"Action, Crime, Thriller",278896,2006-09-01,"Mark Neveldine, Brian Taylor",,
258,tt1121931,2021-03-21,2021-03-21,,"Crank: High Voltage","Crank: High Voltage",https://www.imdb.com/title/tt1121931/,Movie,6.1,96,2009,"Action, Thriller",168101,2009-04-17,"Mark Neveldine, Brian Taylor",,
259,tt3526078,2021-03-28,2021-03-28,,"Schitt's Creek","Schitt$ Creek",https://www.imdb.com/title/tt3526078/,TV Series,8.5,22,2015,"Comedy",175828,2015-02-11,,,
260,tt0487831,2021-03-28,2021-03-28,,"The IT Crowd","The IT Crowd",https://www.imdb.com/title/tt0487831/,TV Series,8.5,25,2006,"Comedy",177205,2006-02-03,,,
261,tt5340522,2021-04-05,2021-04-05,,"Soggade Chinni Nayana","Soggade Chinni Nayana",https://www.imdb.com/title/tt5340522/,Movie,6.3,145,2016,"Comedy, Drama",1805,2016-01-14,"Kalyan Krishna",,
262,tt0445033,2021-04-05,2021-04-05,,"Mass","Mass",https://www.imdb.com/title/tt0445033/,Movie,6.6,135,2004,"Action, Drama",2278,2004-12-23,"Raghava Lawrence",,
263,tt1305803,2021-04-05,2021-04-05,,"King","King",https://www.imdb.com/title/tt1305803/,Movie,6.6,131,2008,"Action, Comedy, Crime, Mystery, Thriller",1683,2008-12-25,"Sreenu Vaitla",,
264,tt0278291,2021-04-09,2021-04-09,,"Ajnabee","Ajnabee",https://www.imdb.com/title/tt0278291/,Movie,6.4,165,2001,"Action, Crime, Drama, Mystery, Romance, Thriller",9817,2001-09-21,"Abbas Alibhai Burmawalla, Mastan Alibhai Burmawalla",,
265,tt0814014,2021-04-09,2021-04-09,,"Apne","Apne",https://www.imdb.com/title/tt0814014/,Movie,6.1,173,2007,"Action, Drama, Sport",3880,2007-06-29,"Anil Sharma",,
266,tt0173081,2021-04-09,2021-04-09,,"Pyaar to Hona Hi Tha","Pyaar To Hona Hi Tha",https://www.imdb.com/title/tt0173081/,Movie,6.6,156,1998,"Comedy, Drama, Romance",3898,1998-07-15,"Anees Bazmee",,
267,tt0418460,2021-04-09,2021-04-09,,"Aitraaz","Aitraaz",https://www.imdb.com/title/tt0418460/,Movie,6.6,160,2004,"Drama, Romance, Thriller",11774,2004-11-12,"Abbas Alibhai Burmawalla, Mastan Alibhai Burmawalla",,
268,tt11769304,2021-04-13,2021-04-13,,"Hospital Playlist","Seulgiroun Euisasaenghal",https://www.imdb.com/title/tt11769304/,TV Series,8.7,84,2020,"Comedy, Drama, Romance",11106,2020-03-12,,,
269,tt1268799,2021-04-13,2021-04-13,,"A Very Harold & Kumar Christmas","A Very Harold & Kumar 3D Christmas",https://www.imdb.com/title/tt1268799/,Movie,6.2,90,2011,"Adventure, Comedy",75507,2011-11-04,"Todd Strauss-Schulson",,
270,tt2358891,2021-04-13,2021-04-13,,"The Great Beauty","La grande bellezza",https://www.imdb.com/title/tt2358891/,Movie,7.7,141,2013,"Drama",106897,2014-03-14,"Paolo Sorrentino",,
271,tt0141842,2021-04-17,2021-04-17,,"The Sopranos","The Sopranos",https://www.imdb.com/title/tt0141842/,TV Series,9.2,55,1999,"Crime, Drama",590148,1999-01-10,,,
272,tt0386588,2021-04-18,2021-04-18,,"Hitch","Hitch",https://www.imdb.com/title/tt0386588/,Movie,6.6,118,2005,"Comedy, Romance",351042,2005-02-11,"Andy Tennant",,
273,tt3230454,2021-04-18,2021-04-18,,"The Last Man on Earth","The Last Man on Earth",https://www.imdb.com/title/tt3230454/,TV Series,7.4,22,2015,"Action, Comedy, Drama, Romance, Sci-Fi",68812,2015-03-01,,,
274,tt2297757,2021-04-18,2021-04-18,,"Nathan for You","Nathan for You",https://www.imdb.com/title/tt2297757/,TV Series,8.9,30,2013,"Documentary, Comedy",50500,2013-02-28,,,
275,tt2244495,2021-04-18,2021-04-18,,"The Eric Andre Show","The Eric Andre Show",https://www.imdb.com/title/tt2244495/,TV Series,8.5,11,2012,"Comedy, Reality-TV, Talk-Show",24037,2012-05-20,,,
276,tt0795129,2021-04-18,2021-04-18,,"House Hunters International","House Hunters International",https://www.imdb.com/title/tt0795129/,TV Series,7.0,30,2006,"Reality-TV",1573,2006-03-06,,,
277,tt8324422,2021-04-18,2021-04-18,,"PEN15","PEN15",https://www.imdb.com/title/tt8324422/,TV Series,8.1,30,2019,"Comedy, Drama",16552,2019-02-08,,,
278,tt7660850,2021-04-18,2021-04-18,,"Succession","Succession",https://www.imdb.com/title/tt7660850/,TV Series,8.8,60,2018,"Comedy, Drama",363484,2018-06-03,,,
279,tt5037914,2021-04-18,2021-04-18,,"Crashing","Crashing",https://www.imdb.com/title/tt5037914/,TV Series,7.6,30,2017,"Comedy, Drama",9253,2017-02-19,,,
280,tt5228026,2021-04-18,2021-04-18,,"The Characters","The Characters",https://www.imdb.com/title/tt5228026/,TV Series,5.5,32,2016,"Comedy",1112,2016-03-11,,,
281,tt2032557,2021-04-22,2021-04-22,,"The Reluctant Fundamentalist","The Reluctant Fundamentalist",https://www.imdb.com/title/tt2032557/,Movie,6.8,130,2012,"Drama, Thriller",15335,2013-05-17,"Mira Nair",,
282,tt1070874,2021-04-22,2021-04-22,,"The Trial of the Chicago 7","The Trial of the Chicago 7",https://www.imdb.com/title/tt1070874/,Movie,7.7,129,2020,"Drama, History, Thriller",206500,2020-10-16,"Aaron Sorkin",,
283,tt0174856,2021-04-24,2021-04-24,,"The Hurricane","The Hurricane",https://www.imdb.com/title/tt0174856/,Movie,7.6,146,1999,"Biography, Drama, Sport",108570,2000-01-14,"Norman Jewison",,
284,tt0352248,2021-04-24,2021-04-24,,"Cinderella Man","Cinderella Man",https://www.imdb.com/title/tt0352248/,Movie,8.0,144,2005,"Biography, Drama, Romance, Sport",210322,2005-06-03,"Ron Howard",,
285,tt0210945,2021-04-24,2021-04-24,,"Remember the Titans","Remember the Titans",https://www.imdb.com/title/tt0210945/,Movie,7.8,113,2000,"Biography, Comedy, Drama, Sport",251922,2000-09-29,"Boaz Yakin",,
286,tt0082158,2021-04-24,2021-04-24,,"Chariots of Fire","Chariots of Fire",https://www.imdb.com/title/tt0082158/,Movie,7.1,125,1981,"Biography, Drama, Sport",71437,1982-04-09,"Hugh Hudson",,
287,tt0190590,2021-04-24,2021-04-24,,"O Brother, Where Art Thou?","O Brother, Where Art Thou?",https://www.imdb.com/title/tt0190590/,Movie,7.7,107,2000,"Adventure, Comedy, Crime, Drama, Music",354301,2001-02-02,"Joel Coen, Ethan Coen",,
288,tt0101410,2021-04-24,2021-04-24,,"Barton Fink","Barton Fink",https://www.imdb.com/title/tt0101410/,Movie,7.6,116,1991,"Comedy, Drama, Thriller",136203,1991-08-21,"Joel Coen, Ethan Coen",,
289,tt0243133,2021-04-24,2021-04-24,,"The Man Who Wasn't There","The Man Who Wasn't There",https://www.imdb.com/title/tt0243133/,Movie,7.5,116,2001,"Crime, Drama",120984,2001-11-16,"Joel Coen, Ethan Coen",,
290,tt1853739,2021-04-24,2021-04-24,,"You're Next","You're Next",https://www.imdb.com/title/tt1853739/,Movie,6.6,95,2011,"Drama, Horror, Mystery, Thriller",120164,2013-08-23,"Adam Wingard",,
291,tt0840361,2021-04-24,2021-04-24,,"The Town","The Town",https://www.imdb.com/title/tt0840361/,Movie,7.5,125,2010,"Crime, Drama, Thriller",451528,2010-09-17,"Ben Affleck",,
292,tt8368512,2021-04-24,2021-04-24,,"The Courier","The Courier",https://www.imdb.com/title/tt8368512/,Movie,7.2,112,2020,"Drama, History, Mystery, Thriller",82332,2021-03-19,"Dominic Cooke",,
293,tt9731682,2021-04-24,2021-04-24,,"Crisis","Crisis",https://www.imdb.com/title/tt9731682/,Movie,6.2,118,2021,"Drama, Thriller",15552,2021-02-26,"Nicholas Jarecki",,
294,tt7638348,2021-04-24,2021-04-24,,"Boss Level","Boss Level",https://www.imdb.com/title/tt7638348/,Movie,6.8,100,2020,"Action, Adventure, Comedy, Mystery, Sci-Fi, Thriller",91242,2021-03-05,"Joe Carnahan",,
295,tt12598008,2021-04-25,2021-04-25,,"So I'm a Spider, So What?","Kumo Desu ga, Nanika?",https://www.imdb.com/title/tt12598008/,TV Series,7.2,24,2021,"Animation, Action, Adventure, Comedy, Drama, Fantasy",3231,2021-01-08,,,
296,tt12635162,2021-04-25,2021-04-25,,"Don't Toy with Me, Miss Nagatoro","Ijiranaide, Nagatoro-san",https://www.imdb.com/title/tt12635162/,TV Series,7.1,24,2021,"Animation, Comedy, Romance",6614,2021-04-11,,,
297,tt14134550,2021-04-25,2021-04-25,,"Odd Taxi","Odd Taxi",https://www.imdb.com/title/tt14134550/,TV Series,8.3,23,2021,"Animation, Comedy, Crime, Drama, Mystery, Thriller",8086,2021-04-06,,,
298,tt13198632,2021-04-25,2021-04-25,,"Higehiro: After Being Rejected, I Shaved and Took in a High School Runaway","Hige o Soru. Soshite Joshikousei o Hirou.",https://www.imdb.com/title/tt13198632/,TV Mini Series,7.4,23,2021,"Animation, Comedy, Drama, Romance",5143,2021-04-05,,,
299,tt12063450,2021-04-25,2021-04-25,,"To Your Eternity","Fumetsu no Anata e",https://www.imdb.com/title/tt12063450/,TV Series,8.3,25,2021,"Animation, Adventure, Drama, Fantasy",13171,2021-05-31,,,
300,tt13718450,2021-04-25,2021-04-25,,"86","86",https://www.imdb.com/title/tt13718450/,TV Series,8.3,24,2021,"Animation, Action, Drama, Sci-Fi, War",16113,2021-04-10,,,
301,tt12814598,2021-04-25,2021-04-25,,"Those Snow White Notes","Mashiro no Oto",https://www.imdb.com/title/tt12814598/,TV Series,7.4,24,2021,"Animation, Drama, Music",543,2021-04-03,,,
302,tt7790776,2021-04-25,2021-04-25,,"Land of the Lustrous","Houseki no Kuni",https://www.imdb.com/title/tt7790776/,TV Series,7.9,24,2017,"Animation, Action, Adventure, Drama, Fantasy",2996,2017-10-07,,,
303,tt0496386,2021-04-27,2021-04-27,,"The Secret of the Magic Gourd","Bao hu lu de mi mi",https://www.imdb.com/title/tt0496386/,Movie,5.2,84,2007,"Adventure, Comedy, Drama, Family, Fantasy",1113,2007-06-29,"John Chu, Frankie Chung",,
304,tt0904208,2021-04-27,2021-04-27,,"Californication","Californication",https://www.imdb.com/title/tt0904208/,TV Series,8.3,30,2007,"Comedy, Drama",195793,2007-08-13,,,
305,tt9271162,2021-04-27,2021-04-27,,"Thinkistan","Thinkistan",https://www.imdb.com/title/tt9271162/,TV Series,8.0,25,2019,"Drama",7965,2019-05-24,,,
306,tt4422836,2021-04-27,2021-04-27,,"Limitless","Limitless",https://www.imdb.com/title/tt4422836/,TV Series,7.6,42,2015,"Comedy, Crime, Drama, Sci-Fi, Thriller",75285,2015-09-22,,,
307,tt0295776,2021-04-27,2021-04-27,,"Fauji","Fauji",https://www.imdb.com/title/tt0295776/,TV Series,8.0,,1988,"Action, Drama",3121,1988-01-18,,,
308,tt1986770,2021-04-27,2021-04-27,,"Anger Management","Anger Management",https://www.imdb.com/title/tt1986770/,TV Series,6.6,22,2012,"Comedy, Romance",33203,2012-06-28,,,
309,tt7016936,2021-04-27,2021-04-27,,"Killing Eve","Killing Eve",https://www.imdb.com/title/tt7016936/,TV Series,8.0,42,2018,"Action, Adventure, Drama, Thriller",155023,2018-04-08,,,
310,tt10375766,2021-04-27,2021-04-27,,"R. K. Laxman Ki Duniya","R. K. Laxman Ki Duniya",https://www.imdb.com/title/tt10375766/,TV Series,7.9,,2011,"Comedy",26,2011,,,
311,tt2660806,2021-04-27,2021-04-27,,"Mom","Mom",https://www.imdb.com/title/tt2660806/,TV Series,7.4,30,2013,"Comedy, Drama, Romance",44312,2013-09-23,,,
312,tt0096686,2021-04-27,2021-04-27,,"Ranma ½","Ranma ½",https://www.imdb.com/title/tt0096686/,TV Series,7.9,23,1989,"Animation, Action, Comedy, Fantasy, Romance",6646,1989-04,,,
313,tt6574146,2021-04-27,2021-04-27,,"Blame!","Blame!",https://www.imdb.com/title/tt6574146/,Movie,6.6,106,2017,"Animation, Action, Drama, Horror, Sci-Fi, Thriller",10136,2017-05-20,"Hiroyuki Seshita",,
314,tt9116358,2021-04-27,2021-04-27,,"Promare","Puromea",https://www.imdb.com/title/tt9116358/,Movie,7.0,111,2019,"Animation, Action, Adventure, Comedy, Drama, Fantasy, Sci-Fi, Thriller",6091,2019-05-24,"Hiroyuki Imaishi",,
315,tt0437719,2021-04-27,2021-04-27,,"Gankutsuou: The Count of Monte Cristo","Gankutsu-ô",https://www.imdb.com/title/tt0437719/,TV Series,7.8,24,2004,"Animation, Drama, Mystery, Sci-Fi, Thriller",3078,2004-10-05,,,
316,tt0928093,2021-04-27,2021-04-27,,"Kanon","Kanon",https://www.imdb.com/title/tt0928093/,TV Series,7.5,22,2006,"Animation, Comedy, Drama, Fantasy, Romance",1814,2006-10-05,,,
317,tt0817177,2021-04-28,2021-04-28,,"Flipped","Flipped",https://www.imdb.com/title/tt0817177/,Movie,7.6,90,2010,"Comedy, Drama, Romance",109238,2010-09-10,"Rob Reiner",,
318,tt8107988,2021-04-30,2021-04-30,,"Carole & Tuesday","Kyaroru & Chûzudei",https://www.imdb.com/title/tt8107988/,TV Series,7.7,22,2019,"Animation, Drama, Music, Sci-Fi",2985,2019-04-10,,,
319,tt2341375,2021-04-30,2021-04-30,,"Kids on the Slope","Sakamichi no Apollon",https://www.imdb.com/title/tt2341375/,TV Mini Series,8.1,24,2012,"Animation, Drama, Music, Romance",3880,2012-04-12,,,
320,tt8086718,2021-04-30,2021-04-30,,"Grand Blue Dreaming","Guran Buru",https://www.imdb.com/title/tt8086718/,TV Series,7.9,24,2018,"Animation, Adventure, Comedy, Drama",7356,2018-07-14,,,
321,tt2622982,2021-04-30,2021-04-30,,"The Devil Is a Part-Timer!","Hataraku Maou-sama!",https://www.imdb.com/title/tt2622982/,TV Series,7.4,24,2013,"Animation, Action, Comedy, Fantasy",10069,2017-04-20,,,
322,tt2309312,2021-04-30,2021-04-30,,"Say I love you","Suki-tte î na yo.",https://www.imdb.com/title/tt2309312/,TV Series,7.2,25,2012,"Animation, Drama, Romance",5042,2012-10-06,,,
323,tt3115338,2021-04-30,2021-04-30,,"Nisekoi: False Love","Nisekoi",https://www.imdb.com/title/tt3115338/,TV Series,7.2,25,2014,"Animation, Comedy, Romance",5099,2014-01-11,,,
324,tt1584000,2021-04-30,2021-04-30,,"Durarara!!","Durarara!!",https://www.imdb.com/title/tt1584000/,TV Series,7.8,24,2010,"Animation, Comedy, Crime, Drama, Thriller",8818,2010-01-07,,,
325,tt2636546,2021-04-30,2021-04-30,,"Flowers of Evil","Aku no hana",https://www.imdb.com/title/tt2636546/,TV Mini Series,7.5,,2013,"Animation, Drama, Thriller",1752,2013-04-05,,,
326,tt5419278,2021-04-30,2021-04-30,,"Descending Stories: Showa Genroku Rakugo Shinju","Shôwa Genroku rakugo shinjû",https://www.imdb.com/title/tt5419278/,TV Series,8.3,26,2016,"Animation, Comedy, Drama",1697,2016-01-08,,,
327,tt3660104,2021-04-30,2021-04-30,,"Barakamon","Barakamon",https://www.imdb.com/title/tt3660104/,TV Series,8.2,24,2014,"Animation, Comedy, Drama",5323,2014-04,,,
328,tt6185782,2021-04-30,2021-04-30,,"Miss Kobayashi's Dragon Maid","Kobayashi-san Chi no Meidoragon",https://www.imdb.com/title/tt6185782/,TV Series,7.7,24,2017,"Animation, Comedy, Fantasy",6808,2017-01-12,,,
329,tt0341985,2021-04-30,2021-04-30,,"Ultimate Muscle: The Kinnikuman Legacy","Ultimate Muscle: The Kinnikuman Legacy",https://www.imdb.com/title/tt0341985/,TV Series,7.4,30,2002,"Comedy, Action, Animation, Thriller",589,2002-09-14,,,
330,tt2189248,2021-04-30,2021-04-30,,"Inazuma Eleven","Inazuma irebun",https://www.imdb.com/title/tt2189248/,TV Series,8.3,24,2008,"Animation, Comedy, Family, Fantasy, Sci-Fi, Sport",4387,2008-10-05,,,
331,tt8963328,2021-04-30,2021-04-30,,"Hi Score Girl","Hai Sukoa Garu",https://www.imdb.com/title/tt8963328/,TV Series,7.9,25,2018,"Animation, Comedy, Romance",2919,2018-07-14,,,
332,tt9304350,2021-04-30,2021-04-30,,"Fruits Basket","Furûtsu Basuketto",https://www.imdb.com/title/tt9304350/,TV Series,8.5,24,2019,"Animation, Comedy, Drama, Fantasy, Romance",13840,2019-04-05,,,
333,tt1214085,2021-05-02,2021-05-02,,"Soul Eater","Sôru îtâ",https://www.imdb.com/title/tt1214085/,TV Series,7.7,24,2008,"Animation, Action, Adventure, Comedy, Fantasy, Horror",17210,2008-04-07,,,
334,tt3114390,2021-05-02,2021-05-02,,"Kill La Kill","Kiru ra kiru: KILL la KILL",https://www.imdb.com/title/tt3114390/,TV Series,7.8,25,2013,"Animation, Action, Comedy, Drama, Fantasy, Sci-Fi",19769,2015-02-08,,,
335,tt0948103,2021-05-02,2021-05-02,,"Gurren Lagann","Tengen toppa gurren lagann",https://www.imdb.com/title/tt0948103/,TV Series,8.3,24,2007,"Animation, Action, Adventure, Comedy, Drama, Sci-Fi",27301,2007-04-01,,,
336,tt1316554,2021-05-02,2021-05-02,,"Black Butler","Kuroshitsuji",https://www.imdb.com/title/tt1316554/,TV Series,7.6,24,2008,"Animation, Action, Comedy, Crime, Drama, Fantasy, Horror, Mystery, Thriller",11353,2008-10-03,,,
337,tt3742982,2021-05-02,2021-05-02,,"Akame ga Kill!","Akame ga Kill!",https://www.imdb.com/title/tt3742982/,TV Series,7.7,24,2014,"Animation, Action, Comedy, Drama, Fantasy, Horror, Thriller",38815,2016-12-31,,,
338,tt1155650,2021-05-03,2021-05-03,,"The Garden of Sinners: Overlooking View","Gekijô ban Kara no kyôkai: Dai isshô - Fukan fûkei",https://www.imdb.com/title/tt1155650/,Movie,6.9,49,2007,"Animation, Action, Crime, Fantasy, Horror, Mystery, Thriller",3252,2007-12-01,"Ei Aoki",,
339,tt1278060,2021-05-03,2021-05-03,,"The Garden of Sinners: Paradox Spiral","Gekijô ban Kara no kyôkai: Dai go shô - Mujun rasen",https://www.imdb.com/title/tt1278060/,Movie,7.9,114,2008,"Animation, Action, Crime, Drama, Horror, Mystery, Thriller",2511,2008-08-16,"Takayuki Hirao",,
340,tt1345776,2021-05-03,2021-05-03,,"The Garden of Sinners: A Study in Murder - Part 2","Gekijô ban Kara no kyôkai: Satsujin kôsatsu (Go)",https://www.imdb.com/title/tt1345776/,Movie,7.5,120,2009,"Animation, Action, Crime, Drama, Horror, Mystery, Thriller",1984,2009-08-08,"Ei Aoki, Takayuki Hirao, Hikaru Kondô, Takuya Nonaka, Mitsuru Obunai",,
341,tt5857720,2021-05-06,2021-05-06,,"ReLIFE","ReLIFE",https://www.imdb.com/title/tt5857720/,TV Series,7.8,24,2016,"Animation, Comedy, Drama, Romance",9422,2016-07-01,,,
342,tt12117218,2021-05-06,2021-05-06,,"The Millionaire Detective - Balance: UNLIMITED","Fugô Keiji Balance: UNLIMITED",https://www.imdb.com/title/tt12117218/,TV Mini Series,7.2,23,2020,"Animation, Crime, Drama",2988,2020-04-10,,,
343,tt7622902,2021-05-07,2021-05-07,,"Prison Playbook","Seulgirowun Gamppangsaenghwal",https://www.imdb.com/title/tt7622902/,TV Series,8.3,90,2017,"Comedy, Drama",6402,2017-11-22,,,
344,tt9881586,2021-05-08,2021-05-08,,"Rascal Does Not Dream of a Dreaming Girl","Seishun buta yaro wa yumemiru shoujo no yume wo minai",https://www.imdb.com/title/tt9881586/,Movie,8.3,89,2019,"Animation, Drama, Fantasy, Mystery, Romance, Thriller",10615,2019-10-02,"Sôichi Masui",,
345,tt1213663,2021-05-10,2021-05-10,,"The World's End","The World's End",https://www.imdb.com/title/tt1213663/,Movie,6.9,109,2013,"Action, Comedy, Sci-Fi",314346,2013-08-23,"Edgar Wright",,
346,tt1092026,2021-05-10,2021-05-10,,"Paul","Paul",https://www.imdb.com/title/tt1092026/,Movie,6.9,104,2011,"Adventure, Comedy, Sci-Fi",284288,2011-03-18,"Greg Mottola",,
347,tt2704998,2021-05-10,2021-05-10,,"Game Night","Game Night",https://www.imdb.com/title/tt2704998/,Movie,6.9,100,2018,"Action, Adventure, Comedy, Crime, Mystery, Thriller",282346,2018-02-23,"John Francis Daley, Jonathan Goldstein",,
348,tt1478338,2021-05-10,2021-05-10,,"Bridesmaids","Bridesmaids",https://www.imdb.com/title/tt1478338/,Movie,6.8,125,2011,"Comedy",327459,2011-05-13,"Paul Feig",,
349,tt0395571,2021-05-15,2021-05-15,,"Hawking","Hawking",https://www.imdb.com/title/tt0395571/,TV Movie,7.4,90,2004,"Biography, Drama",6654,2004-04-13,"Philip Martin",9,2021-05-15
350,tt11937662,2021-05-27,2021-05-27,,"Control Z","Control Z",https://www.imdb.com/title/tt11937662/,TV Series,6.8,37,2020,"Drama, Thriller",12664,2020-05-22,,,
351,tt6712390,2021-05-30,2021-05-30,,"Requiem","Requiem",https://www.imdb.com/title/tt6712390/,TV Mini Series,6.4,60,2018,"Drama, Fantasy, Horror, Mystery, Thriller",7886,2018-02-02,,,
352,tt0144117,2021-05-30,2021-05-30,,"The Boondock Saints","The Boondock Saints",https://www.imdb.com/title/tt0144117/,Movie,7.6,108,1999,"Action, Crime, Thriller",263470,2000-01-21,"Troy Duffy",,
353,tt4695530,2021-05-30,2021-05-30,,"People of Earth","People of Earth",https://www.imdb.com/title/tt4695530/,TV Series,7.7,30,2016,"Comedy, Mystery, Sci-Fi",8638,2016-10-31,,,
354,tt4903242,2021-05-30,2021-05-30,,"The Detour","The Detour",https://www.imdb.com/title/tt4903242/,TV Series,7.7,30,2016,"Adventure, Comedy",8151,2016-04-11,,,
355,tt0112641,2021-05-30,2021-05-30,,"Casino","Casino",https://www.imdb.com/title/tt0112641/,Movie,8.2,178,1995,"Crime, Drama",625104,1995-11-22,"Martin Scorsese",,
356,tt0119488,2021-05-30,2021-05-30,,"L.A. Confidential","L.A. Confidential",https://www.imdb.com/title/tt0119488/,Movie,8.2,138,1997,"Crime, Drama, Mystery, Thriller",661659,1997-09-19,"Curtis Hanson",,
357,tt0118694,2021-05-31,2021-05-31,,"In the Mood for Love","Fa yeung nin wah",https://www.imdb.com/title/tt0118694/,Movie,8.0,98,2000,"Drama, Romance",190470,2001-03-09,"Wong Kar-Wai",,
358,tt0293416,2021-05-31,2021-05-31,,"Metropolis","Metoroporisu",https://www.imdb.com/title/tt0293416/,Movie,7.2,108,2001,"Animation, Adventure, Drama, Sci-Fi",24073,2002-01-25,"Rintarō",,
359,tt0113799,2021-05-31,2021-05-31,,"Memories","Memories",https://www.imdb.com/title/tt0113799/,Movie,7.5,113,1995,"Animation, Drama, Horror, Sci-Fi, Thriller",26375,1995-12-23,"Katsuhiro Ōtomo, Kōji Morimoto, Tensai Okamura",,
360,tt0348121,2021-05-31,2021-05-31,,"Steamboy","Suchîmubôi",https://www.imdb.com/title/tt0348121/,Movie,6.8,126,2004,"Animation, Action, Adventure, Fantasy, Sci-Fi, Thriller",19823,2005-03-18,"Katsuhiro Ōtomo",,
361,tt0185481,2021-05-31,2021-05-31,,"Neo Tokyo","Meikyû monogatari",https://www.imdb.com/title/tt0185481/,Movie,7.0,50,1987,"Animation, Adventure, Fantasy, Horror, Sci-Fi, Sport",5019,1992-11-20,"Yoshiaki Kawajiri, Rintarō, Katsuhiro Ōtomo",,
362,tt0347246,2021-05-31,2021-05-31,,"Ghost in the Shell 2: Innocence","Innocence",https://www.imdb.com/title/tt0347246/,Movie,7.4,100,2004,"Animation, Drama, Mystery, Sci-Fi, Thriller",42950,2004-09-24,"Mamoru Oshii",,
363,tt3148266,2021-05-31,2021-05-31,,"12 Monkeys","12 Monkeys",https://www.imdb.com/title/tt3148266/,TV Series,7.7,42,2015,"Adventure, Drama, Mystery, Sci-Fi, Thriller",54119,2015-01-16,,,
364,tt5651844,2021-05-31,2021-05-31,,"Travelers","Travelers",https://www.imdb.com/title/tt5651844/,TV Series,8.0,45,2016,"Drama, Mystery, Sci-Fi, Thriller",72882,2016-10-17,,,
365,tt10155688,2021-06-04,2021-06-04,,"Mare of Easttown","Mare of Easttown",https://www.imdb.com/title/tt10155688/,TV Mini Series,8.4,60,2021,"Crime, Drama, Mystery",225356,2021-04-18,,,
366,tt2581458,2021-06-04,2021-06-04,,"Looking","Looking",https://www.imdb.com/title/tt2581458/,TV Series,8.2,30,2014,"Comedy, Drama, Romance",23785,2014-01-19,,,
367,tt3647998,2021-06-27,2021-06-27,,"Taboo","Taboo",https://www.imdb.com/title/tt3647998/,TV Series,8.3,60,2017,"Drama, Mystery, Thriller",164270,2017-01-10,,,
368,tt1366321,2021-06-27,2021-06-27,,"The Take","The Take",https://www.imdb.com/title/tt1366321/,TV Mini Series,7.7,36,2009,"Crime, Drama, Thriller",10161,2009-06-16,,,
369,tt0183649,2021-06-27,2021-06-27,,"Phone Booth","Phone Booth",https://www.imdb.com/title/tt0183649/,Movie,7.1,81,2002,"Crime, Thriller",303225,2003-04-04,"Joel Schumacher",,
370,tt10875696,2021-07-05,2021-07-05,,"Marianne","Marianne",https://www.imdb.com/title/tt10875696/,TV Series,7.3,50,2019,"Drama, Horror, Mystery, Thriller",22669,2019-09-13,,,
371,tt0372824,2021-07-16,2021-07-16,,"The Chorus","Les choristes",https://www.imdb.com/title/tt0372824/,Movie,7.9,97,2004,"Drama, Music",72548,2004-03-17,"Christophe Barratier",,
372,tt0096928,2021-07-16,2021-07-16,,"Bill & Ted's Excellent Adventure","Bill & Ted's Excellent Adventure",https://www.imdb.com/title/tt0096928/,Movie,6.9,90,1989,"Adventure, Comedy, Music, Romance, Sci-Fi",150459,1989-02-17,"Stephen Herek",,
373,tt0086200,2021-07-16,2021-07-16,,"Risky Business","Risky Business",https://www.imdb.com/title/tt0086200/,Movie,6.8,99,1983,"Comedy, Crime, Drama, Romance",109049,1983-08-05,"Paul Brickman",,
374,tt0097493,2021-07-16,2021-07-16,,"Heathers","Heathers",https://www.imdb.com/title/tt0097493/,Movie,7.1,103,1989,"Comedy, Crime",127033,1989-03-31,"Michael Lehmann",,
375,tt0098258,2021-07-16,2021-07-16,,"Say Anything","Say Anything...",https://www.imdb.com/title/tt0098258/,Movie,7.3,100,1989,"Comedy, Drama, Romance",103521,1989-04-14,"Cameron Crowe",,
376,tt0083929,2021-07-16,2021-07-16,,"Fast Times at Ridgemont High","Fast Times at Ridgemont High",https://www.imdb.com/title/tt0083929/,Movie,7.1,90,1982,"Comedy, Drama",125898,1982-08-13,"Amy Heckerling",,
377,tt0091042,2021-07-16,2021-07-16,,"Ferris Bueller's Day Off","Ferris Bueller's Day Off",https://www.imdb.com/title/tt0091042/,Movie,7.8,103,1986,"Comedy",419058,1986-06-11,"John Hughes",,
378,tt0088128,2021-07-16,2021-07-16,,"Sixteen Candles","Sixteen Candles",https://www.imdb.com/title/tt0088128/,Movie,7.0,93,1984,"Comedy, Romance",136098,1984-05-04,"John Hughes",,
379,tt0092513,2021-07-16,2021-07-16,,"Adventures in Babysitting","Adventures in Babysitting",https://www.imdb.com/title/tt0092513/,Movie,7.0,102,1987,"Adventure, Comedy, Crime, Romance",54641,1987-07-03,"Chris Columbus",,
380,tt0087363,2021-07-16,2021-07-16,,"Gremlins","Gremlins",https://www.imdb.com/title/tt0087363/,Movie,7.3,106,1984,"Comedy, Fantasy, Horror",276325,1984-06-08,"Joe Dante",,
381,tt0087332,2021-07-16,2021-07-16,,"Ghostbusters","Ghostbusters",https://www.imdb.com/title/tt0087332/,Movie,7.8,105,1984,"Action, Comedy, Fantasy, Sci-Fi",489096,1984-06-08,"Ivan Reitman",,
382,tt0086066,2021-07-16,2021-07-16,,"The Outsiders","The Outsiders",https://www.imdb.com/title/tt0086066/,Movie,7.0,91,1983,"Crime, Drama",110644,1983-03-25,"Francis Ford Coppola",,
383,tt0093565,2021-07-16,2021-07-16,,"Moonstruck","Moonstruck",https://www.imdb.com/title/tt0093565/,Movie,7.2,102,1987,"Comedy, Drama, Romance",78806,1988-01-15,"Norman Jewison",,
384,tt0454945,2021-07-16,2021-07-16,,"She's the Man","She's the Man",https://www.imdb.com/title/tt0454945/,Movie,6.4,105,2006,"Comedy, Romance, Sport",195499,2006-03-17,"Andy Fickman",,
385,tt0433400,2021-07-16,2021-07-16,,"Just Friends","Just Friends",https://www.imdb.com/title/tt0433400/,Movie,6.2,96,2005,"Comedy, Romance",136229,2005-11-23,"Roger Kumble",,
386,tt0800039,2021-07-16,2021-07-16,,"Forgetting Sarah Marshall","Forgetting Sarah Marshall",https://www.imdb.com/title/tt0800039/,Movie,7.1,111,2008,"Comedy, Drama, Romance",321394,2008-04-18,"Nicholas Stoller",,
387,tt0119738,2021-07-16,2021-07-16,,"My Best Friend's Wedding","My Best Friend's Wedding",https://www.imdb.com/title/tt0119738/,Movie,6.4,105,1997,"Comedy, Drama, Romance",168115,1997-06-20,"P.J. Hogan",,
388,tt0094898,2021-07-16,2021-07-16,,"Coming to America","Coming to America",https://www.imdb.com/title/tt0094898/,Movie,7.1,117,1988,"Comedy, Romance",241504,1988-06-29,"John Landis",,
389,tt0120888,2021-07-16,2021-07-16,,"The Wedding Singer","The Wedding Singer",https://www.imdb.com/title/tt0120888/,Movie,6.9,97,1998,"Comedy, Music, Romance",174569,1998-02-13,"Frank Coraci",,
390,tt0343660,2021-07-16,2021-07-16,,"50 First Dates","50 First Dates",https://www.imdb.com/title/tt0343660/,Movie,6.8,99,2004,"Comedy, Drama, Romance",418876,2004-02-13,"Peter Segal",,
391,tt2452244,2021-07-16,2021-07-16,,"Isn't It Romantic","Isn't It Romantic",https://www.imdb.com/title/tt2452244/,Movie,5.9,89,2019,"Comedy, Fantasy, Musical, Romance",77488,2019-02-13,"Todd Strauss-Schulson",,
392,tt0988595,2021-07-16,2021-07-16,,"27 Dresses","27 Dresses",https://www.imdb.com/title/tt0988595/,Movie,6.1,111,2008,"Comedy, Romance",193308,2008-01-18,"Anne Fletcher",,
393,tt0259446,2021-07-16,2021-07-16,,"My Big Fat Greek Wedding","My Big Fat Greek Wedding",https://www.imdb.com/title/tt0259446/,Movie,6.6,95,2002,"Comedy, Drama, Romance",151904,2002-08-02,"Joel Zwick",,
394,tt0133751,2021-07-16,2021-07-16,,"The Faculty","The Faculty",https://www.imdb.com/title/tt0133751/,Movie,6.6,104,1998,"Horror, Mystery, Sci-Fi",148891,1998-12-25,"Robert Rodriguez",,
395,tt0127723,2021-07-16,2021-07-16,,"Can't Hardly Wait","Can't Hardly Wait",https://www.imdb.com/title/tt0127723/,Movie,6.5,100,1998,"Comedy, Romance",57675,1998-06-12,"Harry Elfont, Deborah Kaplan",,
396,tt0117571,2021-07-16,2021-07-16,,"Scream","Scream",https://www.imdb.com/title/tt0117571/,Movie,7.4,111,1996,"Horror, Mystery",450839,1996-12-20,"Wes Craven",,
397,tt0087800,2021-07-16,2021-07-16,,"A Nightmare on Elm Street","A Nightmare on Elm Street",https://www.imdb.com/title/tt0087800/,Movie,7.4,91,1984,"Horror",293472,1984-11-16,"Wes Craven",,
398,tt0119345,2021-07-16,2021-07-16,,"I Know What You Did Last Summer","I Know What You Did Last Summer",https://www.imdb.com/title/tt0119345/,Movie,5.9,101,1997,"Horror, Mystery",182367,1997-10-17,"Jim Gillespie",,
399,tt0115963,2021-07-16,2021-07-16,,"The Craft","The Craft",https://www.imdb.com/title/tt0115963/,Movie,6.5,101,1996,"Drama, Fantasy, Horror, Thriller",120131,1996-05-03,"Andrew Fleming",,
400,tt0350258,2021-08-02,2021-08-02,,"Ray","Ray",https://www.imdb.com/title/tt0350258/,Movie,7.7,152,2004,"Biography, Drama, Music",166729,2004-10-29,"Taylor Hackford",,
401,tt0104797,2021-08-02,2021-08-02,,"Malcolm X","Malcolm X",https://www.imdb.com/title/tt0104797/,Movie,7.7,202,1992,"Biography, Drama, History",112014,1992-11-18,"Spike Lee",,
402,tt0346631,2021-08-05,2021-08-05,,"Blood and Bone","Blood and Bone",https://www.imdb.com/title/tt0346631/,Movie,6.7,93,2009,"Action, Crime, Drama, Thriller",38447,2009-09-20,"Ben Ramsey",,
403,tt11116204,2021-08-07,2021-08-07,,"United States of Al","United States of Al",https://www.imdb.com/title/tt11116204/,TV Series,6.6,30,2021,"Comedy",3931,2021-04-01,,,
404,tt14976292,2021-08-09,2021-08-09,,"Link Click","Shi Guang Dai Li Ren",https://www.imdb.com/title/tt14976292/,TV Series,8.5,24,2021,"Animation, Crime, Drama, Fantasy, Mystery, Sci-Fi",7599,2021-04-30,,,
405,tt5864184,2021-08-13,2021-08-13,,"Lapataganj","Lapataganj",https://www.imdb.com/title/tt5864184/,TV Series,8.0,,2009,"Comedy",477,2009-10-26,,,
406,tt0292829,2021-08-13,2021-08-13,,"Office Office","Office Office",https://www.imdb.com/title/tt0292829/,TV Series,8.8,,2000,"Comedy",2642,2000,,,
407,tt8416494,2021-08-13,2021-08-13,,"Doom Patrol","Doom Patrol",https://www.imdb.com/title/tt8416494/,TV Series,7.7,60,2019,"Action, Adventure, Comedy, Drama, Fantasy, Mystery, Sci-Fi",63873,2019-02-15,,,
408,tt0108937,2021-08-13,2021-08-13,,"Space Ghost Coast to Coast","Space Ghost Coast to Coast",https://www.imdb.com/title/tt0108937/,TV Series,7.9,15,1993,"Animation, Comedy, Sci-Fi, Talk-Show",8378,1994-04-15,,,
409,tt4953128,2021-08-13,2021-08-13,,"Animals.","Animals.",https://www.imdb.com/title/tt4953128/,TV Series,7.3,30,2016,"Animation, Comedy",4701,2016-02-05,,,
410,tt11161474,2021-08-17,2021-08-17,,"Pieces of a Woman","Pieces of a Woman",https://www.imdb.com/title/tt11161474/,Movie,7.0,126,2020,"Drama",60517,2021-01-07,"Kornél Mundruczó",,
411,tt0237123,2021-09-09,2021-09-09,,"Coupling","Coupling",https://www.imdb.com/title/tt0237123/,TV Series,8.5,30,2000,"Comedy, Romance",50437,2001-09-01,,,
412,tt2699128,2021-09-20,2021-09-20,,"The Leftovers","The Leftovers",https://www.imdb.com/title/tt2699128/,TV Series,8.3,60,2014,"Drama, Fantasy, Mystery, Thriller",133093,2014-06-29,,,
413,tt0411008,2021-09-20,2021-09-20,,"Lost","Lost",https://www.imdb.com/title/tt0411008/,TV Series,8.3,45,2004,"Adventure, Drama, Fantasy, Mystery, Sci-Fi, Thriller",678585,2004-09-22,,,
414,tt0306414,2021-09-20,2021-09-20,,"The Wire","The Wire",https://www.imdb.com/title/tt0306414/,TV Series,9.3,60,2002,"Crime, Drama, Thriller",436111,2002-06-02,,,
415,tt0420293,2021-09-20,2021-09-20,,"The Stanford Prison Experiment","The Stanford Prison Experiment",https://www.imdb.com/title/tt0420293/,Movie,6.8,122,2015,"Biography, Drama, History, Thriller",48277,2015-07-17,"Kyle Patrick Alvarez",,
416,tt1454029,2021-09-21,2021-09-21,,"The Help","The Help",https://www.imdb.com/title/tt1454029/,Movie,8.1,146,2011,"Drama",531271,2011-08-10,"Tate Taylor",,
417,tt3361792,2021-09-22,2021-09-22,,"Tolkien","Tolkien",https://www.imdb.com/title/tt3361792/,Movie,6.8,112,2019,"Biography, Drama, Romance, War",51716,2019-05-10,"Dome Karukoski",,
418,tt1120985,2021-09-24,2021-09-24,,"Blue Valentine","Blue Valentine",https://www.imdb.com/title/tt1120985/,Movie,7.3,112,2010,"Drama, Romance",227602,2011-01-28,"Derek Cianfrance",,
419,tt7775622,2021-09-24,2021-09-24,,"Free Solo","Free Solo",https://www.imdb.com/title/tt7775622/,Movie,8.1,100,2018,"Documentary, Adventure, Sport",88208,2018-12-13,"Jimmy Chin, Elizabeth Chai Vasarhelyi",,
420,tt0332452,2021-09-26,2021-09-26,,"Troy","Troy",https://www.imdb.com/title/tt0332452/,Movie,7.3,163,2004,"Action, Adventure",640209,2004-05-14,"Wolfgang Petersen",,
421,tt5562056,2021-10-03,2021-10-03,,"Easy","Easy",https://www.imdb.com/title/tt5562056/,TV Series,6.9,30,2016,"Comedy, Drama",16287,2016-09-22,,,
422,tt0821640,2021-10-23,2021-10-23,,"Ghosts of Girlfriends Past","Ghosts of Girlfriends Past",https://www.imdb.com/title/tt0821640/,Movie,5.8,100,2009,"Comedy, Fantasy, Romance",100570,2009-05-01,"Mark Waters",,
423,tt14935960,2021-10-31,2021-10-31,,"Takt Op. Destiny","Takt Op. Destiny",https://www.imdb.com/title/tt14935960/,TV Series,6.7,24,2021,"Animation, Action, Adventure, Fantasy, Music",2673,2021-10-06,,,
424,tt14061838,2021-10-31,2021-10-31,,"The World's Finest Assassin Gets Reincarnated in Another World as an Aristocrat","Sekai Saikou no Ansatsusha, Isekai Kizoku ni Tensei Suru",https://www.imdb.com/title/tt14061838/,TV Series,7.3,24,2021,"Animation, Action, Fantasy",5806,2021-10-06,,,
425,tt14626352,2021-10-31,2021-10-31,,"Komi Can't Communicate","Komi-san wa, Komyushou Desu.",https://www.imdb.com/title/tt14626352/,TV Series,7.6,24,2021,"Animation, Comedy, Drama, Romance",13637,2021-10-21,,,
426,tt14476244,2021-10-31,2021-10-31,,"The Faraway Paladin","Saihate no Paladin",https://www.imdb.com/title/tt14476244/,TV Series,6.8,23,2021,"Animation, Adventure, Drama, Fantasy",2124,2021-10-09,,,
427,tt13676300,2021-10-31,2021-10-31,,"Platinum End","Platinum End",https://www.imdb.com/title/tt13676300/,TV Series,6.0,24,2021,"Animation, Action, Drama, Fantasy, Thriller",2501,2021-10-08,,,
428,tt14115912,2021-10-31,2021-10-31,,"Blue Period","Blue Period",https://www.imdb.com/title/tt14115912/,TV Mini Series,7.6,24,2021,"Animation, Drama",5237,2021-09-25,,,
429,tt3352248,2021-11-09,2021-11-09,,"Butch Walker and the Black Widows: Synthesizers","Butch Walker and the Black Widows: Synthesizers",https://www.imdb.com/title/tt3352248/,Music Video,7.2,5,2012,"Comedy, Music",491,2012,"Shane Ryan Valdez",,
430,tt1204342,2021-11-23,2021-11-23,,"The Muppets","The Muppets",https://www.imdb.com/title/tt1204342/,Movie,7.1,103,2011,"Adventure, Comedy, Family, Musical",101403,2011-11-23,"James Bobin",,
431,tt0314331,2021-11-25,2021-11-25,,"Love Actually","Love Actually",https://www.imdb.com/title/tt0314331/,Movie,7.5,135,2003,"Comedy, Drama, Romance",582843,2003-11-14,"Richard Curtis",,
432,tt15677070,2021-12-12,2021-12-12,,"Voir","Voir",https://www.imdb.com/title/tt15677070/,TV Series,6.8,20,2021,"Documentary",1850,2021-12-06,,,
433,tt0083658,2021-12-16,2021-12-16,,"Blade Runner","Blade Runner",https://www.imdb.com/title/tt0083658/,Movie,8.1,117,1982,"Action, Drama, Sci-Fi, Thriller",887388,1982-06-25,"Ridley Scott",,
434,tt13658474,2021-12-16,2021-12-16,,"Blackout","Blackout",https://www.imdb.com/title/tt13658474/,Podcast Series,7.5,,2019,"Drama",405,2019-03-19,,,
435,tt3471822,2021-12-16,2021-12-16,,"The Master: Deleted Scenes - Back Beyond","The Master: Deleted Scenes - Back Beyond",https://www.imdb.com/title/tt3471822/,Video,8.1,20,2013,"Short",803,2013-02-26,,,
436,tt1185616,2021-12-28,2021-12-28,,"Waltz with Bashir","Vals Im Bashir",https://www.imdb.com/title/tt1185616/,Movie,8.0,90,2008,"Documentary, Animation, Biography, Drama, History, Mystery, War",62855,2008-06-12,"Ari Folman",,
437,tt1817287,2021-12-28,2021-12-28,,"Is the Man Who Is Tall Happy?","Is the Man Who Is Tall Happy?: An Animated Conversation with Noam Chomsky",https://www.imdb.com/title/tt1817287/,Movie,7.1,88,2013,"Documentary, Animation, Biography",3803,2013-11-25,"Michel Gondry",,
438,tt0414469,2021-12-28,2021-12-28,,"Ryan","Ryan",https://www.imdb.com/title/tt0414469/,Short,7.5,14,2004,"Documentary, Animation, Short, Biography, Drama, Fantasy",3164,2013-10-28,"Chris Landreth",,
439,tt12143434,2021-12-28,2021-12-28,,"Just a Guy","Just a Guy",https://www.imdb.com/title/tt12143434/,Short,6.8,15,2020,"Documentary, Animation, Short, Crime",136,2020-04-30,"Shoko Hara",,
440,tt5424802,2021-12-28,2021-12-28,,"The Shining Star of Losers Everywhere","The Shining Star of Losers Everywhere",https://www.imdb.com/title/tt5424802/,Short,7.7,19,2016,"Documentary, Animation, Short, Biography, Sport",127,2016-01,"Mickey Duzyj",,
441,tt0060196,2021-12-31,2021-12-31,,"The Good, the Bad and the Ugly","Il buono, il brutto, il cattivo",https://www.imdb.com/title/tt0060196/,Movie,8.8,178,1966,"Adventure, Drama, Western",896755,1967-12-29,"Sergio Leone",,
442,tt0388795,2021-12-31,2021-12-31,,"Brokeback Mountain","Brokeback Mountain",https://www.imdb.com/title/tt0388795/,Movie,7.7,134,2005,"Drama, Romance",420442,2006-01-13,"Ang Lee",,
443,tt3967856,2021-12-31,2021-12-31,,"Okja","Okja",https://www.imdb.com/title/tt3967856/,Movie,7.3,120,2017,"Action, Adventure, Drama, Sci-Fi",142790,2017-06-28,"Bong Joon Ho",,
444,tt4550098,2021-12-31,2021-12-31,,"Nocturnal Animals","Nocturnal Animals",https://www.imdb.com/title/tt4550098/,Movie,7.4,116,2016,"Drama, Thriller",341129,2016-12-09,"Tom Ford",,
445,tt2719848,2021-12-31,2021-12-31,,"Everest","Everest",https://www.imdb.com/title/tt2719848/,Movie,7.1,121,2015,"Adventure, Biography, Drama, Thriller",248711,2015-09-25,"Baltasar Kormákur",,
446,tt1855199,2021-12-31,2021-12-31,,"End of Watch","End of Watch",https://www.imdb.com/title/tt1855199/,Movie,7.6,109,2012,"Action, Crime, Drama, Thriller",294552,2012-09-21,"David Ayer",,
447,tt0765010,2021-12-31,2021-12-31,,"Brothers","Brothers",https://www.imdb.com/title/tt0765010/,Movie,7.1,105,2009,"Drama, Thriller, War",175263,2009-12-04,"Jim Sheridan",,
448,tt1360860,2022-01-11,2022-01-11,,"About Elly","Darbareye Elly",https://www.imdb.com/title/tt1360860/,Movie,7.9,119,2009,"Drama, Mystery",61417,2009-06-06,"Asghar Farhadi",,
449,tt0790636,2022-01-11,2022-01-11,,"Dallas Buyers Club","Dallas Buyers Club",https://www.imdb.com/title/tt0790636/,Movie,7.9,117,2013,"Biography, Drama",551168,2013-11-22,"Jean-Marc Vallée",,
450,tt0085743,2022-01-14,2022-01-14,,"Jaane Bhi Do Yaaro","Jaane Bhi Do Yaaro",https://www.imdb.com/title/tt0085743/,Movie,8.3,132,1983,"Comedy, Crime, Drama",17958,1983-08-12,"Kundan Shah",,
451,tt0071360,2022-01-23,2022-01-23,,"The Conversation","The Conversation",https://www.imdb.com/title/tt0071360/,Movie,7.7,113,1974,"Drama, Mystery, Thriller",136954,1974-04-12,"Francis Ford Coppola",,
452,tt0095631,2022-01-23,2022-01-23,,"Midnight Run","Midnight Run",https://www.imdb.com/title/tt0095631/,Movie,7.5,126,1988,"Action, Comedy, Crime, Thriller",104636,1988-07-20,"Martin Brest",,
453,tt0078754,2022-01-23,2022-01-23,,"All That Jazz","All That Jazz",https://www.imdb.com/title/tt0078754/,Movie,7.8,123,1979,"Drama, Music, Musical",41013,1979-12-20,"Bob Fosse",,
454,tt0074958,2022-01-23,2022-01-23,,"Network","Network",https://www.imdb.com/title/tt0074958/,Movie,8.1,121,1976,"Drama",186912,1976-11-27,"Sidney Lumet",,
455,tt0079336,2022-01-23,2022-01-23,,"The In-Laws","The In-Laws",https://www.imdb.com/title/tt0079336/,Movie,7.3,103,1979,"Action, Adventure, Comedy, Crime, Thriller",11170,1979-09-12,"Arthur Hiller",,
456,tt0151568,2022-01-23,2022-01-23,,"Topsy-Turvy","Topsy-Turvy",https://www.imdb.com/title/tt0151568/,Movie,7.3,160,1999,"Biography, Comedy, Drama, History, Musical",14304,2000-02-11,"Mike Leigh",,
457,tt0107653,2022-01-23,2022-01-23,,"Naked","Naked",https://www.imdb.com/title/tt0107653/,Movie,7.6,131,1993,"Comedy, Drama",49158,1994-02-04,"Mike Leigh",,
458,tt0086879,2022-01-23,2022-01-23,,"Amadeus","Amadeus",https://www.imdb.com/title/tt0086879/,Movie,8.4,160,1984,"Biography, Drama, Music",471480,1984-09-19,"Miloš Forman",,
459,tt0109707,2022-01-23,2022-01-23,,"Ed Wood","Ed Wood",https://www.imdb.com/title/tt0109707/,Movie,7.8,127,1994,"Biography, Comedy, Drama",190691,1994-10-07,"Tim Burton",,
460,tt0221027,2022-01-23,2022-01-23,,"Blow","Blow",https://www.imdb.com/title/tt0221027/,Movie,7.5,124,2001,"Biography, Crime, Drama",288457,2001-04-06,"Ted Demme",,
461,tt3717068,2022-01-23,2022-01-23,,"Court","Court",https://www.imdb.com/title/tt3717068/,Movie,7.6,116,2014,"Drama",5791,2015-04-17,"Chaitanya Tamhane",,
462,tt0187115,2022-01-23,2022-01-23,,"Kshana Kshanam","Kshana Kshanam",https://www.imdb.com/title/tt0187115/,Movie,8.1,158,1991,"Comedy, Crime, Drama, Thriller",2182,1991-10-09,"Ram Gopal Varma",,
463,tt8291806,2022-01-23,2022-01-23,,"Pain and Glory","Dolor y gloria",https://www.imdb.com/title/tt8291806/,Movie,7.5,113,2019,"Drama",67554,2019-10-04,"Pedro Almodóvar",,
464,tt0102685,2022-01-23,2022-01-23,,"Point Break","Point Break",https://www.imdb.com/title/tt0102685/,Movie,7.3,122,1991,"Action, Crime, Thriller",228044,1991-07-12,"Kathryn Bigelow",,
465,tt0042192,2022-01-23,2022-01-23,,"All About Eve","All About Eve",https://www.imdb.com/title/tt0042192/,Movie,8.2,138,1950,"Drama",150110,1950-10-27,"Joseph L. Mankiewicz",,
466,tt3566726,2022-01-23,2022-01-23,,"Jane the Virgin","Jane the Virgin",https://www.imdb.com/title/tt3566726/,TV Series,7.8,60,2014,"Comedy, Drama",64863,2014-10-13,,,
467,tt2372162,2022-01-23,2022-01-23,,"Orange Is the New Black","Orange Is the New Black",https://www.imdb.com/title/tt2372162/,TV Series,8.0,60,2013,"Comedy, Crime, Drama",337719,2013-07-11,,,
468,tt9098872,2022-01-24,2022-01-24,,"The Rescue","The Rescue",https://www.imdb.com/title/tt9098872/,Movie,8.3,107,2021,"Documentary, Action, Mystery, Thriller",23801,2021-10-08,"Jimmy Chin, Elizabeth Chai Vasarhelyi",,
469,tt0425210,2022-01-26,2022-01-26,,"Lucky Number Slevin","Lucky Number Slevin",https://www.imdb.com/title/tt0425210/,Movie,7.7,110,2006,"Crime, Drama, Thriller",340467,2006-04-07,"Paul McGuigan",,
470,tt0057345,2022-01-26,2022-01-26,,"Contempt","Le Mépris",https://www.imdb.com/title/tt0057345/,Movie,7.4,102,1963,"Drama, Romance",39559,1964-12-18,"Jean-Luc Godard",,
471,tt0019415,2022-01-26,2022-01-26,,"Spies","Spione",https://www.imdb.com/title/tt0019415/,Movie,7.5,150,1928,"Romance, Thriller",4372,1929-03-10,"Fritz Lang",,
472,tt0022100,2022-01-26,2022-01-26,,"M","M - Eine Stadt sucht einen Mörder",https://www.imdb.com/title/tt0022100/,Movie,8.3,99,1931,"Crime, Mystery, Thriller",183820,1931-08-31,"Fritz Lang",,
473,tt0070246,2022-01-26,2022-01-26,,"Battles Without Honor and Humanity","Jingi naki tatakai",https://www.imdb.com/title/tt0070246/,Movie,7.4,99,1973,"Crime, Drama",4855,1973-01-13,"Kinji Fukasaku",,
474,tt0051808,2022-01-26,2022-01-26,,"The Hidden Fortress","Kakushi-toride no san-akunin",https://www.imdb.com/title/tt0051808/,Movie,8.0,126,1958,"Adventure, Drama",46191,1960-10-06,"Akira Kurosawa",,
475,tt0089881,2022-01-26,2022-01-26,,"Ran","Ran",https://www.imdb.com/title/tt0089881/,Movie,8.2,160,1985,"Action, Drama, War",153662,1985-06-01,"Akira Kurosawa",,
476,tt0092020,2022-01-26,2022-01-26,,"Street of Crocodiles","Street of Crocodiles",https://www.imdb.com/title/tt0092020/,Short,7.6,20,1986,"Animation, Short",3366,1986-07,"Stephen Quay, Timothy Quay",,
477,tt10883760,2022-01-26,2022-01-26,,"The Doll's Breath","The Doll's Breath",https://www.imdb.com/title/tt10883760/,Short,4.5,21,2019,"Animation, Short",78,2019-09-11,"Stephen Quay, Timothy Quay",,
478,tt13651628,2022-01-27,2022-01-27,,"Belle","Ryû to sobakasu no hime",https://www.imdb.com/title/tt13651628/,Movie,7.0,121,2021,"Animation, Adventure, Drama, Family, Fantasy, Music, Musical, Sci-Fi",20791,2022-01-14,"Mamoru Hosoda",,
479,tt11125820,2022-01-29,2022-01-29,,"The Great 14th: Tenzin Gyatso, the 14th Dalai Lama in His Own Words","The Great 14th: Tenzin Gyatso, the 14th Dalai Lama in His Own Words",https://www.imdb.com/title/tt11125820/,Movie,9.0,82,2023,"Documentary",187,2023-12-08,"Rosemary Rawcliffe",,
480,tt2085746,2022-02-06,2022-02-06,,"Alms for a Blind Horse","Anhey gorhey da daan",https://www.imdb.com/title/tt2085746/,Movie,7.4,112,2011,"Drama",2857,2012-08-22,"Gurvinder Singh",,
481,tt11142962,2022-02-06,2022-02-06,,"Bitter Chestnut","Khanaur",https://www.imdb.com/title/tt11142962/,Movie,7.0,100,2019,"Drama",36,2021-04-16,"Gurvinder Singh",,
482,tt0783233,2022-02-06,2022-02-06,,"Atonement","Atonement",https://www.imdb.com/title/tt0783233/,Movie,7.8,123,2007,"Drama, Mystery, Romance, War",332172,2008-01-11,"Joe Wright",,
483,tt0455590,2022-02-06,2022-02-06,,"The Last King of Scotland","The Last King of Scotland",https://www.imdb.com/title/tt0455590/,Movie,7.6,123,2006,"Biography, Drama, History, Thriller",206735,2007-01-19,"Kevin Macdonald",,
484,tt5607976,2022-02-06,2022-02-06,,"His Dark Materials","His Dark Materials",https://www.imdb.com/title/tt5607976/,TV Series,7.7,60,2019,"Adventure, Drama, Fantasy, Sci-Fi",95350,2019-11-04,,,
485,tt15465196,2022-02-08,2022-02-08,,"Into Dust","Into Dust",https://www.imdb.com/title/tt15465196/,Short,7.9,40,2021,"Short, Biography, Crime, Drama",39,2021-08-24,"Orlando von Einsiedel",,
486,tt11536494,2022-02-08,2022-02-08,,"Mai Hero Boll Raha Hu","Mai Hero Boll Raha Hu",https://www.imdb.com/title/tt11536494/,TV Series,6.5,,2021,"Action, Thriller",2094,2021-04-20,,,
487,tt0331639,2022-02-08,2022-02-08,,"Shakthi: The Power","Shakthi: The Power",https://www.imdb.com/title/tt0331639/,Movie,6.1,170,2002,"Action, Drama, Thriller",5784,2002-09-20,"Krishna Vamsi",,
488,tt0189492,2022-02-08,2022-02-08,,"Dushman","Dushman",https://www.imdb.com/title/tt0189492/,Movie,6.8,145,1998,"Action, Crime, Drama, Romance, Thriller",2444,1998-05-29,"Tanuja Chandra",,
489,tt0070434,2022-02-13,2022-02-13,,"Namak Haraam","Namak Haraam",https://www.imdb.com/title/tt0070434/,Movie,7.2,146,1973,"Drama",1957,1973-11-23,"Hrishikesh Mukherjee",,
490,tt0118931,2022-02-13,2022-02-13,,"Daud: Fun on the Run","Daud: Fun on the Run",https://www.imdb.com/title/tt0118931/,Movie,5.9,180,1997,"Action, Adventure, Comedy, Romance, Thriller",1344,1997-08-22,"Ram Gopal Varma",,
491,tt0047478,2022-02-13,2022-02-13,,"Seven Samurai","Shichinin no samurai",https://www.imdb.com/title/tt0047478/,Movie,8.6,207,1954,"Action, Drama",404299,1956-11-19,"Akira Kurosawa",,
492,tt0215517,2022-02-13,2022-02-13,,"Angoor","Angoor",https://www.imdb.com/title/tt0215517/,Movie,8.3,131,1982,"Comedy",6336,1982-03-05,"Gulzar",,
493,tt0093603,2022-02-13,2022-02-13,,"Nayakan","Nayakan",https://www.imdb.com/title/tt0093603/,Movie,8.6,145,1987,"Crime, Drama",28079,1987-10-21,"Mani Ratnam",,
494,tt0164538,2022-02-13,2022-02-13,,"Dil Se..","Dil Se..",https://www.imdb.com/title/tt0164538/,Movie,7.5,163,1998,"Drama, Romance",33641,1998-08-21,"Mani Ratnam",,
495,tt11394180,2022-03-06,2022-03-06,,"Dick Johnson Is Dead","Dick Johnson Is Dead",https://www.imdb.com/title/tt11394180/,Movie,7.4,89,2020,"Documentary, Biography, Drama",7694,2020-10-02,"Kirsten Johnson",,
496,tt0209463,2022-03-06,2022-03-06,,"The Wind Will Carry Us","Bad ma ra khahad bord",https://www.imdb.com/title/tt0209463/,Movie,7.4,118,1999,"Drama",14226,1999-11-24,"Abbas Kiarostami",,
497,tt0093342,2022-03-06,2022-03-06,,"Where Is the Friend's House?","Khane-ye doust kodjast?",https://www.imdb.com/title/tt0093342/,Movie,8.1,83,1987,"Adventure, Drama, Family",23390,1987,"Abbas Kiarostami",,
498,tt6135422,2022-03-06,2022-03-06,,"Take Me Home","Take Me Home",https://www.imdb.com/title/tt6135422/,Short,6.9,16,2016,"Short, Drama",235,2017-04-16,"Abbas Kiarostami",,
499,tt8983228,2022-03-13,2022-03-13,,"Jhund","Jhund",https://www.imdb.com/title/tt8983228/,Movie,7.4,176,2022,"Biography, Drama, Sport",26249,2022-03-04,"Nagraj Manjule",,
500,tt4699202,2022-03-13,2022-03-13,,"Gurgaon","Gurgaon",https://www.imdb.com/title/tt4699202/,Movie,6.4,107,2017,"Crime, Thriller",2643,2017-08-04,"Shanker Raman",,
501,tt11396226,2022-03-13,2022-03-13,,"Mudhal Nee Mudivum Nee","Mudhal Nee Mudivum Nee",https://www.imdb.com/title/tt11396226/,Movie,7.9,148,2022,"Drama, Fantasy, Romance",4275,2022-01-21,"Darbuka Siva",,
502,tt12091980,2022-03-13,2022-03-13,,"Thinkalazhcha Nishchayam","Thinkalazhcha Nishchayam",https://www.imdb.com/title/tt12091980/,Movie,7.7,109,2021,"Comedy, Drama, Romance",2564,2021-10-29,"Senna Hegde",,
503,tt0265343,2022-03-13,2022-03-13,,"Monsoon Wedding","Monsoon Wedding",https://www.imdb.com/title/tt0265343/,Movie,7.3,114,2001,"Comedy, Drama, Romance",26719,2002-04-26,"Mira Nair",,
504,tt11772600,2022-03-13,2022-03-13,,"Rocky","Rocky",https://www.imdb.com/title/tt11772600/,Movie,7.8,129,2021,"Action, Drama",1805,2021-12-23,"Arun Matheswaran",,
505,tt13868972,2022-03-13,2022-03-13,,"Rocket Boys","Rocket Boys",https://www.imdb.com/title/tt13868972/,TV Series,8.8,45,2022,"Biography, Drama, History",20631,2022-02-04,,,
506,tt10919240,2022-03-13,2022-03-13,,"Malik","Malik",https://www.imdb.com/title/tt10919240/,Movie,8.0,162,2021,"Action, Biography, Crime, Drama, Thriller",15290,2021-07-15,"Mahesh Narayanan",,
507,tt11953248,2022-03-13,2022-03-13,,"Garuda Gamana Vrishabha Vahana","Garuda Gamana Vrishabha Vahana",https://www.imdb.com/title/tt11953248/,Movie,8.2,151,2021,"Crime, Drama, Thriller",9388,2021-11-19,"Raj B. Shetty",,
508,tt13299890,2022-03-13,2022-03-13,,"The Great Indian Kitchen","The Great Indian Kitchen",https://www.imdb.com/title/tt13299890/,Movie,8.1,100,2021,"Comedy",11283,2021-01-15,"Jeo Baby",,
509,tt0085913,2022-03-13,2022-03-13,,"Masoom","Masoom",https://www.imdb.com/title/tt0085913/,Movie,8.3,165,1983,"Drama, Family",4780,1983-10-22,"Shekhar Kapur",,
510,tt8108268,2022-04-29,2022-04-29,,"The Tashkent Files","The Tashkent Files",https://www.imdb.com/title/tt8108268/,Movie,8.0,134,2019,"Drama, Mystery, Thriller",39432,2019-04-12,"Vivek Agnihotri",,
511,tt11423818,2022-04-29,2022-04-29,,"Pawankhind","Pawankhind",https://www.imdb.com/title/tt11423818/,Movie,8.3,153,2022,"Action, Drama, History, War",8348,2022-02-18,"Digpal Lanjekar",,
512,tt3581932,2022-05-05,2022-05-05,,"And Then There Were None","And Then There Were None",https://www.imdb.com/title/tt3581932/,TV Mini Series,7.8,57,2015,"Crime, Drama, Mystery, Thriller",49540,2015-12-26,,,
513,tt2198235,2022-05-23,2022-05-23,,"Monsoon Shootout","Monsoon Shootout",https://www.imdb.com/title/tt2198235/,Movie,6.7,92,2013,"Action, Crime, Drama, Thriller",1640,2017-12-15,"Amit Kumar",,
514,tt1934231,2022-05-24,2022-05-24,,"Delhi Belly","Delhi Belly",https://www.imdb.com/title/tt1934231/,Movie,7.6,103,2011,"Action, Comedy, Crime, Thriller",35192,2011-07-01,"Abhinay Deo",,
515,tt1266583,2022-05-24,2022-05-24,,"Mumbai Meri Jaan","Mumbai Meri Jaan",https://www.imdb.com/title/tt1266583/,Movie,7.7,134,2008,"Drama",6780,2008-08-22,"Nishikant Kamat",,
516,tt19818310,2022-06-04,2022-06-04,,"The King of Pigs","The King of Pigs",https://www.imdb.com/title/tt19818310/,TV Mini Series,7.9,55,2022,"Crime, Drama, Mystery, Thriller",1998,2022-03-18,,,
517,tt11976532,2022-08-16,2022-08-16,,"Vengeance","Vengeance",https://www.imdb.com/title/tt11976532/,Movie,6.8,107,2022,"Comedy, Music, Mystery, Thriller",42029,2022-07-29,"B.J. Novak",,
518,tt15533674,2022-09-01,2022-09-01,,"Akebi's Sailor Uniform","Akebi-chan no Sailor-fuku",https://www.imdb.com/title/tt15533674/,TV Series,7.2,24,2022,"Animation, Comedy, Drama",942,2022-01-09,,,
519,tt13956466,2022-09-01,2022-09-01,,"The Genius Prince's Guide to Raising a Nation Out of Debt","Tensai Ouji no Akaji Kokka Saiseijutsu",https://www.imdb.com/title/tt13956466/,TV Series,7.1,24,2022,"Animation, Comedy, Fantasy",1723,2022-08-23,,,
520,tt14187728,2022-09-01,2022-09-01,,"Rust-Eater Bisco","Sabikui Bisco",https://www.imdb.com/title/tt14187728/,TV Series,6.9,24,2022,"Animation, Action, Adventure, Fantasy, Sci-Fi",1309,2022-01-10,,,
521,tt13103134,2022-09-04,2022-09-04,,"Horimiya","Hori-san to Miyamura-kun",https://www.imdb.com/title/tt13103134/,TV Mini Series,8.0,24,2021,"Animation, Comedy, Drama, Romance",26530,2021-01-10,,,
522,tt0096633,2022-09-04,2022-09-04,,"Legend of the Galactic Heroes","Ginga Eiyuu Densetsu",https://www.imdb.com/title/tt0096633/,TV Series,9.0,25,1988,"Animation, Action, Drama, Sci-Fi, War",7252,1988-01-08,,,
523,tt0807832,2022-09-04,2022-09-04,,"Mushi-Shi","Mushishi",https://www.imdb.com/title/tt0807832/,TV Series,8.5,25,2005,"Animation, Drama, Fantasy, Horror, Mystery, Thriller",16371,2005-10-23,,,
524,tt13851958,2022-09-04,2022-09-04,,"Vivy: Fluorite Eye's Song","Vivy: Fluorite Eye's Song",https://www.imdb.com/title/tt13851958/,TV Mini Series,7.9,25,2021,"Animation, Action, Adventure, Drama, Music, Sci-Fi, Thriller",5408,2021-04-03,,,
525,tt13129190,2022-09-04,2022-09-04,,"SK8 the Infinity","SK8",https://www.imdb.com/title/tt13129190/,TV Series,8.0,,2021,"Animation, Adventure, Comedy, Sport",6807,2022-03-01,,,
526,tt0092890,2022-09-15,2022-09-15,,"Dirty Dancing","Dirty Dancing",https://www.imdb.com/title/tt0092890/,Movie,7.1,100,1987,"Drama, Music, Romance",282992,1987-08-21,"Emile Ardolino",,
527,tt2188671,2022-09-22,2022-09-22,,"Bates Motel","Bates Motel",https://www.imdb.com/title/tt2188671/,TV Series,8.1,45,2013,"Drama, Horror, Mystery, Thriller",126606,2013-03-18,,,
528,tt0289879,2022-10-18,2022-10-18,,"The Butterfly Effect","The Butterfly Effect",https://www.imdb.com/title/tt0289879/,Movie,7.6,113,2004,"Drama, Sci-Fi, Thriller",558802,2004-01-23,"Eric Bress, J. Mackye Gruber",,
529,tt5620076,2022-10-18,2022-10-18,,"Chance","Chance",https://www.imdb.com/title/tt5620076/,TV Series,7.5,60,2016,"Drama, Mystery, Thriller",11635,2016-10-19,,,
530,tt4975856,2022-10-18,2022-10-18,,"Future Man","Future Man",https://www.imdb.com/title/tt4975856/,TV Series,7.6,30,2017,"Action, Adventure, Comedy, Fantasy, Sci-Fi",34176,2017-11-14,,,
531,tt2703720,2022-10-23,2022-10-23,,"My Teen Romantic Comedy SNAFU","Yahari ore no seishun rabukome wa machigatteiru.",https://www.imdb.com/title/tt2703720/,TV Series,8.0,24,2013,"Animation, Comedy, Drama, Romance",13754,2013-04-05,,,
532,tt0061722,2022-10-25,2022-10-25,,"The Graduate","The Graduate",https://www.imdb.com/title/tt0061722/,Movie,8.0,106,1967,"Comedy, Drama, Romance",303202,1967-12-21,"Mike Nichols",,
533,tt0064665,2022-10-25,2022-10-25,,"Midnight Cowboy","Midnight Cowboy",https://www.imdb.com/title/tt0064665/,Movie,7.8,113,1969,"Drama",132249,1969-05-25,"John Schlesinger",,
534,tt0420223,2022-10-25,2022-10-25,,"Stranger Than Fiction","Stranger Than Fiction",https://www.imdb.com/title/tt0420223/,Movie,7.5,113,2006,"Comedy, Drama, Fantasy, Romance",246381,2006-11-10,"Marc Forster",,
535,tt1895587,2022-11-11,2022-11-11,,"Spotlight","Spotlight",https://www.imdb.com/title/tt1895587/,Movie,8.1,129,2015,"Biography, Crime, Drama",538809,2015-11-20,"Tom McCarthy",,
536,tt6966692,2022-11-11,2022-11-11,,"Green Book","Green Book",https://www.imdb.com/title/tt6966692/,Movie,8.2,130,2018,"Biography, Comedy, Drama, Music",697783,2018-11-16,"Peter Farrelly",,
537,tt3614516,2022-11-21,2022-11-21,,"Ankhon Dekhi","Ankhon Dekhi",https://www.imdb.com/title/tt3614516/,Movie,7.9,107,2013,"Comedy, Drama",13861,2014-03-21,"Rajat Kapoor",,
538,tt11173006,2022-11-21,2022-11-21,,"Super Pumped","Super Pumped: The Battle for Uber",https://www.imdb.com/title/tt11173006/,TV Series,7.3,60,2022,"Biography, Drama",10998,2022-02-27,,,
539,tt2167266,2022-11-25,2022-11-25,,"Tracks","Tracks",https://www.imdb.com/title/tt2167266/,Movie,7.1,112,2013,"Adventure, Biography, Drama",33304,2014-03-06,"John Curran",,
540,tt0245574,2022-11-25,2022-11-25,,"Y tu mamá también","Y tu mamá también",https://www.imdb.com/title/tt0245574/,Movie,7.7,106,2001,"Drama",142657,2001-06-08,"Alfonso Cuarón",,
541,tt2305051,2022-11-25,2022-11-25,,"Wild","Wild",https://www.imdb.com/title/tt2305051/,Movie,7.1,115,2014,"Adventure, Biography, Drama",147053,2014-12-19,"Jean-Marc Vallée",,
542,tt3553976,2022-11-25,2022-11-25,,"Captain Fantastic","Captain Fantastic",https://www.imdb.com/title/tt3553976/,Movie,7.8,118,2016,"Adventure, Comedy, Drama",252356,2016-07-29,"Matt Ross",,
543,tt0318462,2022-11-25,2022-11-25,,"The Motorcycle Diaries","Diarios de motocicleta",https://www.imdb.com/title/tt0318462/,Movie,7.7,126,2004,"Adventure, Biography, Drama",109600,2004-10-15,"Walter Salles",,
544,tt1016150,2022-12-11,2022-12-11,,"All Quiet on the Western Front","Im Westen nichts Neues",https://www.imdb.com/title/tt1016150/,Movie,7.8,148,2022,"Drama, History, War",343537,2022-10-28,"Edward Berger",,
545,tt9319668,2022-12-11,2022-12-11,,"1899","1899",https://www.imdb.com/title/tt9319668/,TV Series,7.3,60,2022,"Adventure, Drama, Thriller",124763,2022-11-17,,,
546,tt15791034,2023-01-01,2023-01-01,,"Barbarian","Barbarian",https://www.imdb.com/title/tt15791034/,Movie,7.0,102,2022,"Horror, Mystery, Thriller",267293,2022-09-09,"Zach Cregger",,
547,tt12003946,2023-01-01,2023-01-01,,"Violent Night","Violent Night",https://www.imdb.com/title/tt12003946/,Movie,6.7,112,2022,"Action, Comedy, Thriller",122143,2022-12-02,"Tommy Wirkola",,
548,tt7144666,2023-01-01,2023-01-01,,"The Black Phone","The Black Phone",https://www.imdb.com/title/tt7144666/,Movie,6.9,103,2021,"Horror, Mystery, Thriller",269473,2022-06-24,"Scott Derrickson",,
549,tt14208870,2023-01-01,2023-01-01,,"The Fabelmans","The Fabelmans",https://www.imdb.com/title/tt14208870/,Movie,7.5,151,2022,"Biography, Drama",136448,2022-11-23,"Steven Spielberg",,
550,tt7608248,2023-01-02,2023-01-02,,"A Million Little Things","A Million Little Things",https://www.imdb.com/title/tt7608248/,TV Series,7.9,43,2018,"Comedy, Drama, Romance",18549,2018-09-26,,,
551,tt1586680,2023-01-06,2023-01-06,,"Shameless","Shameless",https://www.imdb.com/title/tt1586680/,TV Series,8.5,60,2011,"Comedy, Drama",336582,2011-01-09,,,
552,tt0377260,2023-01-06,2023-01-06,,"Shameless","Shameless",https://www.imdb.com/title/tt0377260/,TV Series,8.0,90,2004,"Comedy, Crime, Drama",20898,2004-01-13,,,
553,tt13655456,2023-01-22,2023-01-22,,"True Story","True Story",https://www.imdb.com/title/tt13655456/,TV Mini Series,7.4,37,2021,"Crime, Drama, Thriller",21991,2021-11-24,,,
554,tt25534100,2023-01-25,2023-01-25,,"Revenger","Revenger",https://www.imdb.com/title/tt25534100/,TV Series,6.5,23,2023,"Animation, Adventure",619,2023-01-05,,,
555,tt10370710,2023-01-29,2023-01-29,,"The Worst Person in the World","Verdens verste menneske",https://www.imdb.com/title/tt10370710/,Movie,7.7,128,2021,"Comedy, Drama, Romance",130858,2021-10-13,"Joachim Trier",,
556,tt0827517,2023-01-29,2023-01-29,,"Reprise","Reprise",https://www.imdb.com/title/tt0827517/,Movie,7.3,105,2006,"Drama",18287,2006-09-08,"Joachim Trier",,
557,tt19770238,2023-01-29,2023-01-29,,"Aftersun","Aftersun",https://www.imdb.com/title/tt19770238/,Movie,7.6,102,2022,"Drama",131703,2022-11-18,"Charlotte Wells",,
558,tt1736633,2023-01-29,2023-01-29,,"Oslo, August 31st","Oslo, 31. august",https://www.imdb.com/title/tt1736633/,Movie,7.6,95,2011,"Drama",34511,2011-08-31,"Joachim Trier",,
559,tt14039582,2023-01-29,2023-01-29,,"Drive My Car","Doraibu mai kâ",https://www.imdb.com/title/tt14039582/,Movie,7.5,179,2021,"Drama",77586,2021-08-20,"Ryūsuke Hamaguchi",,
560,tt8430054,2023-01-29,2023-01-29,,"Flee","Flugt",https://www.imdb.com/title/tt8430054/,Movie,7.9,89,2021,"Documentary, Animation, Biography, Drama",21316,2021-06-17,"Jonas Poher Rasmussen",,
561,tt1706593,2023-01-29,2023-01-29,,"Chronicle","Chronicle",https://www.imdb.com/title/tt1706593/,Movie,7.0,84,2012,"Drama, Sci-Fi, Thriller",279198,2012-02-03,"Josh Trank",,
562,tt1255913,2023-02-15,2023-02-15,,"Bored to Death","Bored to Death",https://www.imdb.com/title/tt1255913/,TV Series,7.8,30,2009,"Comedy, Crime, Drama, Mystery, Thriller",36246,2009-09-20,,,
563,tt0460619,2023-02-15,2023-02-15,,"Lucky Louie","Lucky Louie",https://www.imdb.com/title/tt0460619/,TV Series,7.8,30,2006,"Comedy",11129,2006-06-11,,,
564,tt3474600,2023-03-16,2023-03-16,,"Little Forest: Summer/Autumn","Ritoru foresuto: Natsu/Aki",https://www.imdb.com/title/tt3474600/,Movie,7.6,111,2014,"Drama",4111,2014-08-30,"Jun'ichi Mori",,
565,tt23022276,2023-04-05,2023-04-05,,"Pepsi, Where's My Jet?","Pepsi, Where's My Jet?",https://www.imdb.com/title/tt23022276/,TV Mini Series,7.0,40,2022,"Documentary, History",13708,2022-11-17,,,
566,tt13406094,2023-04-06,2023-04-06,,"The White Lotus","The White Lotus",https://www.imdb.com/title/tt13406094/,TV Series,8.0,60,2021,"Comedy, Drama, Mystery",330934,2021-07-11,,,
567,tt0832266,2023-04-21,2023-04-21,,"Definitely, Maybe","Definitely, Maybe",https://www.imdb.com/title/tt0832266/,Movie,7.1,112,2008,"Comedy, Drama, Romance",182361,2008-02-14,"Adam Brooks",,
568,tt1091722,2023-04-21,2023-04-21,,"Adventureland","Adventureland",https://www.imdb.com/title/tt1091722/,Movie,6.8,107,2009,"Comedy, Drama, Romance",175179,2009-04-03,"Greg Mottola",,
569,tt0027977,2023-05-01,2023-05-01,,"Modern Times","Modern Times",https://www.imdb.com/title/tt0027977/,Movie,8.5,87,1936,"Comedy, Drama, Romance",286912,1936-02-25,"Charles Chaplin",,
570,tt4468740,2023-05-06,2023-05-06,,"Paddington 2","Paddington 2",https://www.imdb.com/title/tt4468740/,Movie,7.8,103,2017,"Adventure, Comedy, Family",115567,2018-01-12,"Paul King",,
571,tt0010323,2023-05-06,2023-05-06,,"The Cabinet of Dr. Caligari","Das Cabinet des Dr. Caligari",https://www.imdb.com/title/tt0010323/,Movie,8.0,67,1920,"Horror, Mystery, Thriller",76676,1920-02-27,"Robert Wiene",,
572,tt0109951,2023-05-06,2023-05-06,,"Guarding Tess","Guarding Tess",https://www.imdb.com/title/tt0109951/,Movie,6.2,96,1994,"Comedy, Drama",20952,1994-03-11,"Hugh Wilson",,
573,tt0118880,2023-05-06,2023-05-06,,"Con Air","Con Air",https://www.imdb.com/title/tt0118880/,Movie,6.9,115,1997,"Action, Crime, Thriller",341665,1997-06-06,"Simon West",,
574,tt0117500,2023-05-06,2023-05-06,,"The Rock","The Rock",https://www.imdb.com/title/tt0117500/,Movie,7.4,136,1996,"Action, Adventure, Thriller",383134,1996-06-07,"Michael Bay",,
575,tt0325805,2023-05-06,2023-05-06,,"Matchstick Men","Matchstick Men",https://www.imdb.com/title/tt0325805/,Movie,7.2,116,2003,"Comedy, Crime, Drama, Thriller",146185,2003-09-12,"Ridley Scott",,
576,tt0369672,2023-05-06,2023-05-06,,"A Love Song for Bobby Long","A Love Song for Bobby Long",https://www.imdb.com/title/tt0369672/,Movie,7.1,119,2004,"Drama",28260,2005-01-21,"Shainee Gabel",,
577,tt0157217,2023-06-04,2023-06-04,,"Byomkesh Bakshi","Byomkesh Bakshi",https://www.imdb.com/title/tt0157217/,TV Series,9.2,40,1993,"Adventure, Crime, Mystery, Thriller",3388,1993-02-14,,,
578,tt0451094,2023-06-08,2023-06-08,,"Sympathy for Lady Vengeance","Chinjeolhan Geumjassi",https://www.imdb.com/title/tt0451094/,Movie,7.5,115,2005,"Crime, Drama, Thriller",94111,2005-07-29,"Park Chan-wook",,
579,tt0310775,2023-06-08,2023-06-08,,"Sympathy for Mr. Vengeance","Boksuneun naui geot",https://www.imdb.com/title/tt0310775/,Movie,7.5,129,2002,"Crime, Drama, Thriller",82458,2002-03-29,"Park Chan-wook",,
580,tt1773764,2023-06-14,2023-06-14,,"Ship of Theseus","Ship of Theseus",https://www.imdb.com/title/tt1773764/,Movie,8.0,140,2012,"Drama",8388,2013-07-19,"Anand Gandhi",,
581,tt1653665,2023-07-12,2023-07-12,,"Goodbye Christopher Robin","Goodbye Christopher Robin",https://www.imdb.com/title/tt1653665/,Movie,7.1,107,2017,"Biography, Drama, Family",31912,2017-09-29,"Simon Curtis",,
582,tt0105323,2023-07-18,2023-07-18,,"Scent of a Woman","Scent of a Woman",https://www.imdb.com/title/tt0105323/,Movie,8.0,156,1992,"Drama",374530,1993-01-08,"Martin Brest",,
583,tt0367188,2023-07-25,2023-07-25,,"Modigliani","Modigliani",https://www.imdb.com/title/tt0367188/,Movie,7.1,128,2004,"Biography, Drama",13184,2004-09-29,"Mick Davis",,
584,tt1385826,2023-07-25,2023-07-25,,"The Adjustment Bureau","The Adjustment Bureau",https://www.imdb.com/title/tt1385826/,Movie,7.0,106,2011,"Crime, Drama, Mystery, Romance, Sci-Fi, Thriller",284255,2011-03-04,"George Nolfi",,
585,tt8026554,2023-07-25,2023-07-25,,"Socrates","Socrates",https://www.imdb.com/title/tt8026554/,Movie,7.1,71,2018,"Drama",1416,2019-09-26,"Alexandre Moratto",,
586,tt0485947,2023-07-25,2023-07-25,,"Mr. Nobody","Mr. Nobody",https://www.imdb.com/title/tt0485947/,Movie,7.7,141,2009,"Drama, Fantasy, Romance, Sci-Fi",258721,2013-09-26,"Jaco Van Dormael",,
587,tt0243017,2023-07-25,2023-07-25,,"Waking Life","Waking Life",https://www.imdb.com/title/tt0243017/,Movie,7.6,99,2001,"Animation, Drama, Fantasy",69779,2002-03-07,"Richard Linklater",,
588,tt1371111,2023-07-25,2023-07-25,,"Cloud Atlas","Cloud Atlas",https://www.imdb.com/title/tt1371111/,Movie,7.3,172,2012,"Drama, Mystery, Sci-Fi, Thriller",387737,2012-10-26,"Tom Tykwer, Lana Wachowski, Lilly Wachowski",,
589,tt2333804,2023-07-25,2023-07-25,,"The Zero Theorem","The Zero Theorem",https://www.imdb.com/title/tt2333804/,Movie,6.0,107,2013,"Comedy, Drama, Fantasy, Mystery, Sci-Fi",51979,2014-08-19,"Terry Gilliam",,
590,tt0307479,2023-07-25,2023-07-25,,"Solaris","Solaris",https://www.imdb.com/title/tt0307479/,Movie,6.2,99,2002,"Drama, Mystery, Romance, Sci-Fi",89462,2002-11-27,"Steven Soderbergh",,
591,tt0138704,2023-07-25,2023-07-25,,"Pi","Pi",https://www.imdb.com/title/tt0138704/,Movie,7.3,84,1998,"Drama, Horror, Mystery, Sci-Fi, Thriller",193455,1998-07-10,"Darren Aronofsky",,
592,tt1527186,2023-07-25,2023-07-25,,"Melancholia","Melancholia",https://www.imdb.com/title/tt1527186/,Movie,7.1,135,2011,"Drama, Sci-Fi",209398,2011-05-26,"Lars von Trier",,
593,tt1535109,2023-08-08,2023-08-08,,"Captain Phillips","Captain Phillips",https://www.imdb.com/title/tt1535109/,Movie,7.8,134,2013,"Action, Biography, Crime, Drama, Thriller",521523,2013-10-11,"Paul Greengrass",,
594,tt5056196,2023-08-08,2023-08-08,,"Catch-22","Catch-22",https://www.imdb.com/title/tt5056196/,TV Mini Series,7.7,45,2019,"Action, Comedy, Drama, Thriller, War",23906,2019-05-17,,,
595,tt11953232,2023-08-20,2023-08-20,,"The Raikar Case","The Raikar Case",https://www.imdb.com/title/tt11953232/,TV Series,6.8,30,2020,"Thriller",2722,2020-03-24,,,
596,tt7375404,2023-10-11,2023-10-11,,"Kidding","Kidding",https://www.imdb.com/title/tt7375404/,TV Series,8.0,30,2018,"Comedy, Drama",21603,2018-08-31,,,
597,tt7645122,2023-10-16,2023-10-16,,"Plus One","Plus One",https://www.imdb.com/title/tt7645122/,Movie,6.6,98,2019,"Comedy, Drama, Romance",20222,2019-06-14,"Jeff Chan, Andrew Rhymer",,
598,tt7826376,2023-10-24,2023-10-24,,"Upload","Upload",https://www.imdb.com/title/tt7826376/,TV Series,7.7,30,2020,"Comedy, Mystery, Sci-Fi",90917,2020-05-01,,,
599,tt0285403,2023-10-28,2023-10-28,,"Scrubs","Scrubs",https://www.imdb.com/title/tt0285403/,TV Series,8.4,30,2001,"Comedy, Drama",287039,2001-10-02,,,
600,tt0450897,2023-11-02,2023-11-02,,"The Apprentice UK","The Apprentice",https://www.imdb.com/title/tt0450897/,TV Series,7.1,59,2005,"Game-Show, Reality-TV",3859,2005-02-16,,,
601,tt4624424,2023-11-04,2023-11-04,,"Storks","Storks",https://www.imdb.com/title/tt4624424/,Movie,6.8,87,2016,"Animation, Adventure, Comedy, Family, Fantasy",73188,2016-09-23,"Nicholas Stoller, Doug Sweetland",,
602,tt2784936,2023-11-05,2023-11-05,,"Backtrack","Backtrack",https://www.imdb.com/title/tt2784936/,Movie,5.9,90,2015,"Drama, Fantasy, Horror, Mystery, Thriller",14906,2016-01-29,"Michael Petroni",,
603,tt11525188,2023-11-05,2023-11-05,,"Chapelwaite","Chapelwaite",https://www.imdb.com/title/tt11525188/,TV Series,7.1,53,2021,"Drama, Horror, Mystery, Thriller",14476,2021-08-22,,,
604,tt8026448,2023-11-21,2023-11-21,,"Tacoma FD","Tacoma FD",https://www.imdb.com/title/tt8026448/,TV Series,8.1,30,2019,"Comedy",12310,2019-03-28,,,
605,tt0795439,2023-11-25,2023-11-25,,"Numb","Numb",https://www.imdb.com/title/tt0795439/,Movie,6.5,93,2007,"Comedy, Drama, Romance",9082,2008-06-13,"Harris Goldberg",,
606,tt13320662,2023-11-29,2023-11-29,,"Slumberland","Slumberland",https://www.imdb.com/title/tt13320662/,Movie,6.7,117,2022,"Adventure, Comedy, Drama, Family, Fantasy",36303,2022-11-18,"Francis Lawrence",,
607,tt14688458,2023-12-04,2023-12-04,,"Silo","Silo",https://www.imdb.com/title/tt14688458/,TV Series,8.1,49,2023,"Drama, Mystery, Sci-Fi",225907,2023-05-05,,,
608,tt0499097,2024-01-15,2024-01-15,,"Without Remorse","Without Remorse",https://www.imdb.com/title/tt0499097/,Movie,5.8,109,2021,"Action, Drama, Thriller, War",71832,2021-04-30,"Stefano Sollima",,
609,tt0406158,2024-01-24,2024-01-24,,"The Prize Winner of Defiance, Ohio","The Prize Winner of Defiance, Ohio",https://www.imdb.com/title/tt0406158/,Movie,7.2,99,2005,"Biography, Drama",8858,2007-06-01,"Jane Anderson",,
610,tt1174732,2024-01-24,2024-01-24,,"An Education","An Education",https://www.imdb.com/title/tt1174732/,Movie,7.2,100,2009,"Drama",141374,2010-02-05,"Lone Scherfig",,
611,tt4348012,2024-01-27,2024-01-27,,"Mayhem","Mayhem",https://www.imdb.com/title/tt4348012/,Movie,6.4,86,2017,"Action, Comedy, Horror, Thriller",30292,2017-11-10,"Joe Lynch",,
612,tt0092379,2024-01-27,2024-01-27,,"Inspector Morse","Inspector Morse",https://www.imdb.com/title/tt0092379/,TV Series,8.2,90,1987,"Crime, Drama, Mystery",16066,1988-02-04,,,
613,tt0078680,2024-01-27,2024-01-27,,"Rumpole of the Bailey","Rumpole of the Bailey",https://www.imdb.com/title/tt0078680/,TV Series,8.4,60,1978,"Crime, Drama, Mystery",2030,1980-02-12,,,
614,tt0084988,2024-01-27,2024-01-27,,"The Black Adder","The Black Adder",https://www.imdb.com/title/tt0084988/,TV Series,8.0,30,1983,"Comedy",44003,1983-06-15,,,
615,tt1782352,2024-01-27,2024-01-27,,"Upstairs Downstairs","Upstairs Downstairs",https://www.imdb.com/title/tt1782352/,TV Series,7.4,60,2010,"Drama",7670,2011-02-07,,,
616,tt0066722,2024-01-27,2024-01-27,,"Upstairs, Downstairs","Upstairs, Downstairs",https://www.imdb.com/title/tt0066722/,TV Series,8.4,60,1971,"Drama",4030,1974-01-06,,,
617,tt1220617,2024-01-27,2024-01-27,,"The Inbetweeners","The Inbetweeners",https://www.imdb.com/title/tt1220617/,TV Series,8.4,25,2008,"Comedy",101545,2010-01-25,,,
618,tt2303687,2024-01-27,2024-01-27,,"Line of Duty","Line of Duty",https://www.imdb.com/title/tt2303687/,TV Series,8.7,60,2012,"Crime, Drama, Mystery, Thriller",81746,2012-08-21,,,
619,tt2249364,2024-01-27,2024-01-27,,"Broadchurch","Broadchurch",https://www.imdb.com/title/tt2249364/,TV Series,8.3,48,2013,"Crime, Drama, Mystery",143416,2013-08-07,,,
620,tt0072500,2024-01-27,2024-01-27,,"Fawlty Towers","Fawlty Towers",https://www.imdb.com/title/tt0072500/,TV Series,8.8,30,1975,"Comedy",111967,1975-09-19,,,
621,tt0118363,2024-01-27,2024-01-27,,"Jonathan Creek","Jonathan Creek",https://www.imdb.com/title/tt0118363/,TV Series,8.1,60,1997,"Comedy, Crime, Drama, Mystery",10141,2014-02-27,,,
622,tt10332508,2024-02-03,2024-02-03,,"Primal","Primal",https://www.imdb.com/title/tt10332508/,TV Series,8.6,22,2019,"Animation, Action, Adventure, Drama, Fantasy, Horror",30599,2019-10-07,,,
623,tt5586052,2024-02-05,2024-02-05,,"The Invisibles","Die Unsichtbaren",https://www.imdb.com/title/tt5586052/,Movie,7.2,110,2017,"Documentary, Biography, Drama, History, War",1884,2017-10-26,"Claus Räfle",,
624,tt0256380,2024-02-10,2024-02-10,,"Shallow Hal","Shallow Hal",https://www.imdb.com/title/tt0256380/,Movie,6.0,114,2001,"Comedy, Drama, Fantasy, Romance",155272,2001-11-09,"Bobby Farrelly, Peter Farrelly",,
625,tt2854926,2024-02-15,2024-02-15,,"Tag","Tag",https://www.imdb.com/title/tt2854926/,Movie,6.5,100,2018,"Action, Comedy",163252,2018-06-15,"Jeff Tomsic",,
626,tt14452776,2024-02-15,2024-02-15,,"The Bear","The Bear",https://www.imdb.com/title/tt14452776/,TV Series,8.5,1611,2022,"Comedy, Drama",320807,2022-06-23,,,
627,tt0272152,2024-02-15,2024-02-15,,"K-PAX","K-PAX",https://www.imdb.com/title/tt0272152/,Movie,7.4,120,2001,"Drama, Mystery, Sci-Fi",203666,2001-10-26,"Iain Softley",,
628,tt5362988,2024-02-16,2024-02-16,,"Wind River","Wind River",https://www.imdb.com/title/tt5362988/,Movie,7.7,107,2017,"Crime, Drama, Mystery, Thriller, Western",318481,2017-08-18,"Taylor Sheridan",,
629,tt0383028,2024-03-05,2024-03-05,,"Synecdoche, New York","Synecdoche, New York",https://www.imdb.com/title/tt0383028/,Movie,7.5,124,2008,"Drama",105541,2009-02-05,"Charlie Kaufman",,
630,tt15227418,2024-03-15,2024-03-15,,"A Murder at the End of the World","A Murder at the End of the World",https://www.imdb.com/title/tt15227418/,TV Mini Series,7.0,59,2023,"Drama, Mystery, Thriller",33076,2023-11-14,,,
631,tt17009710,2024-03-31,2024-03-31,,"Anatomy of a Fall","Anatomie d'une chute",https://www.imdb.com/title/tt17009710/,Movie,7.6,151,2023,"Crime, Drama, Mystery, Thriller",235750,2024-03-22,"Justine Triet",,
632,tt8591092,2024-04-11,2024-04-11,,"My Secret Terrius","Nae Dwie Teriuseu",https://www.imdb.com/title/tt8591092/,TV Series,7.6,35,2018,"Comedy, Drama, Romance, Thriller",2073,2018-09-27,,,
633,tt0207639,2024-04-28,2024-04-28,,"The Old Man and the Sea","The Old Man and the Sea",https://www.imdb.com/title/tt0207639/,Short,8.0,20,1999,"Animation, Short, Adventure, Drama",4897,1999-07-03,"Aleksandr Petrov",,
634,tt1222817,2024-05-05,2024-05-05,,"Zookeeper","Zookeeper",https://www.imdb.com/title/tt1222817/,Movie,5.2,102,2011,"Comedy, Family, Fantasy, Romance",70290,2011-07-08,"Frank Coraci",,
635,tt27046664,2024-05-11,2024-05-11,,"Catching Lightning","Catching Lightning",https://www.imdb.com/title/tt27046664/,TV Mini Series,7.4,60,2023,"Documentary, Crime, Sport",399,2023-04-07,,,
636,tt14181914,2024-05-11,2024-05-11,,"Mike","Mike",https://www.imdb.com/title/tt14181914/,TV Mini Series,6.9,30,2022,"Biography, Drama, Sport",5520,2022-08-25,,,
637,tt27507828,2024-05-11,2024-05-11,,"Fired on Mars","Fired on Mars",https://www.imdb.com/title/tt27507828/,TV Series,6.9,25,2023,"Animation, Comedy, Sci-Fi",2311,2023-04-20,,,
638,tt21056886,2024-05-11,2024-05-11,,"Scavengers Reign","Scavengers Reign",https://www.imdb.com/title/tt21056886/,TV Mini Series,8.6,24,2023,"Animation, Adventure, Drama, Sci-Fi",37073,2023-10-19,,,
639,tt0373732,2024-05-11,2024-05-11,,"The Boondocks","The Boondocks",https://www.imdb.com/title/tt0373732/,TV Series,8.5,22,2005,"Animation, Action, Comedy, Drama",42737,2005-11-06,,,
640,tt0078590,2024-05-25,2024-05-25,,"Crime and Punishment","Crime and Punishment",https://www.imdb.com/title/tt0078590/,TV Mini Series,7.4,225,1979,"Drama",229,1980-09-28,,,
641,tt23790740,2024-05-25,2024-05-25,,"Srikanth","Srikanth",https://www.imdb.com/title/tt23790740/,Movie,7.4,134,2024,"Biography, Drama",14723,2024-05-10,"Tushar Hiranandani",,
642,tt0387199,2024-05-31,2024-05-31,,"Entourage","Entourage",https://www.imdb.com/title/tt0387199/,TV Series,8.4,30,2004,"Comedy, Drama",184852,2004-07-18,,,
643,tt1837709,2024-06-01,2024-06-01,,"Winter's Tale","Winter's Tale",https://www.imdb.com/title/tt1837709/,Movie,6.1,118,2014,"Drama, Fantasy, Mystery, Romance",59290,2014-02-14,"Akiva Goldsman",,
644,tt0180241,2024-06-01,2024-06-01,,"Tenacious D","Tenacious D",https://www.imdb.com/title/tt0180241/,TV Series,8.0,30,1997,"Comedy, Music",4400,1997-11-28,,,
645,tt0365830,2024-06-01,2024-06-01,,"Tenacious D in the Pick of Destiny","Tenacious D in The Pick of Destiny",https://www.imdb.com/title/tt0365830/,Movie,6.8,94,2006,"Adventure, Comedy, Music, Musical",120136,2006-11-22,"Liam Lynch",,
646,tt6218358,2024-06-08,2024-06-08,,"Calibre","Calibre",https://www.imdb.com/title/tt6218358/,Movie,6.8,101,2018,"Drama, Thriller",39190,2018-06-29,"Matt Palmer",,
647,tt0970416,2024-06-09,2024-06-09,,"The Day the Earth Stood Still","The Day the Earth Stood Still",https://www.imdb.com/title/tt0970416/,Movie,5.5,104,2008,"Adventure, Drama, Sci-Fi, Thriller",188245,2008-12-12,"Scott Derrickson",,
648,tt27051436,2024-06-17,2024-06-17,,"Friday","Friday",https://www.imdb.com/title/tt27051436/,Movie,6.5,83,2023,"Crime, History, Thriller",471,2023-03-03,"Raihan Rafi",,
649,tt27302079,2024-06-17,2024-06-17,,"Aattam","Aattam",https://www.imdb.com/title/tt27302079/,Movie,8.1,139,2023,"Drama, Mystery, Thriller",5574,2024-01-05,"Anand Ekarshi",,
650,tt13885428,2024-06-17,2024-06-17,,"Anweshippin Kandethum","Anweshippin Kandethum",https://www.imdb.com/title/tt13885428/,Movie,7.4,142,2024,"Crime, Drama, Mystery, Thriller",12632,2024-02-09,"Darwin Kuriakose",,
651,tt26458038,2024-06-17,2024-06-17,,"Manjummel Boys","Manjummel Boys",https://www.imdb.com/title/tt26458038/,Movie,8.2,135,2024,"Adventure, Drama, Thriller",34595,2024-02-22,"Chidambaram",,
652,tt5525650,2024-06-17,2024-06-17,,"The Goat Life","The Goat Life",https://www.imdb.com/title/tt5525650/,Movie,7.1,173,2024,"Adventure, Drama",50526,2024-03-28,"Blessy",,
653,tt27867635,2024-06-17,2024-06-17,,"Hidimbha","Hidimbha",https://www.imdb.com/title/tt27867635/,Movie,6.3,136,2023,"Action, Drama",3366,2023-07-20,"Aneel Kanneganti",,
654,tt26691319,2024-06-17,2024-06-17,,"Good Night","Good Night",https://www.imdb.com/title/tt26691319/,Movie,7.6,142,2023,"Comedy, Drama, Romance",6071,2023-05-12,"Vinayak Chandrasekaran",,
655,tt28184712,2024-06-17,2024-06-17,,"Parking","Parking",https://www.imdb.com/title/tt28184712/,Movie,7.8,127,2023,"Drama, Thriller",14067,2023-12-01,"Ramkumar Balakrishnan",,
656,tt28075055,2024-06-17,2024-06-17,,"Toby","Toby",https://www.imdb.com/title/tt28075055/,Movie,7.2,155,2023,"Crime, Drama, Thriller",3445,2023-08-25,"Basil Alchalakkal",,
657,tt11410312,2024-06-17,2024-06-17,,"Falimy","Falimy",https://www.imdb.com/title/tt11410312/,Movie,7.3,125,2023,"Comedy, Drama",4243,2023-11-17,"Nithish Sahadev",,
658,tt24059780,2024-06-17,2024-06-17,,"Virupaksha","Virupaksha",https://www.imdb.com/title/tt24059780/,Movie,7.2,145,2023,"Action, Horror, Mystery, Thriller",7361,2023-04-21,"Karthik Varma Dandu",,
659,tt22818604,2024-06-17,2024-06-17,,"Kaathal - The Core","Kaathal - The Core",https://www.imdb.com/title/tt22818604/,Movie,7.4,114,2023,"Drama",4869,2023-11-23,"Jeo Baby",,
660,tt28358950,2024-06-17,2024-06-17,,"Neru","Neru",https://www.imdb.com/title/tt28358950/,Movie,7.5,150,2023,"Drama, Thriller",11326,2023-12-21,"Jeethu Joseph",,
661,tt25406500,2024-06-17,2024-06-17,,"Iratta","Iratta",https://www.imdb.com/title/tt25406500/,Movie,7.7,112,2023,"Crime, Drama, Thriller",8670,2023-03-03,"Rohit M.G. Krishnan, Jithu Ashraf",,
662,tt15554914,2024-06-17,2024-06-17,,"Baipan Bhari Deva","Baipan Bhari Deva",https://www.imdb.com/title/tt15554914/,Movie,7.9,137,2023,"Comedy, Drama, Family",1196,2023-06-30,"Kedar Shinde",,
663,tt24226474,2024-06-17,2024-06-17,,"Jigarthanda Double X","Jigarthanda DoubleX",https://www.imdb.com/title/tt24226474/,Movie,8.0,172,2023,"Action, Comedy, Drama, Musical",12020,2023-11-10,"Karthik Subbaraj",,
664,tt2535470,2024-06-17,2024-06-17,,"Wyrmwood: Road of the Dead","Wyrmwood",https://www.imdb.com/title/tt2535470/,Movie,6.2,98,2014,"Action, Comedy, Horror",19383,2015-02-13,"Kiah Roache-Turner",,
665,tt6476140,2024-06-17,2024-06-17,,"Serenity","Serenity",https://www.imdb.com/title/tt6476140/,Movie,5.4,106,2019,"Drama, Mystery, Thriller",49865,2019-01-25,"Steven Knight",,
666,tt8310486,2024-06-22,2024-06-22,,"Miller's Girl","Miller's Girl",https://www.imdb.com/title/tt8310486/,Movie,5.2,93,2024,"Comedy, Drama, Thriller",27924,2024-01-26,"Jade Halley Bartlett",,
667,tt0097351,2024-06-29,2024-06-29,,"Field of Dreams","Field of Dreams",https://www.imdb.com/title/tt0097351/,Movie,7.5,107,1989,"Drama, Family, Fantasy, Sport",141201,1989-05-05,"Phil Alden Robinson",,
668,tt0230030,2024-07-04,2024-07-04,,"Bedazzled","Bedazzled",https://www.imdb.com/title/tt0230030/,Movie,6.1,93,2000,"Comedy, Fantasy",119948,2000-10-20,"Harold Ramis",,
669,tt8323668,2024-07-04,2024-07-04,,"Jerry & Marge Go Large","Jerry & Marge Go Large",https://www.imdb.com/title/tt8323668/,Movie,6.9,96,2022,"Biography, Comedy, Drama",36252,2022-06-17,"David Frankel",,
670,tt32245043,2024-07-04,2024-07-04,,"Inheritance","Spadek",https://www.imdb.com/title/tt32245043/,Movie,5.1,94,2024,"Comedy, Drama, Mystery",4444,2024-06-19,"Sylwester Jakimow",,
671,tt6538336,2024-07-04,2024-07-04,,"Downside Up","Downside Up",https://www.imdb.com/title/tt6538336/,Short,7.4,15,2016,"Short, Comedy, Drama",457,2016-12-15,"Peter Ghesquière",,
672,tt1320093,2024-07-04,2024-07-04,,"Freefall","Freefall",https://www.imdb.com/title/tt1320093/,TV Movie,7.0,89,2009,"Drama",457,2009-07-14,"Dominic Savage",,
673,tt7456310,2024-07-04,2024-07-04,,"Anna","Anna",https://www.imdb.com/title/tt7456310/,Movie,6.7,118,2019,"Action, Adventure, Thriller",109112,2019-06-21,"Luc Besson",,
674,tt8009262,2024-07-04,2024-07-04,,"I Am Normal","I Am Normal",https://www.imdb.com/title/tt8009262/,Short,7.6,20,2020,"Short, Drama",95,2020-11-13,"Olia Oparina",,
675,tt1615147,2024-07-04,2024-07-04,,"Margin Call","Margin Call",https://www.imdb.com/title/tt1615147/,Movie,7.1,107,2011,"Drama, Thriller",163756,2011-09-29,"J.C. Chandor",,
676,tt1016268,2024-07-04,2024-07-04,,"Enron: The Smartest Guys in the Room","Enron: The Smartest Guys in the Room",https://www.imdb.com/title/tt1016268/,Movie,7.5,110,2005,"Documentary, Biography, History",21322,2005-05-20,"Alex Gibney",,
677,tt1933667,2024-07-04,2024-07-04,,"The Wizard of Lies","The Wizard of Lies",https://www.imdb.com/title/tt1933667/,TV Movie,6.8,133,2017,"Biography, Crime, Drama",33118,2017-05-20,"Barry Levinson",,
678,tt2380303,2024-07-04,2024-07-04,,"TripTank","TripTank",https://www.imdb.com/title/tt2380303/,TV Series,6.5,,2014,"Animation, Comedy",1626,2014-04-02,,,
679,tt9055008,2024-07-25,2024-07-25,,"Evil","Evil",https://www.imdb.com/title/tt9055008/,TV Series,7.7,45,2019,"Crime, Drama, Horror, Mystery, Thriller",53231,2019-09-26,,,
680,tt27503384,2024-08-13,2024-08-13,,"Perfect Days","Perfect Days",https://www.imdb.com/title/tt27503384/,Movie,7.9,124,2023,"Drama",109615,2023-12-21,"Wim Wenders",,
681,tt7160372,2024-08-13,2024-08-13,,"The Zone of Interest","The Zone of Interest",https://www.imdb.com/title/tt7160372/,Movie,7.3,105,2023,"Drama, History, War",191367,2024-02-20,"Jonathan Glazer",,
682,tt4145384,2024-08-13,2024-08-13,,"Scream Queens","Scream Queens",https://www.imdb.com/title/tt4145384/,TV Series,7.1,45,2015,"Comedy, Horror, Mystery",51406,2015-09-22,,,
683,tt1077368,2024-08-13,2024-08-13,,"Dark Shadows","Dark Shadows",https://www.imdb.com/title/tt1077368/,Movie,6.2,113,2012,"Comedy, Fantasy, Horror",295578,2012-05-11,"Tim Burton",,
684,tt2177461,2024-08-25,2024-08-25,,"A Discovery of Witches","A Discovery of Witches",https://www.imdb.com/title/tt2177461/,TV Series,7.7,45,2018,"Drama, Fantasy, Romance",75528,2019-04-07,,,
685,tt6141246,2024-08-25,2024-08-25,,"The Aeronauts","The Aeronauts",https://www.imdb.com/title/tt6141246/,Movie,6.6,100,2019,"Action, Adventure, Drama, Romance",40307,2019-12-20,"Tom Harper",,
686,tt1614989,2024-08-27,2024-08-27,,"Headhunters","Hodejegerne",https://www.imdb.com/title/tt1614989/,Movie,7.5,100,2011,"Action, Crime, Thriller",112064,2011-08-26,"Morten Tyldum",,
687,tt15009428,2024-09-12,2024-09-12,,"Argylle","Argylle",https://www.imdb.com/title/tt15009428/,Movie,5.6,139,2024,"Action, Adventure, Comedy, Thriller",101708,2024-02-02,"Matthew Vaughn",,
688,tt0117333,2024-09-14,2024-09-14,,"Phenomenon","Phenomenon",https://www.imdb.com/title/tt0117333/,Movie,6.5,123,1996,"Drama, Fantasy, Romance, Sci-Fi",90311,1996-07-03,"Jon Turteltaub",,
689,tt2445666,2024-09-15,2024-09-15,,"Studio C","Studio C",https://www.imdb.com/title/tt2445666/,TV Series,8.5,30,2012,"Comedy, Family",1502,2012-10-08,,,
690,tt1694561,2024-09-23,2024-09-23,,"Mel Karade Rabba","Mel Karade Rabba",https://www.imdb.com/title/tt1694561/,Movie,7.2,135,2010,"Comedy, Drama, Romance",975,2010-07-16,"Navaniat Singh",,
691,tt0399295,2024-09-25,2024-09-25,,"Lord of War","Lord of War",https://www.imdb.com/title/tt0399295/,Movie,7.6,122,2005,"Crime, Drama",361536,2005-09-16,"Andrew Niccol",,
692,tt0134273,2024-09-25,2024-09-25,,"8MM","8MM",https://www.imdb.com/title/tt0134273/,Movie,6.6,123,1999,"Crime, Drama, Mystery, Thriller",152274,1999-02-26,"Joel Schumacher",,
693,tt1019452,2024-10-02,2024-10-02,,"A Serious Man","A Serious Man",https://www.imdb.com/title/tt1019452/,Movie,7.0,106,2009,"Comedy, Drama",159285,2009-11-06,"Ethan Coen, Joel Coen",,
694,tt13229894,2024-10-02,2024-10-02,,"God's Crooked Lines","Los renglones torcidos de Dios",https://www.imdb.com/title/tt13229894/,Movie,7.1,154,2022,"Drama, Mystery, Thriller",30047,2022-12-09,"Oriol Paulo",,
695,tt0093593,2024-10-02,2024-10-02,,"On the Silver Globe","Na srebrnym globie",https://www.imdb.com/title/tt0093593/,Movie,7.1,166,1988,"Adventure, Drama, Fantasy, Sci-Fi",6489,1989-02-10,"Andrzej Żuławski",,
696,tt0108065,2024-10-05,2024-10-05,,"Searching for Bobby Fischer","Searching for Bobby Fischer",https://www.imdb.com/title/tt0108065/,Movie,7.3,109,1993,"Biography, Drama, Sport",44930,1993-08-11,"Steven Zaillian",,
697,tt14257582,2024-10-07,2024-10-07,,"Wolfs","Wolfs",https://www.imdb.com/title/tt14257582/,Movie,6.5,108,2024,"Action, Comedy, Crime, Thriller",106666,2024-09-27,"Jon Watts",,
698,tt17526714,2024-10-07,2024-10-07,,"The Substance","The Substance",https://www.imdb.com/title/tt17526714/,Movie,7.2,141,2024,"Drama, Horror, Sci-Fi",455796,2024-09-20,"Coralie Fargeat",,
699,tt15435876,2024-10-07,2024-10-07,,"The Penguin","The Penguin",https://www.imdb.com/title/tt15435876/,TV Mini Series,8.6,60,2024,"Crime, Drama",245076,2024-09-19,,,
700,tt0080801,2024-10-07,2024-10-07,,"The Gods Must Be Crazy","The Gods Must Be Crazy",https://www.imdb.com/title/tt0080801/,Movie,7.3,109,1980,"Adventure, Comedy",63456,1984-10-26,"Jamie Uys",,
701,tt0279493,2024-10-09,2024-10-09,,"Undercover Brother","Undercover Brother",https://www.imdb.com/title/tt0279493/,Movie,5.9,86,2002,"Action, Comedy",38209,2002-05-31,"Malcolm D. Lee",,
702,tt10171472,2024-10-10,2024-10-10,,"Goodrich","Goodrich",https://www.imdb.com/title/tt10171472/,Movie,6.4,110,2024,"Comedy, Drama",8311,2024-10-17,"Hallie Meyers-Shyer",,
703,tt8367184,2024-10-15,2024-10-15,,"The Wedding Year","The Wedding Year",https://www.imdb.com/title/tt8367184/,Movie,5.6,90,2019,"Comedy, Romance",4013,2019-09-20,"Robert Luketic",,
704,tt2741602,2024-10-18,2024-10-18,,"The Blacklist","The Blacklist",https://www.imdb.com/title/tt2741602/,TV Series,7.9,43,2013,"Crime, Drama, Mystery, Thriller",302782,2013-09-23,,,
705,tt2199571,2024-10-18,2024-10-18,,"Run All Night","Run All Night",https://www.imdb.com/title/tt2199571/,Movie,6.6,114,2015,"Action, Crime, Thriller",120325,2015-03-13,"Jaume Collet-Serra",,
706,tt0460091,2024-10-20,2024-10-20,,"My Name Is Earl","My Name Is Earl",https://www.imdb.com/title/tt0460091/,TV Series,7.8,22,2005,"Comedy",116889,2005-09-20,,,
707,tt3228904,2024-10-24,2024-10-24,,"Empire","Empire",https://www.imdb.com/title/tt3228904/,TV Series,7.4,45,2015,"Drama, Music",42784,2015-01-07,,,
708,tt30319503,2024-10-25,2024-10-25,,"Dìdi","Dìdi",https://www.imdb.com/title/tt30319503/,Movie,7.3,93,2024,"Comedy, Drama",16531,2024-08-16,"Sean Wang",,
709,tt0387775,2024-10-26,2024-10-26,,"Cromartie High School","Sakigake!! Cromartie Kôkô",https://www.imdb.com/title/tt0387775/,TV Series,7.6,12,2003,"Animation, Comedy",1043,2003-10-02,,,
710,tt7587890,2024-10-27,2024-10-27,,"The Rookie","The Rookie",https://www.imdb.com/title/tt7587890/,TV Series,8.0,43,2018,"Action, Crime, Drama",132740,2018-10-16,,,
711,tt1839578,2024-10-30,2024-10-30,,"Person of Interest","Person of Interest",https://www.imdb.com/title/tt1839578/,TV Series,8.5,43,2011,"Action, Crime, Drama, Mystery, Sci-Fi, Thriller",213521,2011-09-22,,,
712,tt0124298,2024-11-02,2024-11-02,,"Blast from the Past","Blast from the Past",https://www.imdb.com/title/tt0124298/,Movie,6.7,112,1999,"Comedy, Drama, Romance, Sci-Fi",78115,1999-02-12,"Hugh Wilson",,
713,tt11646658,2024-11-03,2024-11-03,,"The Married Woman","The Married Woman",https://www.imdb.com/title/tt11646658/,TV Series,6.5,30,2021,"Drama, Romance",11916,2021-03-08,,,
714,tt1124373,2024-11-12,2024-11-12,,"Sons of Anarchy","Sons of Anarchy",https://www.imdb.com/title/tt1124373/,TV Series,8.5,45,2008,"Crime, Drama, Thriller",358327,2008-09-03,,,
715,tt28060137,2024-12-03,2024-12-03,,"Still Wakes the Deep","Still Wakes the Deep",https://www.imdb.com/title/tt28060137/,Video Game,7.6,,2024,"Drama, Fantasy, Horror, Sci-Fi, Thriller",1211,2024-06-18,"Dan Pinchbeck, John McCormack",,
716,tt28919914,2024-12-17,2024-12-17,,"The 100 Girlfriends Who Really, Really, Really, Really, REALLY Love You","Kimi no Koto ga Daidaidaidaidaisuki na 100-nin no Kanojo",https://www.imdb.com/title/tt28919914/,TV Series,6.9,23,2023,"Animation, Comedy, Romance",4575,2023-10-08,,,
717,tt15446834,2024-12-17,2024-12-17,,"Aseq","Aseq",https://www.imdb.com/title/tt15446834/,Movie,5.2,106,2022,"Drama, Horror",3984,2022-03-15,"Sarim Momin",,
718,tt21030032,2024-12-17,2024-12-17,,"Oshi No Ko","Oshi no Ko",https://www.imdb.com/title/tt21030032/,TV Series,8.3,24,2023,"Animation, Drama, Fantasy, Music, Mystery, Thriller",17668,2023-04-12,,,
719,tt26743760,2024-12-17,2024-12-17,,"The Apothecary Diaries","Kusuriya no Hitorigoto",https://www.imdb.com/title/tt26743760/,TV Series,8.6,23,2023,"Animation, Drama, History, Mystery, Romance",26647,2023-10-21,,,
720,tt29623480,2024-12-30,2024-12-30,,"The Wild Robot","The Wild Robot",https://www.imdb.com/title/tt29623480/,Movie,8.2,102,2024,"Animation, Adventure, Family, Sci-Fi",233595,2024-09-27,"Chris Sanders",,
721,tt1462758,2025-01-02,2025-01-02,,"Buried","Buried",https://www.imdb.com/title/tt1462758/,Movie,7.0,95,2010,"Drama, Mystery, Thriller",177127,2010-10-15,"Rodrigo Cortés",,
722,tt5867314,2025-01-02,2025-01-02,,"The Empty Man","The Empty Man",https://www.imdb.com/title/tt5867314/,Movie,6.2,137,2020,"Drama, Horror, Mystery, Thriller",50934,2020-10-23,"David Prior",,
723,tt3811906,2025-01-02,2025-01-02,,"Malignant","Malignant",https://www.imdb.com/title/tt3811906/,Movie,6.2,111,2021,"Crime, Horror, Mystery",122523,2021-09-10,"James Wan",,
724,tt3489184,2025-01-02,2025-01-02,,"Constantine","Constantine",https://www.imdb.com/title/tt3489184/,TV Series,7.5,43,2014,"Crime, Drama, Fantasy, Horror, Thriller",58858,2014-10-24,,,
725,tt10645878,2025-01-03,2025-01-03,,"Posham Pa","Posham Pa",https://www.imdb.com/title/tt10645878/,TV Movie,6.3,150,2019,"Crime, Drama, Thriller",663,2019-08-21,"Suman Mukhopadhyay",,
726,tt22410622,2025-01-03,2025-01-03,,"My Home Hero","My Home Hero",https://www.imdb.com/title/tt22410622/,TV Series,7.1,23,2023,"Animation, Crime, Drama, Thriller",1072,2023-04-02,,,
727,tt1995341,2025-01-03,2025-01-03,,"It's a Disaster","It's a Disaster",https://www.imdb.com/title/tt1995341/,Movie,6.4,88,2012,"Comedy, Drama",12070,2013-06-07,"Todd Berger",,
728,tt17522580,2025-01-09,2025-01-09,,"Community: Webisodes","Community: Webisodes",https://www.imdb.com/title/tt17522580/,TV Series,8.2,5,2009,"Short, Comedy",312,2009-08-20,,,
729,tt0914863,2025-01-21,2025-01-21,,"Unthinkable","Unthinkable",https://www.imdb.com/title/tt0914863/,Movie,7.0,97,2010,"Crime, Drama, Thriller",100993,2010-05-26,"Gregor Jordan",,
730,tt27403986,2025-01-25,2025-01-25,,"Juror #2","Juror #2",https://www.imdb.com/title/tt27403986/,Movie,7.0,114,2024,"Crime, Drama, Mystery, Thriller",129402,2024-12-20,"Clint Eastwood",,
731,tt3137630,2025-01-27,2025-01-27,,"David Brent: Life on the Road","David Brent: Life on the Road",https://www.imdb.com/title/tt3137630/,Movie,6.3,96,2016,"Comedy, Music",23184,2017-02-10,"Ricky Gervais",,
732,tt0445114,2025-01-27,2025-01-27,,"Extras","Extras",https://www.imdb.com/title/tt0445114/,TV Series,8.3,30,2005,"Comedy, Drama",63803,2005-09-25,,,
733,tt4742790,2025-01-29,2025-01-29,,"Rush Hour 4: Face/Off 2","Rush Hour 4: Face/Off 2",https://www.imdb.com/title/tt4742790/,TV Short,6.6,3,2015,"Short, Comedy",191,2015-04-26,"Pat Bishop",,
734,tt0113247,2025-02-19,2025-02-19,,"La haine","La haine",https://www.imdb.com/title/tt0113247/,Movie,8.1,98,1995,"Crime, Drama",229938,1996-02-23,"Mathieu Kassovitz",,
735,tt10040978,2025-02-26,2025-02-26,,"12 O'Clock","12 O'Clock",https://www.imdb.com/title/tt10040978/,Movie,3.3,155,2021,"Horror, Thriller",340,2021-01-08,"Ram Gopal Varma",,
736,tt1778924,2025-03-05,2025-03-05,,"The Ultimate Life","The Ultimate Life",https://www.imdb.com/title/tt1778924/,Movie,6.1,105,2013,"Drama, Romance",2017,2018-08-15,"Michael Landon Jr.",,
737,tt0482629,2025-03-05,2025-03-05,,"The Ultimate Gift","The Ultimate Gift",https://www.imdb.com/title/tt0482629/,Movie,7.3,114,2006,"Drama, Family, Romance",23427,2007-03-09,"Michael O. Sajbel",,
738,tt0949731,2025-03-17,2025-03-17,,"The Happening","The Happening",https://www.imdb.com/title/tt0949731/,Movie,5.0,91,2008,"Adventure, Drama, Sci-Fi, Thriller",227644,2008-06-13,"M. Night Shyamalan",,
739,tt0410297,2025-03-17,2025-03-17,,"The Lake House","The Lake House",https://www.imdb.com/title/tt0410297/,Movie,6.8,99,2006,"Drama, Fantasy, Romance",166199,2006-06-16,"Alejandro Agresti",,
740,tt4799050,2025-05-30,2025-05-30,,"Rough Night","Rough Night",https://www.imdb.com/title/tt4799050/,Movie,5.3,101,2017,"Comedy",59211,2017-06-16,"Lucia Aniello",,
741,tt30253473,2025-06-22,2025-06-22,,"Materialists","Materialists",https://www.imdb.com/title/tt30253473/,Movie,6.2,116,2025,"Comedy, Drama, Romance",104276,2025-06-13,"Celine Song",,
742,tt30840798,2025-06-22,2025-06-22,,"The Phoenician Scheme","The Phoenician Scheme",https://www.imdb.com/title/tt30840798/,Movie,6.6,101,2025,"Action, Comedy, Crime, Drama, Thriller",72120,2025-06-06,"Wes Anderson",,
743,tt0493437,2025-06-29,2025-06-29,,"Apna Sapna Money Money","Apna Sapna Money Money",https://www.imdb.com/title/tt0493437/,Movie,5.5,134,2006,"Comedy, Musical, Romance",2589,2006-11-10,"Sangeeth Sivan",,
744,tt0283900,2025-06-30,2025-06-30,,"The Spanish Apartment","L'auberge espagnole",https://www.imdb.com/title/tt0283900/,Movie,7.3,122,2002,"Comedy, Drama, Romance",44155,2003-06-20,"Cédric Klapisch",,
745,tt0211915,2025-06-30,2025-06-30,,"Amélie","Le Fabuleux Destin d'Amélie Poulain",https://www.imdb.com/title/tt0211915/,Movie,8.2,122,2001,"Comedy, Romance",844529,2002-02-08,"Jean-Pierre Jeunet",,
746,tt23476446,2025-07-18,2025-07-18,,"Daaaaaali!","Daaaaaalí!",https://www.imdb.com/title/tt23476446/,Movie,6.6,77,2023,"Comedy, Drama",4347,2024-02-07,"Quentin Dupieux",,
747,tt4246894,2025-07-26,2025-07-26,,"The Paradise Suite","The Paradise Suite",https://www.imdb.com/title/tt4246894/,Movie,7.2,123,2015,"Drama",1874,2015-10-29,"Joost van Ginkel",,
748,tt1833647,2025-07-26,2025-07-26,,"Avé","Avé",https://www.imdb.com/title/tt1833647/,Movie,6.8,86,2011,"Drama",1672,2012-03-09,"Konstantin Bojanov",,
749,tt22168840,2025-07-26,2025-07-26,,"Triptych","Triptych",https://www.imdb.com/title/tt22168840/,Short,7.7,15,2024,"Short, Horror, Thriller",20,2024-08-17,"Sophia Ray",,
750,tt0305357,2025-07-27,2025-07-27,,"Charlie's Angels: Full Throttle","Charlie's Angels: Full Throttle",https://www.imdb.com/title/tt0305357/,Movie,5.0,106,2003,"Action, Adventure, Comedy, Crime",138359,2003-06-27,"McG",,
751,tt14753612,2025-07-31,2025-07-31,,"Swatantrya Veer Savarkar","Swatantrya Veer Savarkar",https://www.imdb.com/title/tt14753612/,Movie,7.7,176,2024,"Biography, Drama",18285,2024-03-22,"Randeep Hooda",,
752,tt28152747,2025-07-31,2025-07-31,,"Sergeant","Sergeant",https://www.imdb.com/title/tt28152747/,Movie,3.9,123,2023,"Drama, Thriller",514,2023-06-30,"Prawaal Raman, Sunil Kumar",,
753,tt22297578,2025-07-31,2025-07-31,,"Cat","CAT",https://www.imdb.com/title/tt22297578/,TV Series,8.1,45,2022,"Crime, Drama, Thriller",13819,2022-12-09,,,
754,tt4857886,2025-07-31,2025-07-31,,"Do Lafzon Ki Kahani","Do Lafzon Ki Kahani",https://www.imdb.com/title/tt4857886/,Movie,6.5,128,2016,"Action, Drama, Romance, Sport",1881,2016-06-10,"Deepak Tijori",,
755,tt0380510,2025-08-23,2025-08-23,,"The Lovely Bones","The Lovely Bones",https://www.imdb.com/title/tt0380510/,Movie,6.6,135,2009,"Drama, Fantasy, Thriller",192943,2010-01-15,"Peter Jackson",,
756,tt3416532,2025-08-23,2025-08-23,,"A Monster Calls","A Monster Calls",https://www.imdb.com/title/tt3416532/,Movie,7.4,108,2016,"Adventure, Drama, Family, Fantasy",99419,2017-01-06,"J.A. Bayona",,
757,tt5027774,2025-08-23,2025-08-23,,"Three Billboards Outside Ebbing, Missouri","Three Billboards Outside Ebbing, Missouri",https://www.imdb.com/title/tt5027774/,Movie,8.1,115,2017,"Comedy, Crime, Drama",613088,2017-12-01,"Martin McDonagh",,
758,tt0426931,2025-08-23,2025-08-23,,"August Rush","August Rush",https://www.imdb.com/title/tt0426931/,Movie,7.4,114,2007,"Drama, Music",115092,2007-11-21,"Kirsten Sheridan",,
759,tt0223897,2025-08-23,2025-08-23,,"Pay It Forward","Pay It Forward",https://www.imdb.com/title/tt0223897/,Movie,7.2,123,2000,"Drama",128126,2000-10-20,"Mimi Leder",,
760,tt13860794,2025-08-23,2025-08-23,,"Not Today","Not Today",https://www.imdb.com/title/tt13860794/,Movie,7.0,92,2021,"Drama",1139,2025-07-18,"Aditya Kripalani",,
761,tt32843349,2025-09-07,2025-09-07,,"Sorry, Baby","Sorry, Baby",https://www.imdb.com/title/tt32843349/,Movie,7.1,103,2025,"Comedy, Drama",25490,2025-07-25,"Eva Victor",,
762,tt0109506,2025-09-15,2025-09-15,,"The Crow","The Crow",https://www.imdb.com/title/tt0109506/,Movie,7.5,102,1994,"Action, Crime, Drama, Fantasy, Horror, Thriller",232701,1994-05-13,"Alex Proyas",,
763,tt2294189,2025-09-15,2025-09-15,,"The Fall","The Fall",https://www.imdb.com/title/tt2294189/,TV Series,8.1,60,2013,"Crime, Drama, Thriller",132997,2013-05-12,,,
764,tt0460791,2025-09-15,2025-09-15,,"The Fall","The Fall",https://www.imdb.com/title/tt0460791/,Movie,7.8,117,2006,"Adventure, Drama, Fantasy",130618,2008-05-30,"Tarsem Singh",,
765,tt0824747,2025-09-22,2025-09-22,,"Changeling","Changeling",https://www.imdb.com/title/tt0824747/,Movie,7.7,141,2008,"Biography, Crime, Drama, History, Mystery, Thriller",276005,2008-10-31,"Clint Eastwood",,
766,tt26733325,2025-10-04,2025-10-04,,"Homebound","Homebound",https://www.imdb.com/title/tt26733325/,Movie,7.9,119,2025,"Drama",14222,2025-09-26,"Neeraj Ghaywan",,
767,tt10795574,2025-10-05,2025-10-05,,"A Suitable Boy","A Suitable Boy",https://www.imdb.com/title/tt10795574/,TV Series,6.2,60,2020,"Drama, Romance",6032,2020-12-07,,,
768,tt8740614,2025-10-05,2025-10-05,,"The Residence","The Residence",https://www.imdb.com/title/tt8740614/,TV Mini Series,7.7,50,2025,"Comedy, Crime, Drama, Mystery",64733,2025-03-20,,,
769,tt0208092,2025-10-09,2025-10-09,,"Snatch","Snatch",https://www.imdb.com/title/tt0208092/,Movie,8.2,102,2000,"Comedy, Crime",982195,2001-01-19,"Guy Ritchie",,
770,tt2401256,2025-10-13,2025-10-13,,"The Night Of","The Night Of",https://www.imdb.com/title/tt2401256/,TV Mini Series,8.4,60,2016,"Crime, Drama, Mystery",197946,2016-06-24,,,
771,tt0352314,2025-10-18,2025-10-18,,"Ek Hasina Thi","Ek Hasina Thi",https://www.imdb.com/title/tt0352314/,Movie,7.5,120,2004,"Action, Crime, Drama, Mystery, Thriller",8521,2004-01-16,"Sriram Raghavan",,
772,tt1850457,2025-10-19,2025-10-19,,"Sisters","Sisters",https://www.imdb.com/title/tt1850457/,Movie,6.0,118,2015,"Comedy",73747,2015-12-18,"Jason Moore",,
773,tt5875444,2025-10-19,2025-10-19,,"Slow Horses","Slow Horses",https://www.imdb.com/title/tt5875444/,TV Series,8.3,50,2022,"Drama, Thriller",151829,2022-04-01,,,
774,tt0118715,2025-10-19,2025-10-19,,"The Big Lebowski","The Big Lebowski",https://www.imdb.com/title/tt0118715/,Movie,8.1,117,1998,"Comedy, Crime",921648,1998-03-06,"Joel Coen, Ethan Coen",,
775,tt21064584,2025-10-19,2025-10-19,,"The Iron Claw","The Iron Claw",https://www.imdb.com/title/tt21064584/,Movie,7.5,132,2023,"Biography, Drama, Sport",120986,2023-12-22,"Sean Durkin",,
776,tt3402138,2025-10-19,2025-10-19,,"The Naked Gun","The Naked Gun",https://www.imdb.com/title/tt3402138/,Movie,6.3,85,2025,"Action, Comedy, Crime",133213,2025-08-01,"Akiva Schaffer",,
777,tt1706620,2025-10-19,2025-10-19,,"Snowpiercer","Snowpiercer",https://www.imdb.com/title/tt1706620/,Movie,7.1,126,2013,"Action, Drama, Sci-Fi, Thriller",423791,2014-07-11,"Bong Joon Ho",,
778,tt19223248,2025-10-19,2025-10-19,,"Lord Curzon Ki Haveli","Lord Curzon Ki Haveli",https://www.imdb.com/title/tt19223248/,Movie,5.9,108,2023,"Comedy, Thriller",8244,2026-05-30,"Anshuman Jha",,
779,tt0338751,2025-10-19,2025-10-19,,"The Aviator","The Aviator",https://www.imdb.com/title/tt0338751/,Movie,7.5,170,2004,"Biography, Drama",411411,2004-12-25,"Martin Scorsese",,
780,tt0112461,2025-10-19,2025-10-19,,"The Basketball Diaries","The Basketball Diaries",https://www.imdb.com/title/tt0112461/,Movie,7.3,102,1995,"Biography, Crime, Drama, Sport",133817,1995-04-21,"Scott Kalvert",,
781,tt1616195,2025-10-19,2025-10-19,,"J. Edgar","J. Edgar",https://www.imdb.com/title/tt1616195/,Movie,6.5,137,2011,"Biography, Drama, Romance",138743,2011-11-11,"Clint Eastwood",,
782,tt7456390,2025-10-30,2025-10-30,,"Haq Se","Haq Se",https://www.imdb.com/title/tt7456390/,TV Series,8.1,25,2018,"Drama",607,2018-02-02,,,
783,tt6084582,2025-10-30,2025-10-30,,"P.O.W. Bandi Yuddh Ke","P.O.W. Bandi Yuddh Ke",https://www.imdb.com/title/tt6084582/,TV Series,6.2,24,2016,"Drama, Thriller",1462,2016-11-07,,,
784,tt8749962,2025-11-13,2025-11-13,,"Ashke","Ashke",https://www.imdb.com/title/tt8749962/,Movie,7.2,122,2018,"Drama, Romance",1935,2018-07-27,"Amberdeep Singh",7,2020-07-06
785,tt27736430,2025-11-13,2025-11-13,,"Daaru Na Peenda Hove","Daaru Na Peenda Hove",https://www.imdb.com/title/tt27736430/,Movie,6.3,111,2024,"Comedy, Drama, Family",2431,2024-08-02,"Rajiv Dhingra",,
786,tt21309170,2025-11-13,2025-11-13,,"Chhalla Mud Ke Nahi Aaya","Chhalla Mud Ke Nahi Aya",https://www.imdb.com/title/tt21309170/,Movie,7.2,138,2022,"Drama, Family",1280,2022-07-29,"Amrinder Gill",,
787,tt8220706,2025-11-13,2025-11-13,,"Daana Paani","Daana Paani",https://www.imdb.com/title/tt8220706/,Movie,7.9,105,2018,"Family",799,2018-05-04,"Tarnvir Singh Jagpal",,
788,tt2746136,2025-11-13,2025-11-13,,"Saadi Love Story","Saadi Love Story",https://www.imdb.com/title/tt2746136/,Movie,5.4,115,2013,"Comedy, Romance",316,2013-01-11,"Dheeraj Rattan",,
789,tt0058759,2025-11-16,2025-11-16,,"Yaadein","Yaadein",https://www.imdb.com/title/tt0058759/,Movie,7.4,113,1964,"Drama, Mystery",155,1964,"Sunil Dutt",,
790,tt2261700,2025-11-16,2025-11-16,,"Land of Cards","Tasher Desh",https://www.imdb.com/title/tt2261700/,Movie,5.4,112,2012,"Fantasy",468,2013-08-23,"Qaushiq Mukherjee",,
791,tt9526826,2025-11-16,2025-11-16,,"Android Kunjappan Ver 5.25","Android Kunjappan Version 5.25",https://www.imdb.com/title/tt9526826/,Movie,8.0,140,2019,"Comedy, Drama, Sci-Fi",7660,2019-11-22,"Ratheesh Balakrishnan Poduval",,
792,tt1608777,2025-11-16,2025-11-16,,"LSD: Love, Sex Aur Dhokha","LSD: Love, Sex Aur Dhokha",https://www.imdb.com/title/tt1608777/,Movie,7.1,155,2010,"Comedy, Crime, Drama, Romance",6580,2010-03-19,"Dibakar Banerjee",,
793,tt14398312,2025-11-16,2025-11-16,,"LSD 2: Love, Sex Aur Dhokha 2","LSD 2: Love, Sex Aur Dhokha 2",https://www.imdb.com/title/tt14398312/,Movie,3.7,119,2024,"Comedy, Crime, Drama, Reality-TV, Romance, Thriller",2860,2024-04-19,"Dibakar Banerjee",,
794,tt8992946,2025-11-16,2025-11-16,,"Cargo","Cargo",https://www.imdb.com/title/tt8992946/,Movie,5.6,119,2019,"Drama, Fantasy, Sci-Fi",3215,2020-09-09,"Arati Kadav",,
795,tt15576290,2025-11-18,2025-11-18,,"Do Aur Do Pyaar","Do Aur Do Pyaar",https://www.imdb.com/title/tt15576290/,Movie,6.4,140,2024,"Comedy, Drama, Romance",12408,2024-04-19,"Shirsha Guha Thakurta",,
796,tt27866861,2025-11-18,2025-11-18,,"I Want to Talk","I Want to Talk",https://www.imdb.com/title/tt27866861/,Movie,7.1,122,2024,"Drama",2639,2024-11-22,"Shoojit Sircar",,
797,tt30798612,2025-11-18,2025-11-18,,"Crazxy","Crazxy",https://www.imdb.com/title/tt30798612/,Movie,6.6,93,2025,"Drama, Thriller",18068,2025-02-28,"Girish Kohli",,
798,tt28377588,2025-11-18,2025-11-18,,"Ground Zero","Ground Zero",https://www.imdb.com/title/tt28377588/,Movie,6.6,134,2025,"Action, Drama, History",7137,2025-04-25,"Tejas Prabha Vijay Deoskar",,
799,tt0451631,2025-11-21,2025-11-21,,"Apaharan","Apaharan",https://www.imdb.com/title/tt0451631/,Movie,7.4,173,2005,"Action, Crime, Drama",5650,2005-12-02,"Prakash Jha",,
800,tt1629376,2025-12-03,2025-12-03,,"7 Khoon Maaf","7 Khoon Maaf",https://www.imdb.com/title/tt1629376/,Movie,6.3,137,2011,"Comedy, Drama, Mystery, Thriller",7113,2011-02-18,"Vishal Bhardwaj",,
801,tt0770214,2025-12-03,2025-12-03,,"Kabul Express","Kabul Express",https://www.imdb.com/title/tt0770214/,Movie,6.8,105,2006,"Adventure, Comedy, Drama, Thriller, War",4032,2006-12-15,"Kabir Khan",,
802,tt3638428,2025-12-03,2025-12-03,,"Katputtli","Katputtli",https://www.imdb.com/title/tt3638428/,Movie,5.8,119,2006,"Mystery, Thriller",42,2006-08-19,"Sanjay Khanna",,
803,tt0476884,2025-12-03,2025-12-03,,"Taxi No. 9 2 11: Nau Do Gyarah","Taxi No. 9 2 11: Nau Do Gyarah",https://www.imdb.com/title/tt0476884/,Movie,7.3,116,2006,"Comedy, Drama, Thriller",11458,2006-02-24,"Milan Luthria",,
804,tt0240200,2025-12-03,2025-12-03,,"Water","Water",https://www.imdb.com/title/tt0240200/,Movie,7.7,117,2005,"Drama",15846,2006-05-26,"Deepa Mehta",,
805,tt7094488,2025-12-03,2025-12-03,,"Sandeep Aur Pinky Faraar","Sandeep Aur Pinky Faraar",https://www.imdb.com/title/tt7094488/,Movie,6.3,125,2021,"Comedy, Crime, Drama",9306,2021-03-19,"Dibakar Banerjee",,
806,tt1327194,2025-12-06,2025-12-06,,"The Lucky One","The Lucky One",https://www.imdb.com/title/tt1327194/,Movie,6.4,101,2012,"Drama, Mystery, Romance, War",118876,2012-04-20,"Scott Hicks",,
807,tt17491088,2025-12-17,2025-12-17,,"The Diplomat","The Diplomat",https://www.imdb.com/title/tt17491088/,TV Series,8.0,50,2023,"Drama, Thriller",99539,2023-04-20,,,
808,tt0886539,2025-12-24,2025-12-24,,"Luck by Chance","Luck by Chance",https://www.imdb.com/title/tt0886539/,Movie,7.1,156,2009,"Drama",11889,2009-01-30,"Zoya Akhtar",,
809,tt38672269,2025-12-24,2025-12-24,,"Me No Pause Me Play","Me No Pause Me Play",https://www.imdb.com/title/tt38672269/,Movie,6.1,140,2025,,1540,2025-11-28,"Rohitkumar Karkar, Samar K. Mukherjee",,
810,tt0099818,2026-01-05,2026-01-05,,"I Hired a Contract Killer","I Hired a Contract Killer",https://www.imdb.com/title/tt0099818/,Movie,7.1,79,1990,"Comedy, Crime, Drama, Romance",9071,1990-10-12,"Aki Kaurismäki",,
811,tt30820007,2026-01-07,2026-01-07,,"Kan Khajura","Kan Khajura",https://www.imdb.com/title/tt30820007/,TV Series,7.1,35,2025,"Crime, Drama, Thriller",850,2025-05-30,,,
812,tt2073070,2026-02-01,2026-02-01,,"Saheb Biwi Aur Gangster","Saheb Biwi Aur Gangster",https://www.imdb.com/title/tt2073070/,Movie,7.1,118,2011,"Action, Crime, Drama, Romance, Thriller",4570,2011-09-23,"Tigmanshu Dhulia",,
813,tt5918074,2026-02-01,2026-02-01,,"A Death in the Gunj","A Death in the Gunj",https://www.imdb.com/title/tt5918074/,Movie,7.4,110,2016,"Drama, Thriller",6893,2017-06-02,"Konkona Sen Sharma",,
814,tt31314791,2026-02-05,2026-02-05,,"The Copenhagen Test","The Copenhagen Test",https://www.imdb.com/title/tt31314791/,TV Series,7.1,,2025,"Action, Fantasy, Sci-Fi, Thriller",8321,2025-12-27,,,
815,tt7725422,2026-02-05,2026-02-05,,"Vida","Vida",https://www.imdb.com/title/tt7725422/,TV Series,7.4,30,2018,"Comedy, Drama",4225,2018-05-06,,,
816,tt0052572,2026-02-05,2026-02-05,,"The World of Apu","Apur Sansar",https://www.imdb.com/title/tt0052572/,Movie,8.4,105,1959,"Drama",20486,1960-10-04,"Satyajit Ray",,
817,tt0396269,2026-02-16,2026-02-16,,"Wedding Crashers","Wedding Crashers",https://www.imdb.com/title/tt0396269/,Movie,7.0,119,2005,"Comedy, Romance",400994,2005-07-15,"David Dobkin",,
818,tt0196229,2026-02-16,2026-02-16,,"Zoolander","Zoolander",https://www.imdb.com/title/tt0196229/,Movie,6.5,90,2001,"Comedy",319459,2001-09-28,"Ben Stiller",,
819,tt10318332,2026-03-15,2026-03-15,,"Badnaam Gali","Badnaam Gali",https://www.imdb.com/title/tt10318332/,Movie,6.9,95,2019,"Comedy",1596,2019-05-10,"Ashwin Shetty",,
820,tt10235600,2026-03-17,2026-03-17,,"Kaali Khuhi","Kaali Khuhi",https://www.imdb.com/title/tt10235600/,Movie,3.7,90,2020,"Drama, Horror, Mystery, Thriller",1571,2020-10-30,"Terrie Samundra",,
821,tt1230448,2026-03-18,2026-03-18,,"Billu","Billu",https://www.imdb.com/title/tt1230448/,Movie,6.5,137,2009,"Comedy, Drama",15164,2009-02-13,"Priyadarshan",,
822,tt36544524,2026-03-26,2026-03-26,,"A Poet","Un poeta",https://www.imdb.com/title/tt36544524/,Movie,7.9,123,2025,"Comedy, Drama",5307,2025-08-28,"Simón Mesa Soto",,
823,tt24458622,2026-03-27,2026-03-27,,"The Six Triple Eight","The Six Triple Eight",https://www.imdb.com/title/tt24458622/,Movie,6.7,127,2024,"Drama, History, War",32578,2024-12-20,"Tyler Perry",,
824,tt0263757,2026-03-30,2026-03-30,,"Uptown Girls","Uptown Girls",https://www.imdb.com/title/tt0263757/,Movie,6.3,92,2003,"Comedy, Drama, Romance",54210,2003-08-15,"Boaz Yakin",,
825,tt0810784,2026-04-01,2026-04-01,,"Bright Star","Bright Star",https://www.imdb.com/title/tt0810784/,Movie,6.9,119,2009,"Biography, Drama, Romance",29959,2009-10-09,"Jane Campion",,
826,tt33301434,2026-04-05,2026-04-05,,"Mile End Kicks","Mile End Kicks",https://www.imdb.com/title/tt33301434/,Movie,6.2,111,2025,"Comedy, Drama, Music, Romance",1771,2026-04-17,"Chandler Levack",,
827,tt0098384,2026-04-05,2026-04-05,,"Steel Magnolias","Steel Magnolias",https://www.imdb.com/title/tt0098384/,Movie,7.3,117,1989,"Comedy, Drama, Romance",70194,1989-11-22,"Herbert Ross",,
828,tt35335046,2026-04-06,2026-04-06,,"Taskaree: The Smuggler's Web","Taskaree: The Smuggler's Web",https://www.imdb.com/title/tt35335046/,TV Series,7.1,45,2026,"Crime, Thriller",7206,2026-01-14,,,
829,tt3411444,2026-04-09,2026-04-09,,"Ferdinand","Ferdinand",https://www.imdb.com/title/tt3411444/,Movie,6.7,108,2017,"Animation, Adventure, Comedy, Drama, Family",71901,2017-12-15,"Carlos Saldanha",,
830,tt3470600,2026-04-09,2026-04-09,,"Sing","Sing",https://www.imdb.com/title/tt3470600/,Movie,7.1,108,2016,"Animation, Comedy, Family, Music",215482,2016-12-21,"Garth Jennings, Christophe Lourdelet",,
831,tt1080016,2026-04-09,2026-04-09,,"Ice Age: Dawn of the Dinosaurs","Ice Age: Dawn of the Dinosaurs",https://www.imdb.com/title/tt1080016/,Movie,6.9,94,2009,"Animation, Adventure, Comedy, Family",288289,2009-07-01,"Carlos Saldanha, Michael Thurmeier",,
832,tt0116407,2026-04-09,2026-04-09,,"Ghatak","Ghatak: Lethal",https://www.imdb.com/title/tt0116407/,Movie,7.6,158,1996,"Action, Drama",4949,1996-11-15,"Rajkumar Santoshi",,
833,tt0284137,2026-04-09,2026-04-09,,"Gadar: Ek Prem Katha","Gadar: Ek Prem Katha",https://www.imdb.com/title/tt0284137/,Movie,7.3,170,2001,"Action, Drama, Romance",16824,2001-06-15,"Anil Sharma",,
834,tt0099652,2026-04-09,2026-04-09,,"Ghayal","Ghayal",https://www.imdb.com/title/tt0099652/,Movie,7.7,163,1990,"Action, Crime, Drama, Thriller",5640,1990-06-22,"Rajkumar Santoshi",,
835,tt0110367,2026-04-18,2026-04-18,,"Little Women","Little Women",https://www.imdb.com/title/tt0110367/,Movie,7.3,115,1994,"Drama, Family, Romance",69635,1994-12-25,"Gillian Armstrong",,
836,tt0172493,2026-04-18,2026-04-18,,"Girl, Interrupted","Girl, Interrupted",https://www.imdb.com/title/tt0172493/,Movie,7.3,127,1999,"Biography, Drama",235763,2000-01-14,"James Mangold",,
837,tt0449089,2026-05-01,2026-05-01,,"RV","RV",https://www.imdb.com/title/tt0449089/,Movie,5.6,99,2006,"Adventure, Comedy, Family",67721,2006-04-28,"Barry Sonnenfeld",,
838,tt1734110,2026-05-01,2026-05-01,,"No One Killed Jessica","No One Killed Jessica",https://www.imdb.com/title/tt1734110/,Movie,7.2,136,2011,"Biography, Crime, Drama, Thriller",13264,2011-01-07,"Raj Kumar Gupta",,
839,tt14829590,2026-05-25,2026-05-25,,"Why Didn't They Ask Evans?","Why Didn't They Ask Evans?",https://www.imdb.com/title/tt14829590/,TV Mini Series,7.0,58,2022,"Comedy, Mystery, Thriller",9976,2022-04-12,,,
840,tt10846250,2026-05-25,2026-05-25,,"Roadkill","Roadkill",https://www.imdb.com/title/tt10846250/,TV Mini Series,6.9,57,2020,"Drama, Thriller",6448,2020-11-01,,,
841,tt0289765,2026-05-28,2026-05-28,,"Red Dragon","Red Dragon",https://www.imdb.com/title/tt0289765/,Movie,7.2,124,2002,"Crime, Drama, Thriller",313252,2002-10-04,"Brett Ratner",,
842,tt0808417,2026-06-05,2026-06-05,,"Persepolis","Persepolis",https://www.imdb.com/title/tt0808417/,Movie,8.0,96,2007,"Animation, Biography, Drama, History, War",106802,2008-02-22,"Vincent Paronnaud, Marjane Satrapi",,
843,tt0092593,2026-06-05,2026-06-05,,"Au Revoir Les Enfants","Au revoir les enfants",https://www.imdb.com/title/tt0092593/,Movie,8.0,104,1987,"Drama, War",38783,1988-02-12,"Louis Malle",,
844,tt0093209,2026-06-05,2026-06-05,,"Hope and Glory","Hope and Glory",https://www.imdb.com/title/tt0093209/,Movie,7.3,113,1987,"Comedy, Drama, Romance",15988,1988-02-19,"John Boorman",,
845,tt1996310,2026-06-05,2026-06-05,,"Lore","Lore",https://www.imdb.com/title/tt1996310/,Movie,7.1,109,2012,"Drama, Romance, War",16561,2012-09-20,"Cate Shortland",,
846,tt0424227,2026-06-05,2026-06-05,,"Turtles Can Fly","Lakposhtha parvaz mikonand",https://www.imdb.com/title/tt0424227/,Movie,8.0,98,2004,"Drama, War",22873,2005-02-23,"Bahman Ghobadi",,
847,tt26225038,2026-07-07,2026-07-07,,"Death's Game","Yijae, Got Jookseummida",https://www.imdb.com/title/tt26225038/,TV Series,8.4,60,2023,"Drama, Fantasy, Horror",25166,2023-12-15,,,
848,tt24640580,2026-07-07,2026-07-07,,"Moving","Mubing",https://www.imdb.com/title/tt24640580/,TV Series,8.4,60,2023,"Action, Adventure, Drama, Fantasy, Sci-Fi, Thriller",16963,2023-08-09,,,
849,tt20600022,2026-07-07,2026-07-07,,"The Worst of Evil","Choeakui Ak",https://www.imdb.com/title/tt20600022/,TV Series,8.3,60,2023,"Action, Crime, Drama, Mystery, Thriller",8319,2023-09-27,,,
850,tt13433812,2026-07-07,2026-07-07,,"Vincenzo","Binsenjo",https://www.imdb.com/title/tt13433812/,TV Series,8.4,80,2021,"Action, Comedy, Crime, Drama, Romance",41732,2021-02-20,,,
851,tt27446493,2026-07-07,2026-07-07,,"Twinkling Watermelon","Banjjagineun Woteomellon",https://www.imdb.com/title/tt27446493/,TV Series,8.8,70,2023,"Comedy, Drama, Fantasy, Music, Romance",15749,2023-09-25,,,
852,tt0414387,2026-07-11,2026-07-11,,"Pride & Prejudice","Pride & Prejudice",https://www.imdb.com/title/tt0414387/,Movie,7.8,129,2005,"Drama, Romance",381073,2005-11-23,"Joe Wright",,
853,tt22004344,2026-07-14,2026-07-14,,"Snack Shack","Snack Shack",https://www.imdb.com/title/tt22004344/,Movie,7.0,112,2024,"Comedy, Drama",18253,2024-07-01,"Adam Rehmeier",,
854,tt13064902,2026-07-29,2026-07-29,,"FUBAR","Fubar",https://www.imdb.com/title/tt13064902/,TV Series,6.5,55,2023,"Action, Adventure, Comedy, Thriller",46767,2023-05-25,,,
855,tt0432283,2026-08-06,2026-08-06,,"Fantastic Mr. Fox","Fantastic Mr. Fox",https://www.imdb.com/title/tt0432283/,Movie,7.9,87,2009,"Animation, Adventure, Comedy, Crime, Drama, Family",308648,2009-11-25,"Wes Anderson",,
856,tt1748122,2026-08-06,2026-08-06,,"Moonrise Kingdom","Moonrise Kingdom",https://www.imdb.com/title/tt1748122/,Movie,7.7,94,2012,"Adventure, Comedy, Drama, Fantasy, Romance",384317,2012-06-29,"Wes Anderson",,
857,tt0265666,2026-08-06,2026-08-06,,"The Royal Tenenbaums","The Royal Tenenbaums",https://www.imdb.com/title/tt0265666/,Movie,7.6,110,2001,"Comedy, Drama",337847,2002-01-04,"Wes Anderson",,
858,tt0128445,2026-08-06,2026-08-06,,"Rushmore","Rushmore",https://www.imdb.com/title/tt0128445/,Movie,7.6,93,1998,"Comedy, Drama, Romance",209250,1999-02-19,"Wes Anderson",,
859,tt0362270,2026-08-06,2026-08-06,,"The Life Aquatic with Steve Zissou","The Life Aquatic with Steve Zissou",https://www.imdb.com/title/tt0362270/,Movie,7.2,119,2004,"Action, Adventure, Comedy, Drama, Romance",221897,2004-12-25,"Wes Anderson",,
860,tt8847712,2026-08-06,2026-08-06,,"The French Dispatch","The French Dispatch of the Liberty, Kansas Evening Sun",https://www.imdb.com/title/tt8847712/,Movie,7.1,107,2021,"Comedy, Drama, Romance",169722,2021-10-22,"Wes Anderson",,
861,tt0115734,2026-08-06,2026-08-06,,"Bottle Rocket","Bottle Rocket",https://www.imdb.com/title/tt0115734/,Movie,6.9,91,1996,"Comedy, Crime, Drama",88843,1996-02-21,"Wes Anderson",,
862,tt14230388,2026-08-06,2026-08-06,,"Asteroid City","Asteroid City",https://www.imdb.com/title/tt14230388/,Movie,6.4,105,2023,"Comedy, Drama, Romance, Sci-Fi",146335,2023-06-23,"Wes Anderson",,
863,tt0063522,2026-08-06,2026-08-06,,"Rosemary's Baby","Rosemary's Baby",https://www.imdb.com/title/tt0063522/,Movie,8.0,137,1968,"Drama, Horror",259982,1968-06-12,"Roman Polanski",,
864,tt0087644,2026-08-06,2026-08-06,,"Love Streams","Love Streams",https://www.imdb.com/title/tt0087644/,Movie,7.6,141,1984,"Drama",7514,1984-08-24,"John Cassavetes",,
865,tt0072417,2026-08-06,2026-08-06,,"A Woman Under the Influence","A Woman Under the Influence",https://www.imdb.com/title/tt0072417/,Movie,8.0,155,1974,"Drama, Romance",33802,1974-11-18,"John Cassavetes",,
866,tt0079672,2026-08-06,2026-08-06,,"Opening Night","Opening Night",https://www.imdb.com/title/tt0079672/,Movie,7.8,144,1977,"Drama",14212,1978-04-17,"John Cassavetes",,
867,tt0074749,2026-08-06,2026-08-06,,"The Killing of a Chinese Bookie","The Killing of a Chinese Bookie",https://www.imdb.com/title/tt0074749/,Movie,7.2,135,1976,"Crime, Drama, Thriller",16550,1976-02-15,"John Cassavetes",,
868,tt1341338,2026-08-08,2026-08-08,,"Good Luck, Have Fun, Don't Die","Good Luck, Have Fun, Don't Die",https://www.imdb.com/title/tt1341338/,Movie,7.0,134,2025,"Action, Adventure, Comedy, Sci-Fi",69221,2026-02-13,"Gore Verbinski",,
869,tt0359950,2026-08-08,2026-08-08,,"The Secret Life of Walter Mitty","The Secret Life of Walter Mitty",https://www.imdb.com/title/tt0359950/,Movie,7.3,114,2013,"Adventure, Comedy, Drama, Fantasy, Romance",375460,2013-12-25,"Ben Stiller",,
